Rebar_Type,Rebar_tag,Bar_mark,Dia,Pos_x,Pos_y,Pos_z,Group,Concrete_element,Pos_Rotation,plan_rotation,Length of Bar,H,bent_up_down,bond_condition,lapping_bar,staggered,couplera,transition_couplera,rotation_xy_Plan,Length of Lap,Crank_step,Long_length,DC_Lap_Start,DC_Lap_Mid,DC_Tail_Length,qty_x,spacing_x,qty_y,spacing_y,length,c_length_a,c_length_b,feature,double_hook,Plane,Total Length
straight,,,25,249750,14967.1382,1943,GL23 Roof Starter,Floor:RC SLAB_1200 THK:3021005,180,,1680,,,,,,,,,,,,,,,,,,,,,,,,,
straight,,,25,249750,15131.315,1943,GL23 Roof Starter,Floor:RC SLAB_1200 THK:3021005,180,,1680,,,,,,,,,,,,,,,,,,,,,,,,,
straight,,,25,249750,15247.6045,1943,GL23 Roof Starter,Floor:RC SLAB_1200 THK:3021005,180,,1680,,,,,,,,,,,,,,,,,,,,,,,,,
straight,,,25,249750,15842.5435,1943,GL23 Roof Starter,Floor:RC SLAB_1200 THK:3021005,180,,1680,,,,,,,,,,,,,,,,,,,,,,,,,
straight,,,25,249750,15986.6424,1943,GL23 Roof Starter,Floor:RC SLAB_1200 THK:3021005,180,,1680,,,,,,,,,,,,,,,,,,,,,,,,,
straight,,,25,249750,16118.3881,1943,GL23 Roof Starter,Floor:RC SLAB_1200 THK:3021005,180,,1680,,,,,,,,,,,,,,,,,,,,,,,,,
straight,,,25,249750,16286.6494,1943,GL23 Roof Starter,Floor:RC SLAB_1200 THK:3021005,180,,1680,,,,,,,,,,,,,,,,,,,,,,,,,
straight,,,25,249750,16431.3412,1943,GL23 Roof Starter,Floor:RC SLAB_1200 THK:3021005,180,,1680,,,,,,,,,,,,,,,,,,,,,,,,,
straight,,,25,249750,16576.0331,1943,GL23 Roof Starter,Floor:RC SLAB_1200 THK:3021005,180,,1680,,,,,,,,,,,,,,,,,,,,,,,,,
straight,,,25,249750,16720.7249,1943,GL23 Roof Starter,Floor:RC SLAB_1200 THK:3021005,180,,1680,,,,,,,,,,,,,,,,,,,,,,,,,
straight,,,25,249750,14967.1382,1863,GL23 Roof Starter,Floor:RC SLAB_1200 THK:3021005,180,,1680,,,,,,,,,,,,,,,,,,,,,,,,,
straight,,,25,249750,15842.5435,1863,GL23 Roof Starter,Floor:RC SLAB_1200 THK:3021005,180,,1680,,,,,,,,,,,,,,,,,,,,,,,,,
straight,,,25,249750,16720.7249,1863,GL23 Roof Starter,Floor:RC SLAB_1200 THK:3021005,180,,1680,,,,,,,,,,,,,,,,,,,,,,,,,
straight,,,40,249750,14243.5857,1644,GL23 Roof Starter,Floor:RC SLAB_1200 THK:3021005,180,,1680,,,,,,,,,,,,,,,,,,,,,,,,,
straight,,,40,249750,14416.0017,1644,GL23 Roof Starter,Floor:RC SLAB_1200 THK:3021005,180,,1680,,,,,,,,,,,,,,,,,,,,,,,,,
straight,,,40,249750,14554.3688,1644,GL23 Roof Starter,Floor:RC SLAB_1200 THK:3021005,180,,1680,,,,,,,,,,,,,,,,,,,,,,,,,
straight,,,40,249750,14693.0069,1644,GL23 Roof Starter,Floor:RC SLAB_1200 THK:3021005,180,,1680,,,,,,,,,,,,,,,,,,,,,,,,,
straight,,,40,249750,14839.969,1644,GL23 Roof Starter,Floor:RC SLAB_1200 THK:3021005,180,,1680,,,,,,,,,,,,,,,,,,,,,,,,,
straight,,,40,249750,14967.1382,1644,GL23 Roof Starter,Floor:RC SLAB_1200 THK:3021005,180,,1680,,,,,,,,,,,,,,,,,,,,,,,,,
straight,,,40,249750,15131.315,1644,GL23 Roof Starter,Floor:RC SLAB_1200 THK:3021005,180,,1680,,,,,,,,,,,,,,,,,,,,,,,,,
straight,,,40,249750,15247.6045,1644,GL23 Roof Starter,Floor:RC SLAB_1200 THK:3021005,180,,1680,,,,,,,,,,,,,,,,,,,,,,,,,
straight,,,40,249750,15842.5435,1644,GL23 Roof Starter,Floor:RC SLAB_1200 THK:3021005,180,,1680,,,,,,,,,,,,,,,,,,,,,,,,,
straight,,,40,249750,15986.6424,1644,GL23 Roof Starter,Floor:RC SLAB_1200 THK:3021005,180,,1680,,,,,,,,,,,,,,,,,,,,,,,,,
straight,,,40,249750,16118.3881,1644,GL23 Roof Starter,Floor:RC SLAB_1200 THK:3021005,180,,1680,,,,,,,,,,,,,,,,,,,,,,,,,
straight,,,40,249750,16286.6494,1644,GL23 Roof Starter,Floor:RC SLAB_1200 THK:3021005,180,,1680,,,,,,,,,,,,,,,,,,,,,,,,,
straight,,,40,249750,16431.3412,1644,GL23 Roof Starter,Floor:RC SLAB_1200 THK:3021005,180,,1680,,,,,,,,,,,,,,,,,,,,,,,,,
straight,,,40,249750,16576.0331,1644,GL23 Roof Starter,Floor:RC SLAB_1200 THK:3021005,180,,1680,,,,,,,,,,,,,,,,,,,,,,,,,
straight,,,40,249750,16720.7249,1644,GL23 Roof Starter,Floor:RC SLAB_1200 THK:3021005,180,,1680,,,,,,,,,,,,,,,,,,,,,,,,,
straight,,,40,249750,14243.5857,1564,GL23 Roof Starter,Floor:RC SLAB_1200 THK:3021005,180,,1680,,,,,,,,,,,,,,,,,,,,,,,,,
straight,,,40,249750,14416.0017,1564,GL23 Roof Starter,Floor:RC SLAB_1200 THK:3021005,180,,1680,,,,,,,,,,,,,,,,,,,,,,,,,
straight,,,40,249750,14554.3688,1564,GL23 Roof Starter,Floor:RC SLAB_1200 THK:3021005,180,,1680,,,,,,,,,,,,,,,,,,,,,,,,,
straight,,,40,249750,14693.0069,1564,GL23 Roof Starter,Floor:RC SLAB_1200 THK:3021005,180,,1680,,,,,,,,,,,,,,,,,,,,,,,,,
straight,,,40,249750,14839.969,1564,GL23 Roof Starter,Floor:RC SLAB_1200 THK:3021005,180,,1680,,,,,,,,,,,,,,,,,,,,,,,,,
straight,,,40,249750,14967.1382,1564,GL23 Roof Starter,Floor:RC SLAB_1200 THK:3021005,180,,1680,,,,,,,,,,,,,,,,,,,,,,,,,
straight,,,40,249750,15131.315,1564,GL23 Roof Starter,Floor:RC SLAB_1200 THK:3021005,180,,1680,,,,,,,,,,,,,,,,,,,,,,,,,
straight,,,40,249750,15247.6045,1564,GL23 Roof Starter,Floor:RC SLAB_1200 THK:3021005,180,,1680,,,,,,,,,,,,,,,,,,,,,,,,,
straight,,,40,249750,15842.5435,1564,GL23 Roof Starter,Floor:RC SLAB_1200 THK:3021005,180,,1680,,,,,,,,,,,,,,,,,,,,,,,,,
straight,,,40,249750,15986.6424,1564,GL23 Roof Starter,Floor:RC SLAB_1200 THK:3021005,180,,1680,,,,,,,,,,,,,,,,,,,,,,,,,
straight,,,40,249750,16118.3881,1564,GL23 Roof Starter,Floor:RC SLAB_1200 THK:3021005,180,,1680,,,,,,,,,,,,,,,,,,,,,,,,,
straight,,,40,249750,16286.6494,1564,GL23 Roof Starter,Floor:RC SLAB_1200 THK:3021005,180,,1680,,,,,,,,,,,,,,,,,,,,,,,,,
straight,,,40,249750,16431.3412,1564,GL23 Roof Starter,Floor:RC SLAB_1200 THK:3021005,180,,1680,,,,,,,,,,,,,,,,,,,,,,,,,
straight,,,40,249750,16720.7249,1564,GL23 Roof Starter,Floor:RC SLAB_1200 THK:3021005,180,,1680,,,,,,,,,,,,,,,,,,,,,,,,,
straight,,,40,249750,14243.5857,1484,GL23 Roof Starter,Floor:RC SLAB_1200 THK:3021005,180,,1680,,,,,,,,,,,,,,,,,,,,,,,,,
straight,,,40,249750,14416.0017,1484,GL23 Roof Starter,Floor:RC SLAB_1200 THK:3021005,180,,1680,,,,,,,,,,,,,,,,,,,,,,,,,
straight,,,40,249750,14554.3688,1484,GL23 Roof Starter,Floor:RC SLAB_1200 THK:3021005,180,,1680,,,,,,,,,,,,,,,,,,,,,,,,,
straight,,,40,249750,14839.969,1484,GL23 Roof Starter,Floor:RC SLAB_1200 THK:3021005,180,,1680,,,,,,,,,,,,,,,,,,,,,,,,,
straight,,,40,249750,14967.1382,1484,GL23 Roof Starter,Floor:RC SLAB_1200 THK:3021005,180,,1680,,,,,,,,,,,,,,,,,,,,,,,,,
straight,,,40,249750,15131.315,1484,GL23 Roof Starter,Floor:RC SLAB_1200 THK:3021005,180,,1680,,,,,,,,,,,,,,,,,,,,,,,,,
straight,,,40,249750,15247.6045,1484,GL23 Roof Starter,Floor:RC SLAB_1200 THK:3021005,180,,1680,,,,,,,,,,,,,,,,,,,,,,,,,
straight,,,40,249750,15842.5435,1484,GL23 Roof Starter,Floor:RC SLAB_1200 THK:3021005,180,,1680,,,,,,,,,,,,,,,,,,,,,,,,,
straight,,,40,249750,15986.6424,1484,GL23 Roof Starter,Floor:RC SLAB_1200 THK:3021005,180,,1680,,,,,,,,,,,,,,,,,,,,,,,,,
straight,,,40,249750,16118.3881,1484,GL23 Roof Starter,Floor:RC SLAB_1200 THK:3021005,180,,1680,,,,,,,,,,,,,,,,,,,,,,,,,
straight,,,40,249750,16431.3412,1484,GL23 Roof Starter,Floor:RC SLAB_1200 THK:3021005,180,,1680,,,,,,,,,,,,,,,,,,,,,,,,,
straight,,,40,249750,16720.7249,1484,GL23 Roof Starter,Floor:RC SLAB_1200 THK:3021005,180,,1680,,,,,,,,,,,,,,,,,,,,,,,,,
straight,,,40,249750,14243.5857,1404,GL23 Roof Starter,Floor:RC SLAB_1200 THK:3021005,180,,1680,,,,,,,,,,,,,,,,,,,,,,,,,
straight,,,40,249750,14243.5857,702,GL23 Roof Starter,Floor:RC SLAB_1200 THK:3021005,180,,1680,,,,,,,,,,,,,,,,,,,,,,,,,
straight,,,40,249750,14416.0017,702,GL23 Roof Starter,Floor:RC SLAB_1200 THK:3021005,180,,1680,,,,,,,,,,,,,,,,,,,,,,,,,
straight,,,40,249750,14554.3688,702,GL23 Roof Starter,Floor:RC SLAB_1200 THK:3021005,180,,1680,,,,,,,,,,,,,,,,,,,,,,,,,
straight,,,40,249750,15131.315,702,GL23 Roof Starter,Floor:RC SLAB_1200 THK:3021005,180,,1680,,,,,,,,,,,,,,,,,,,,,,,,,
straight,,,40,249750,15986.6424,702,GL23 Roof Starter,Floor:RC SLAB_1200 THK:3021005,180,,1680,,,,,,,,,,,,,,,,,,,,,,,,,
straight,,,40,249750,16118.3881,702,GL23 Roof Starter,Floor:RC SLAB_1200 THK:3021005,180,,1680,,,,,,,,,,,,,,,,,,,,,,,,,
straight,,,40,249750,16720.7249,702,GL23 Roof Starter,Floor:RC SLAB_1200 THK:3021005,180,,1680,,,,,,,,,,,,,,,,,,,,,,,,,
straight,,,40,249750,14243.5857,616,GL23 Roof Starter,Floor:RC SLAB_1200 THK:3021005,180,,1680,,,,,,,,,,,,,,,,,,,,,,,,,
straight,,,40,249750,14416.0017,616,GL23 Roof Starter,Floor:RC SLAB_1200 THK:3021005,180,,1680,,,,,,,,,,,,,,,,,,,,,,,,,
straight,,,40,249750,14554.3688,616,GL23 Roof Starter,Floor:RC SLAB_1200 THK:3021005,180,,1680,,,,,,,,,,,,,,,,,,,,,,,,,
straight,,,40,249750,14693.0069,616,GL23 Roof Starter,Floor:RC SLAB_1200 THK:3021005,180,,1680,,,,,,,,,,,,,,,,,,,,,,,,,
straight,,,40,249750,14839.969,616,GL23 Roof Starter,Floor:RC SLAB_1200 THK:3021005,180,,1680,,,,,,,,,,,,,,,,,,,,,,,,,
straight,,,40,249750,14967.1382,616,GL23 Roof Starter,Floor:RC SLAB_1200 THK:3021005,180,,1680,,,,,,,,,,,,,,,,,,,,,,,,,
straight,,,40,249750,15131.315,616,GL23 Roof Starter,Floor:RC SLAB_1200 THK:3021005,180,,1680,,,,,,,,,,,,,,,,,,,,,,,,,
straight,,,40,249750,15247.6045,616,GL23 Roof Starter,Floor:RC SLAB_1200 THK:3021005,180,,1680,,,,,,,,,,,,,,,,,,,,,,,,,
straight,,,40,249750,15842.5435,616,GL23 Roof Starter,Floor:RC SLAB_1200 THK:3021005,180,,1680,,,,,,,,,,,,,,,,,,,,,,,,,
straight,,,40,249750,15986.6424,616,GL23 Roof Starter,Floor:RC SLAB_1200 THK:3021005,180,,1680,,,,,,,,,,,,,,,,,,,,,,,,,
straight,,,40,249750,16118.3881,616,GL23 Roof Starter,Floor:RC SLAB_1200 THK:3021005,180,,1680,,,,,,,,,,,,,,,,,,,,,,,,,
straight,,,40,249750,16286.6494,616,GL23 Roof Starter,Floor:RC SLAB_1200 THK:3021005,180,,1680,,,,,,,,,,,,,,,,,,,,,,,,,
straight,,,40,249750,16431.3412,616,GL23 Roof Starter,Floor:RC SLAB_1200 THK:3021005,180,,1680,,,,,,,,,,,,,,,,,,,,,,,,,
straight,,,40,249750,16576.0331,616,GL23 Roof Starter,Floor:RC SLAB_1200 THK:3021005,180,,1680,,,,,,,,,,,,,,,,,,,,,,,,,
straight,,,40,249750,16720.7249,616,GL23 Roof Starter,Floor:RC SLAB_1200 THK:3021005,180,,1680,,,,,,,,,,,,,,,,,,,,,,,,,
straight,,,40,249750,14123.5456,1589,GL23 Roof Starter,Floor:RC SLAB_1200 THK:3021005,180,,1680,,,,,,,,,,,,,,,,,,,,,,,,,
straight,,,40,249750,14123.5456,1489,GL23 Roof Starter,Floor:RC SLAB_1200 THK:3021005,180,,1680,,,,,,,,,,,,,,,,,,,,,,,,,
straight,,,40,249750,14123.5456,1389,GL23 Roof Starter,Floor:RC SLAB_1200 THK:3021005,180,,1680,,,,,,,,,,,,,,,,,,,,,,,,,
straight,,,40,249750,14123.5456,1289,GL23 Roof Starter,Floor:RC SLAB_1200 THK:3021005,180,,1680,,,,,,,,,,,,,,,,,,,,,,,,,
straight,,,40,249750,14123.5456,1189,GL23 Roof Starter,Floor:RC SLAB_1200 THK:3021005,180,,1680,,,,,,,,,,,,,,,,,,,,,,,,,
straight,,,40,249750,14123.5456,1089,GL23 Roof Starter,Floor:RC SLAB_1200 THK:3021005,180,,1680,,,,,,,,,,,,,,,,,,,,,,,,,
straight,,,40,249750,14123.5456,656,GL23 Roof Starter,Floor:RC SLAB_1200 THK:3021005,180,,1680,,,,,,,,,,,,,,,,,,,,,,,,,
straight,,,40,249750,13978.4721,1589,GL23 Roof Starter,Floor:RC SLAB_1200 THK:3021005,180,,1680,,,,,,,,,,,,,,,,,,,,,,,,,
straight,,,40,249750,13978.4721,1489,GL23 Roof Starter,Floor:RC SLAB_1200 THK:3021005,180,,1680,,,,,,,,,,,,,,,,,,,,,,,,,
straight,,,40,249750,13978.4721,1389,GL23 Roof Starter,Floor:RC SLAB_1200 THK:3021005,180,,1680,,,,,,,,,,,,,,,,,,,,,,,,,
straight,,,40,249750,13978.4721,1289,GL23 Roof Starter,Floor:RC SLAB_1200 THK:3021005,180,,1680,,,,,,,,,,,,,,,,,,,,,,,,,
straight,,,40,249750,13978.4721,1189,GL23 Roof Starter,Floor:RC SLAB_1200 THK:3021005,180,,1680,,,,,,,,,,,,,,,,,,,,,,,,,
straight,,,40,249750,13978.4721,1089,GL23 Roof Starter,Floor:RC SLAB_1200 THK:3021005,180,,1680,,,,,,,,,,,,,,,,,,,,,,,,,
straight,,,40,249750,13978.4721,656,GL23 Roof Starter,Floor:RC SLAB_1200 THK:3021005,180,,1680,,,,,,,,,,,,,,,,,,,,,,,,,
straight,,,40,250750,14123.5456,1589,GL23 Roof Starter,Floor:RC SLAB_1200 THK:3021005,180,,1680,,,,,,,,,,,,,,,,,,,,,,,,,
straight,,,40,250750,14123.5456,1489,GL23 Roof Starter,Floor:RC SLAB_1200 THK:3021005,180,,1680,,,,,,,,,,,,,,,,,,,,,,,,,
straight,,,40,250750,14123.5456,1389,GL23 Roof Starter,Floor:RC SLAB_1200 THK:3021005,180,,1680,,,,,,,,,,,,,,,,,,,,,,,,,
straight,,,40,250750,14123.5456,1289,GL23 Roof Starter,Floor:RC SLAB_1200 THK:3021005,180,,1680,,,,,,,,,,,,,,,,,,,,,,,,,
straight,,,40,250750,14123.5456,1189,GL23 Roof Starter,Floor:RC SLAB_1200 THK:3021005,180,,1680,,,,,,,,,,,,,,,,,,,,,,,,,
straight,,,40,250750,14123.5456,1089,GL23 Roof Starter,Floor:RC SLAB_1200 THK:3021005,180,,1680,,,,,,,,,,,,,,,,,,,,,,,,,
straight,,,40,250750,14123.5456,656,GL23 Roof Starter,Floor:RC SLAB_1200 THK:3021005,180,,1680,,,,,,,,,,,,,,,,,,,,,,,,,
straight,,,40,250750,13978.4721,1589,GL23 Roof Starter,Floor:RC SLAB_1200 THK:3021005,180,,1680,,,,,,,,,,,,,,,,,,,,,,,,,
straight,,,40,250750,13978.4721,1489,GL23 Roof Starter,Floor:RC SLAB_1200 THK:3021005,180,,1680,,,,,,,,,,,,,,,,,,,,,,,,,
straight,,,40,250750,13978.4721,1389,GL23 Roof Starter,Floor:RC SLAB_1200 THK:3021005,180,,1680,,,,,,,,,,,,,,,,,,,,,,,,,
straight,,,40,250750,13978.4721,1289,GL23 Roof Starter,Floor:RC SLAB_1200 THK:3021005,180,,1680,,,,,,,,,,,,,,,,,,,,,,,,,
straight,,,40,250750,13978.4721,1189,GL23 Roof Starter,Floor:RC SLAB_1200 THK:3021005,180,,1680,,,,,,,,,,,,,,,,,,,,,,,,,
straight,,,40,250750,13978.4721,1089,GL23 Roof Starter,Floor:RC SLAB_1200 THK:3021005,180,,1680,,,,,,,,,,,,,,,,,,,,,,,,,
straight,,,40,250750,13978.4721,656,GL23 Roof Starter,Floor:RC SLAB_1200 THK:3021005,180,,1680,,,,,,,,,,,,,,,,,,,,,,,,,
straight,,,25,249750,17756.576,1943,GL23 Roof Starter,Floor:RC SLAB_1200 THK:3021005,180,,1680,,,,,,,,,,,,,,,,,,,,,,,,,
straight,,,25,249750,17896.9148,1943,GL23 Roof Starter,Floor:RC SLAB_1200 THK:3021005,180,,1680,,,,,,,,,,,,,,,,,,,,,,,,,
straight,,,25,249750,18047.5904,1943,GL23 Roof Starter,Floor:RC SLAB_1200 THK:3021005,180,,1680,,,,,,,,,,,,,,,,,,,,,,,,,
straight,,,25,249750,18197.2464,1943,GL23 Roof Starter,Floor:RC SLAB_1200 THK:3021005,180,,1680,,,,,,,,,,,,,,,,,,,,,,,,,
straight,,,25,249750,18366.7675,1943,GL23 Roof Starter,Floor:RC SLAB_1200 THK:3021005,180,,1680,,,,,,,,,,,,,,,,,,,,,,,,,
straight,,,25,249750,18995.2195,1943,GL23 Roof Starter,Floor:RC SLAB_1200 THK:3021005,180,,1680,,,,,,,,,,,,,,,,,,,,,,,,,
straight,,,25,249750,19147.6357,1943,GL23 Roof Starter,Floor:RC SLAB_1200 THK:3021005,180,,1680,,,,,,,,,,,,,,,,,,,,,,,,,
straight,,,25,249750,19299.0762,1943,GL23 Roof Starter,Floor:RC SLAB_1200 THK:3021005,180,,1680,,,,,,,,,,,,,,,,,,,,,,,,,
straight,,,25,249750,19449.708,1943,GL23 Roof Starter,Floor:RC SLAB_1200 THK:3021005,180,,1680,,,,,,,,,,,,,,,,,,,,,,,,,
straight,,,25,249750,19972.5623,1943,GL23 Roof Starter,Floor:RC SLAB_1200 THK:3021005,180,,1680,,,,,,,,,,,,,,,,,,,,,,,,,
straight,,,25,249750,20122.9936,1943,GL23 Roof Starter,Floor:RC SLAB_1200 THK:3021005,180,,1680,,,,,,,,,,,,,,,,,,,,,,,,,
straight,,,25,249750,20274.0767,1943,GL23 Roof Starter,Floor:RC SLAB_1200 THK:3021005,180,,1680,,,,,,,,,,,,,,,,,,,,,,,,,
straight,,,25,249750,20423.4694,1943,GL23 Roof Starter,Floor:RC SLAB_1200 THK:3021005,180,,1680,,,,,,,,,,,,,,,,,,,,,,,,,
straight,,,25,249750,20575.8585,1943,GL23 Roof Starter,Floor:RC SLAB_1200 THK:3021005,180,,1680,,,,,,,,,,,,,,,,,,,,,,,,,
straight,,,25,249750,21218.6132,1943,GL23 Roof Starter,Floor:RC SLAB_1200 THK:3021005,180,,1680,,,,,,,,,,,,,,,,,,,,,,,,,
straight,,,25,249750,21371.0295,1943,GL23 Roof Starter,Floor:RC SLAB_1200 THK:3021005,180,,1680,,,,,,,,,,,,,,,,,,,,,,,,,
straight,,,25,249750,21523.2995,1943,GL23 Roof Starter,Floor:RC SLAB_1200 THK:3021005,180,,1680,,,,,,,,,,,,,,,,,,,,,,,,,
straight,,,25,249750,21673.1017,1943,GL23 Roof Starter,Floor:RC SLAB_1200 THK:3021005,180,,1680,,,,,,,,,,,,,,,,,,,,,,,,,
straight,,,25,249750,17756.576,1863,GL23 Roof Starter,Floor:RC SLAB_1200 THK:3021005,180,,1680,,,,,,,,,,,,,,,,,,,,,,,,,
straight,,,25,249750,17896.9148,1863,GL23 Roof Starter,Floor:RC SLAB_1200 THK:3021005,180,,1680,,,,,,,,,,,,,,,,,,,,,,,,,
straight,,,25,249750,18197.2464,1863,GL23 Roof Starter,Floor:RC SLAB_1200 THK:3021005,180,,1680,,,,,,,,,,,,,,,,,,,,,,,,,
straight,,,25,249750,18366.7675,1863,GL23 Roof Starter,Floor:RC SLAB_1200 THK:3021005,180,,1680,,,,,,,,,,,,,,,,,,,,,,,,,
straight,,,25,249750,18995.2195,1863,GL23 Roof Starter,Floor:RC SLAB_1200 THK:3021005,180,,1680,,,,,,,,,,,,,,,,,,,,,,,,,
straight,,,25,249750,19299.0762,1863,GL23 Roof Starter,Floor:RC SLAB_1200 THK:3021005,180,,1680,,,,,,,,,,,,,,,,,,,,,,,,,
straight,,,25,249750,19449.708,1863,GL23 Roof Starter,Floor:RC SLAB_1200 THK:3021005,180,,1680,,,,,,,,,,,,,,,,,,,,,,,,,
straight,,,25,249750,19972.5623,1863,GL23 Roof Starter,Floor:RC SLAB_1200 THK:3021005,180,,1680,,,,,,,,,,,,,,,,,,,,,,,,,
straight,,,25,249750,20122.9936,1863,GL23 Roof Starter,Floor:RC SLAB_1200 THK:3021005,180,,1680,,,,,,,,,,,,,,,,,,,,,,,,,
straight,,,25,249750,20423.4694,1863,GL23 Roof Starter,Floor:RC SLAB_1200 THK:3021005,180,,1680,,,,,,,,,,,,,,,,,,,,,,,,,
straight,,,25,249750,20575.8585,1863,GL23 Roof Starter,Floor:RC SLAB_1200 THK:3021005,180,,1680,,,,,,,,,,,,,,,,,,,,,,,,,
straight,,,25,249750,21218.6132,1863,GL23 Roof Starter,Floor:RC SLAB_1200 THK:3021005,180,,1680,,,,,,,,,,,,,,,,,,,,,,,,,
straight,,,25,249750,21523.2995,1863,GL23 Roof Starter,Floor:RC SLAB_1200 THK:3021005,180,,1680,,,,,,,,,,,,,,,,,,,,,,,,,
straight,,,25,249750,21673.1017,1863,GL23 Roof Starter,Floor:RC SLAB_1200 THK:3021005,180,,1680,,,,,,,,,,,,,,,,,,,,,,,,,
straight,,,40,249750,17756.576,1599,GL23 Roof Starter,Floor:RC SLAB_1200 THK:3021005,180,,1680,,,,,,,,,,,,,,,,,,,,,,,,,
straight,,,40,249750,17896.9148,1599,GL23 Roof Starter,Floor:RC SLAB_1200 THK:3021005,180,,1680,,,,,,,,,,,,,,,,,,,,,,,,,
straight,,,40,249750,18047.5904,1599,GL23 Roof Starter,Floor:RC SLAB_1200 THK:3021005,180,,1680,,,,,,,,,,,,,,,,,,,,,,,,,
straight,,,40,249750,18197.2464,1599,GL23 Roof Starter,Floor:RC SLAB_1200 THK:3021005,180,,1680,,,,,,,,,,,,,,,,,,,,,,,,,
straight,,,40,249750,18366.7675,1599,GL23 Roof Starter,Floor:RC SLAB_1200 THK:3021005,180,,1680,,,,,,,,,,,,,,,,,,,,,,,,,
straight,,,40,249750,18995.2195,1599,GL23 Roof Starter,Floor:RC SLAB_1200 THK:3021005,180,,1680,,,,,,,,,,,,,,,,,,,,,,,,,
straight,,,40,249750,19147.6357,1599,GL23 Roof Starter,Floor:RC SLAB_1200 THK:3021005,180,,1680,,,,,,,,,,,,,,,,,,,,,,,,,
straight,,,40,249750,19299.0762,1599,GL23 Roof Starter,Floor:RC SLAB_1200 THK:3021005,180,,1680,,,,,,,,,,,,,,,,,,,,,,,,,
straight,,,40,249750,19449.708,1599,GL23 Roof Starter,Floor:RC SLAB_1200 THK:3021005,180,,1680,,,,,,,,,,,,,,,,,,,,,,,,,
straight,,,40,249750,19972.5623,1599,GL23 Roof Starter,Floor:RC SLAB_1200 THK:3021005,180,,1680,,,,,,,,,,,,,,,,,,,,,,,,,
straight,,,40,249750,20122.9936,1599,GL23 Roof Starter,Floor:RC SLAB_1200 THK:3021005,180,,1680,,,,,,,,,,,,,,,,,,,,,,,,,
straight,,,40,249750,20274.0767,1599,GL23 Roof Starter,Floor:RC SLAB_1200 THK:3021005,180,,1680,,,,,,,,,,,,,,,,,,,,,,,,,
straight,,,40,249750,20423.4694,1599,GL23 Roof Starter,Floor:RC SLAB_1200 THK:3021005,180,,1680,,,,,,,,,,,,,,,,,,,,,,,,,
straight,,,40,249750,20575.8585,1599,GL23 Roof Starter,Floor:RC SLAB_1200 THK:3021005,180,,1680,,,,,,,,,,,,,,,,,,,,,,,,,
straight,,,40,249750,21218.6132,1599,GL23 Roof Starter,Floor:RC SLAB_1200 THK:3021005,180,,1680,,,,,,,,,,,,,,,,,,,,,,,,,
straight,,,40,249750,21371.0295,1599,GL23 Roof Starter,Floor:RC SLAB_1200 THK:3021005,180,,1680,,,,,,,,,,,,,,,,,,,,,,,,,
straight,,,40,249750,21523.2995,1599,GL23 Roof Starter,Floor:RC SLAB_1200 THK:3021005,180,,1680,,,,,,,,,,,,,,,,,,,,,,,,,
straight,,,40,249750,21673.1017,1599,GL23 Roof Starter,Floor:RC SLAB_1200 THK:3021005,180,,1680,,,,,,,,,,,,,,,,,,,,,,,,,
straight,,,40,249750,17756.576,1519,GL23 Roof Starter,Floor:RC SLAB_1200 THK:3021005,180,,1680,,,,,,,,,,,,,,,,,,,,,,,,,
straight,,,40,249750,17896.9148,1519,GL23 Roof Starter,Floor:RC SLAB_1200 THK:3021005,180,,1680,,,,,,,,,,,,,,,,,,,,,,,,,
straight,,,40,249750,18047.5904,1519,GL23 Roof Starter,Floor:RC SLAB_1200 THK:3021005,180,,1680,,,,,,,,,,,,,,,,,,,,,,,,,
straight,,,40,249750,18197.2464,1519,GL23 Roof Starter,Floor:RC SLAB_1200 THK:3021005,180,,1680,,,,,,,,,,,,,,,,,,,,,,,,,
straight,,,40,249750,18366.7675,1519,GL23 Roof Starter,Floor:RC SLAB_1200 THK:3021005,180,,1680,,,,,,,,,,,,,,,,,,,,,,,,,
straight,,,40,249750,18995.2195,1519,GL23 Roof Starter,Floor:RC SLAB_1200 THK:3021005,180,,1680,,,,,,,,,,,,,,,,,,,,,,,,,
straight,,,40,249750,19147.6357,1519,GL23 Roof Starter,Floor:RC SLAB_1200 THK:3021005,180,,1680,,,,,,,,,,,,,,,,,,,,,,,,,
straight,,,40,249750,19299.0762,1519,GL23 Roof Starter,Floor:RC SLAB_1200 THK:3021005,180,,1680,,,,,,,,,,,,,,,,,,,,,,,,,
straight,,,40,249750,19449.708,1519,GL23 Roof Starter,Floor:RC SLAB_1200 THK:3021005,180,,1680,,,,,,,,,,,,,,,,,,,,,,,,,
straight,,,40,249750,19972.5623,1519,GL23 Roof Starter,Floor:RC SLAB_1200 THK:3021005,180,,1680,,,,,,,,,,,,,,,,,,,,,,,,,
straight,,,40,249750,20122.9936,1519,GL23 Roof Starter,Floor:RC SLAB_1200 THK:3021005,180,,1680,,,,,,,,,,,,,,,,,,,,,,,,,
straight,,,40,249750,20274.0767,1519,GL23 Roof Starter,Floor:RC SLAB_1200 THK:3021005,180,,1680,,,,,,,,,,,,,,,,,,,,,,,,,
straight,,,40,249750,20423.4694,1519,GL23 Roof Starter,Floor:RC SLAB_1200 THK:3021005,180,,1680,,,,,,,,,,,,,,,,,,,,,,,,,
straight,,,40,249750,20575.8585,1519,GL23 Roof Starter,Floor:RC SLAB_1200 THK:3021005,180,,1680,,,,,,,,,,,,,,,,,,,,,,,,,
straight,,,40,249750,21218.6132,1519,GL23 Roof Starter,Floor:RC SLAB_1200 THK:3021005,180,,1680,,,,,,,,,,,,,,,,,,,,,,,,,
straight,,,40,249750,21371.0295,1519,GL23 Roof Starter,Floor:RC SLAB_1200 THK:3021005,180,,1680,,,,,,,,,,,,,,,,,,,,,,,,,
straight,,,40,249750,21523.2995,1519,GL23 Roof Starter,Floor:RC SLAB_1200 THK:3021005,180,,1680,,,,,,,,,,,,,,,,,,,,,,,,,
straight,,,40,249750,21673.1017,1519,GL23 Roof Starter,Floor:RC SLAB_1200 THK:3021005,180,,1680,,,,,,,,,,,,,,,,,,,,,,,,,
straight,,,40,249750,17756.576,1439,GL23 Roof Starter,Floor:RC SLAB_1200 THK:3021005,180,,1680,,,,,,,,,,,,,,,,,,,,,,,,,
straight,,,40,249750,17896.9148,1439,GL23 Roof Starter,Floor:RC SLAB_1200 THK:3021005,180,,1680,,,,,,,,,,,,,,,,,,,,,,,,,
straight,,,40,249750,18047.5904,1439,GL23 Roof Starter,Floor:RC SLAB_1200 THK:3021005,180,,1680,,,,,,,,,,,,,,,,,,,,,,,,,
straight,,,40,249750,18197.2464,1439,GL23 Roof Starter,Floor:RC SLAB_1200 THK:3021005,180,,1680,,,,,,,,,,,,,,,,,,,,,,,,,
straight,,,40,249750,18366.7675,1439,GL23 Roof Starter,Floor:RC SLAB_1200 THK:3021005,180,,1680,,,,,,,,,,,,,,,,,,,,,,,,,
straight,,,40,249750,18995.2195,1439,GL23 Roof Starter,Floor:RC SLAB_1200 THK:3021005,180,,1680,,,,,,,,,,,,,,,,,,,,,,,,,
straight,,,40,249750,19147.6357,1439,GL23 Roof Starter,Floor:RC SLAB_1200 THK:3021005,180,,1680,,,,,,,,,,,,,,,,,,,,,,,,,
straight,,,40,249750,19299.0762,1439,GL23 Roof Starter,Floor:RC SLAB_1200 THK:3021005,180,,1680,,,,,,,,,,,,,,,,,,,,,,,,,
straight,,,40,249750,19449.708,1439,GL23 Roof Starter,Floor:RC SLAB_1200 THK:3021005,180,,1680,,,,,,,,,,,,,,,,,,,,,,,,,
straight,,,40,249750,19972.5623,1439,GL23 Roof Starter,Floor:RC SLAB_1200 THK:3021005,180,,1680,,,,,,,,,,,,,,,,,,,,,,,,,
straight,,,40,249750,20122.9936,1439,GL23 Roof Starter,Floor:RC SLAB_1200 THK:3021005,180,,1680,,,,,,,,,,,,,,,,,,,,,,,,,
straight,,,40,249750,20274.0767,1439,GL23 Roof Starter,Floor:RC SLAB_1200 THK:3021005,180,,1680,,,,,,,,,,,,,,,,,,,,,,,,,
straight,,,40,249750,20423.4694,1439,GL23 Roof Starter,Floor:RC SLAB_1200 THK:3021005,180,,1680,,,,,,,,,,,,,,,,,,,,,,,,,
straight,,,40,249750,20575.8585,1439,GL23 Roof Starter,Floor:RC SLAB_1200 THK:3021005,180,,1680,,,,,,,,,,,,,,,,,,,,,,,,,
straight,,,40,249750,21218.6132,1439,GL23 Roof Starter,Floor:RC SLAB_1200 THK:3021005,180,,1680,,,,,,,,,,,,,,,,,,,,,,,,,
straight,,,40,249750,21371.0295,1439,GL23 Roof Starter,Floor:RC SLAB_1200 THK:3021005,180,,1680,,,,,,,,,,,,,,,,,,,,,,,,,
straight,,,40,249750,21523.2995,1439,GL23 Roof Starter,Floor:RC SLAB_1200 THK:3021005,180,,1680,,,,,,,,,,,,,,,,,,,,,,,,,
straight,,,40,249750,21673.1017,1439,GL23 Roof Starter,Floor:RC SLAB_1200 THK:3021005,180,,1680,,,,,,,,,,,,,,,,,,,,,,,,,
straight,,,40,249750,17756.576,1359,GL23 Roof Starter,Floor:RC SLAB_1200 THK:3021005,180,,1680,,,,,,,,,,,,,,,,,,,,,,,,,
straight,,,40,249750,17896.9148,1359,GL23 Roof Starter,Floor:RC SLAB_1200 THK:3021005,180,,1680,,,,,,,,,,,,,,,,,,,,,,,,,
straight,,,40,249750,18047.5904,1359,GL23 Roof Starter,Floor:RC SLAB_1200 THK:3021005,180,,1680,,,,,,,,,,,,,,,,,,,,,,,,,
straight,,,40,249750,18366.7675,1359,GL23 Roof Starter,Floor:RC SLAB_1200 THK:3021005,180,,1680,,,,,,,,,,,,,,,,,,,,,,,,,
straight,,,40,249750,18995.2195,1359,GL23 Roof Starter,Floor:RC SLAB_1200 THK:3021005,180,,1680,,,,,,,,,,,,,,,,,,,,,,,,,
straight,,,40,249750,19147.6357,1359,GL23 Roof Starter,Floor:RC SLAB_1200 THK:3021005,180,,1680,,,,,,,,,,,,,,,,,,,,,,,,,
straight,,,40,249750,19449.708,1359,GL23 Roof Starter,Floor:RC SLAB_1200 THK:3021005,180,,1680,,,,,,,,,,,,,,,,,,,,,,,,,
straight,,,40,249750,19972.5623,1359,GL23 Roof Starter,Floor:RC SLAB_1200 THK:3021005,180,,1680,,,,,,,,,,,,,,,,,,,,,,,,,
straight,,,40,249750,20122.9936,1359,GL23 Roof Starter,Floor:RC SLAB_1200 THK:3021005,180,,1680,,,,,,,,,,,,,,,,,,,,,,,,,
straight,,,40,249750,20575.8585,1359,GL23 Roof Starter,Floor:RC SLAB_1200 THK:3021005,180,,1680,,,,,,,,,,,,,,,,,,,,,,,,,
straight,,,40,249750,21218.6132,1359,GL23 Roof Starter,Floor:RC SLAB_1200 THK:3021005,180,,1680,,,,,,,,,,,,,,,,,,,,,,,,,
straight,,,40,249750,21371.0295,1359,GL23 Roof Starter,Floor:RC SLAB_1200 THK:3021005,180,,1680,,,,,,,,,,,,,,,,,,,,,,,,,
straight,,,40,249750,21673.1017,1359,GL23 Roof Starter,Floor:RC SLAB_1200 THK:3021005,180,,1680,,,,,,,,,,,,,,,,,,,,,,,,,
straight,,,40,249750,17756.576,736,GL23 Roof Starter,Floor:RC SLAB_1200 THK:3021005,180,,1680,,,,,,,,,,,,,,,,,,,,,,,,,
straight,,,40,249750,17896.9148,736,GL23 Roof Starter,Floor:RC SLAB_1200 THK:3021005,180,,1680,,,,,,,,,,,,,,,,,,,,,,,,,
straight,,,40,249750,18197.2464,736,GL23 Roof Starter,Floor:RC SLAB_1200 THK:3021005,180,,1680,,,,,,,,,,,,,,,,,,,,,,,,,
straight,,,40,249750,18366.7675,736,GL23 Roof Starter,Floor:RC SLAB_1200 THK:3021005,180,,1680,,,,,,,,,,,,,,,,,,,,,,,,,
straight,,,40,249750,18995.2195,736,GL23 Roof Starter,Floor:RC SLAB_1200 THK:3021005,180,,1680,,,,,,,,,,,,,,,,,,,,,,,,,
straight,,,40,249750,19299.0762,736,GL23 Roof Starter,Floor:RC SLAB_1200 THK:3021005,180,,1680,,,,,,,,,,,,,,,,,,,,,,,,,
straight,,,40,249750,19449.708,736,GL23 Roof Starter,Floor:RC SLAB_1200 THK:3021005,180,,1680,,,,,,,,,,,,,,,,,,,,,,,,,
straight,,,40,249750,19972.5623,736,GL23 Roof Starter,Floor:RC SLAB_1200 THK:3021005,180,,1680,,,,,,,,,,,,,,,,,,,,,,,,,
straight,,,40,249750,20122.9936,736,GL23 Roof Starter,Floor:RC SLAB_1200 THK:3021005,180,,1680,,,,,,,,,,,,,,,,,,,,,,,,,
straight,,,40,249750,20423.4694,736,GL23 Roof Starter,Floor:RC SLAB_1200 THK:3021005,180,,1680,,,,,,,,,,,,,,,,,,,,,,,,,
straight,,,40,249750,20575.8585,736,GL23 Roof Starter,Floor:RC SLAB_1200 THK:3021005,180,,1680,,,,,,,,,,,,,,,,,,,,,,,,,
straight,,,40,249750,21218.6132,736,GL23 Roof Starter,Floor:RC SLAB_1200 THK:3021005,180,,1680,,,,,,,,,,,,,,,,,,,,,,,,,
straight,,,40,249750,21523.2995,736,GL23 Roof Starter,Floor:RC SLAB_1200 THK:3021005,180,,1680,,,,,,,,,,,,,,,,,,,,,,,,,
straight,,,40,249750,21673.1017,736,GL23 Roof Starter,Floor:RC SLAB_1200 THK:3021005,180,,1680,,,,,,,,,,,,,,,,,,,,,,,,,
straight,,,40,249750,17756.576,656,GL23 Roof Starter,Floor:RC SLAB_1200 THK:3021005,180,,1680,,,,,,,,,,,,,,,,,,,,,,,,,
straight,,,40,249750,17896.9148,656,GL23 Roof Starter,Floor:RC SLAB_1200 THK:3021005,180,,1680,,,,,,,,,,,,,,,,,,,,,,,,,
straight,,,40,249750,18047.5904,656,GL23 Roof Starter,Floor:RC SLAB_1200 THK:3021005,180,,1680,,,,,,,,,,,,,,,,,,,,,,,,,
straight,,,40,249750,18197.2464,656,GL23 Roof Starter,Floor:RC SLAB_1200 THK:3021005,180,,1680,,,,,,,,,,,,,,,,,,,,,,,,,
straight,,,40,249750,18366.7675,656,GL23 Roof Starter,Floor:RC SLAB_1200 THK:3021005,180,,1680,,,,,,,,,,,,,,,,,,,,,,,,,
straight,,,40,249750,18995.2195,656,GL23 Roof Starter,Floor:RC SLAB_1200 THK:3021005,180,,1680,,,,,,,,,,,,,,,,,,,,,,,,,
straight,,,40,249750,19147.6357,656,GL23 Roof Starter,Floor:RC SLAB_1200 THK:3021005,180,,1680,,,,,,,,,,,,,,,,,,,,,,,,,
straight,,,40,249750,19299.0762,656,GL23 Roof Starter,Floor:RC SLAB_1200 THK:3021005,180,,1680,,,,,,,,,,,,,,,,,,,,,,,,,
straight,,,40,249750,19449.708,656,GL23 Roof Starter,Floor:RC SLAB_1200 THK:3021005,180,,1680,,,,,,,,,,,,,,,,,,,,,,,,,
straight,,,40,249750,19972.5623,656,GL23 Roof Starter,Floor:RC SLAB_1200 THK:3021005,180,,1680,,,,,,,,,,,,,,,,,,,,,,,,,
straight,,,40,249750,20122.9936,656,GL23 Roof Starter,Floor:RC SLAB_1200 THK:3021005,180,,1680,,,,,,,,,,,,,,,,,,,,,,,,,
straight,,,40,249750,20274.0767,656,GL23 Roof Starter,Floor:RC SLAB_1200 THK:3021005,180,,1680,,,,,,,,,,,,,,,,,,,,,,,,,
straight,,,40,249750,20423.4694,656,GL23 Roof Starter,Floor:RC SLAB_1200 THK:3021005,180,,1680,,,,,,,,,,,,,,,,,,,,,,,,,
straight,,,40,249750,20575.8585,656,GL23 Roof Starter,Floor:RC SLAB_1200 THK:3021005,180,,1680,,,,,,,,,,,,,,,,,,,,,,,,,
straight,,,40,249750,21218.6132,656,GL23 Roof Starter,Floor:RC SLAB_1200 THK:3021005,180,,1680,,,,,,,,,,,,,,,,,,,,,,,,,
straight,,,40,249750,21371.0295,656,GL23 Roof Starter,Floor:RC SLAB_1200 THK:3021005,180,,1680,,,,,,,,,,,,,,,,,,,,,,,,,
straight,,,40,249750,21523.2995,656,GL23 Roof Starter,Floor:RC SLAB_1200 THK:3021005,180,,1680,,,,,,,,,,,,,,,,,,,,,,,,,
straight,,,40,249750,21673.1017,656,GL23 Roof Starter,Floor:RC SLAB_1200 THK:3021005,180,,1680,,,,,,,,,,,,,,,,,,,,,,,,,
straight,,,25,249750,22588.3831,1943,GL23 Roof Starter,Floor:RC SLAB_1200 THK:3021005,180,,1680,,,,,,,,,,,,,,,,,,,,,,,,,
straight,,,25,249750,22750.382,1943,GL23 Roof Starter,Floor:RC SLAB_1200 THK:3021005,180,,1680,,,,,,,,,,,,,,,,,,,,,,,,,
straight,,,25,249750,22891.9515,1943,GL23 Roof Starter,Floor:RC SLAB_1200 THK:3021005,180,,1680,,,,,,,,,,,,,,,,,,,,,,,,,
straight,,,25,249750,23045.7798,1943,GL23 Roof Starter,Floor:RC SLAB_1200 THK:3021005,180,,1680,,,,,,,,,,,,,,,,,,,,,,,,,
straight,,,25,249750,23204.1593,1943,GL23 Roof Starter,Floor:RC SLAB_1200 THK:3021005,180,,1680,,,,,,,,,,,,,,,,,,,,,,,,,
straight,,,25,249750,23349.8111,1943,GL23 Roof Starter,Floor:RC SLAB_1200 THK:3021005,180,,1680,,,,,,,,,,,,,,,,,,,,,,,,,
straight,,,25,249750,23483.832,1943,GL23 Roof Starter,Floor:RC SLAB_1200 THK:3021005,180,,1680,,,,,,,,,,,,,,,,,,,,,,,,,
straight,,,25,249750,23991.3717,1943,GL23 Roof Starter,Floor:RC SLAB_1200 THK:3021005,180,,1680,,,,,,,,,,,,,,,,,,,,,,,,,
straight,,,25,249750,24125.8027,1943,GL23 Roof Starter,Floor:RC SLAB_1200 THK:3021005,180,,1680,,,,,,,,,,,,,,,,,,,,,,,,,
straight,,,25,249750,24286.0702,1943,GL23 Roof Starter,Floor:RC SLAB_1200 THK:3021005,180,,1680,,,,,,,,,,,,,,,,,,,,,,,,,
straight,,,25,249750,24431.8541,1943,GL23 Roof Starter,Floor:RC SLAB_1200 THK:3021005,180,,1680,,,,,,,,,,,,,,,,,,,,,,,,,
straight,,,25,249750,25038.3698,1943,GL23 Roof Starter,Floor:RC SLAB_1200 THK:3021005,180,,1680,,,,,,,,,,,,,,,,,,,,,,,,,
straight,,,25,249750,25186.3766,1943,GL23 Roof Starter,Floor:RC SLAB_1200 THK:3021005,180,,1680,,,,,,,,,,,,,,,,,,,,,,,,,
straight,,,25,249750,25341.9381,1943,GL23 Roof Starter,Floor:RC SLAB_1200 THK:3021005,180,,1680,,,,,,,,,,,,,,,,,,,,,,,,,
straight,,,25,249750,25495.7664,1943,GL23 Roof Starter,Floor:RC SLAB_1200 THK:3021005,180,,1680,,,,,,,,,,,,,,,,,,,,,,,,,
straight,,,25,249750,25627.5867,1943,GL23 Roof Starter,Floor:RC SLAB_1200 THK:3021005,180,,1680,,,,,,,,,,,,,,,,,,,,,,,,,
straight,,,25,249750,26131.6065,1943,GL23 Roof Starter,Floor:RC SLAB_1200 THK:3021005,180,,1680,,,,,,,,,,,,,,,,,,,,,,,,,
straight,,,25,249750,26277.2582,1943,GL23 Roof Starter,Floor:RC SLAB_1200 THK:3021005,180,,1680,,,,,,,,,,,,,,,,,,,,,,,,,
straight,,,25,249750,26421.1402,1943,GL23 Roof Starter,Floor:RC SLAB_1200 THK:3021005,180,,1680,,,,,,,,,,,,,,,,,,,,,,,,,
straight,,,25,249750,26575.7894,1943,GL23 Roof Starter,Floor:RC SLAB_1200 THK:3021005,180,,1680,,,,,,,,,,,,,,,,,,,,,,,,,
straight,,,25,249750,26736.0569,1943,GL23 Roof Starter,Floor:RC SLAB_1200 THK:3021005,180,,1680,,,,,,,,,,,,,,,,,,,,,,,,,
straight,,,25,249750,26881.8407,1943,GL23 Roof Starter,Floor:RC SLAB_1200 THK:3021005,180,,1680,,,,,,,,,,,,,,,,,,,,,,,,,
straight,,,25,249750,22588.3831,1863,GL23 Roof Starter,Floor:RC SLAB_1200 THK:3021005,180,,1680,,,,,,,,,,,,,,,,,,,,,,,,,
straight,,,25,249750,22891.9515,1863,GL23 Roof Starter,Floor:RC SLAB_1200 THK:3021005,180,,1680,,,,,,,,,,,,,,,,,,,,,,,,,
straight,,,25,249750,23204.1593,1863,GL23 Roof Starter,Floor:RC SLAB_1200 THK:3021005,180,,1680,,,,,,,,,,,,,,,,,,,,,,,,,
straight,,,25,249750,23483.832,1863,GL23 Roof Starter,Floor:RC SLAB_1200 THK:3021005,180,,1680,,,,,,,,,,,,,,,,,,,,,,,,,
straight,,,25,249750,23991.3717,1863,GL23 Roof Starter,Floor:RC SLAB_1200 THK:3021005,180,,1680,,,,,,,,,,,,,,,,,,,,,,,,,
straight,,,25,249750,24431.8541,1863,GL23 Roof Starter,Floor:RC SLAB_1200 THK:3021005,180,,1680,,,,,,,,,,,,,,,,,,,,,,,,,
straight,,,25,249750,25038.3698,1863,GL23 Roof Starter,Floor:RC SLAB_1200 THK:3021005,180,,1680,,,,,,,,,,,,,,,,,,,,,,,,,
straight,,,25,249750,25341.9381,1863,GL23 Roof Starter,Floor:RC SLAB_1200 THK:3021005,180,,1680,,,,,,,,,,,,,,,,,,,,,,,,,
straight,,,25,249750,25627.5867,1863,GL23 Roof Starter,Floor:RC SLAB_1200 THK:3021005,180,,1680,,,,,,,,,,,,,,,,,,,,,,,,,
straight,,,25,249750,26131.6065,1863,GL23 Roof Starter,Floor:RC SLAB_1200 THK:3021005,180,,1680,,,,,,,,,,,,,,,,,,,,,,,,,
straight,,,25,249750,26421.1402,1863,GL23 Roof Starter,Floor:RC SLAB_1200 THK:3021005,180,,1680,,,,,,,,,,,,,,,,,,,,,,,,,
straight,,,25,249750,26575.7894,1863,GL23 Roof Starter,Floor:RC SLAB_1200 THK:3021005,180,,1680,,,,,,,,,,,,,,,,,,,,,,,,,
straight,,,25,249750,26881.8407,1863,GL23 Roof Starter,Floor:RC SLAB_1200 THK:3021005,180,,1680,,,,,,,,,,,,,,,,,,,,,,,,,
straight,,,40,249750,22588.3831,1599,GL23 Roof Starter,Floor:RC SLAB_1200 THK:3021005,180,,1680,,,,,,,,,,,,,,,,,,,,,,,,,
straight,,,40,249750,22750.382,1599,GL23 Roof Starter,Floor:RC SLAB_1200 THK:3021005,180,,1680,,,,,,,,,,,,,,,,,,,,,,,,,
straight,,,40,249750,22891.9515,1599,GL23 Roof Starter,Floor:RC SLAB_1200 THK:3021005,180,,1680,,,,,,,,,,,,,,,,,,,,,,,,,
straight,,,40,249750,23045.7798,1599,GL23 Roof Starter,Floor:RC SLAB_1200 THK:3021005,180,,1680,,,,,,,,,,,,,,,,,,,,,,,,,
straight,,,40,249750,23204.1593,1599,GL23 Roof Starter,Floor:RC SLAB_1200 THK:3021005,180,,1680,,,,,,,,,,,,,,,,,,,,,,,,,
straight,,,40,249750,23349.8111,1599,GL23 Roof Starter,Floor:RC SLAB_1200 THK:3021005,180,,1680,,,,,,,,,,,,,,,,,,,,,,,,,
straight,,,40,249750,23483.832,1599,GL23 Roof Starter,Floor:RC SLAB_1200 THK:3021005,180,,1680,,,,,,,,,,,,,,,,,,,,,,,,,
straight,,,40,249750,23991.3717,1599,GL23 Roof Starter,Floor:RC SLAB_1200 THK:3021005,180,,1680,,,,,,,,,,,,,,,,,,,,,,,,,
straight,,,40,249750,24125.8027,1599,GL23 Roof Starter,Floor:RC SLAB_1200 THK:3021005,180,,1680,,,,,,,,,,,,,,,,,,,,,,,,,
straight,,,40,249750,24286.0702,1599,GL23 Roof Starter,Floor:RC SLAB_1200 THK:3021005,180,,1680,,,,,,,,,,,,,,,,,,,,,,,,,
straight,,,40,249750,24431.8541,1599,GL23 Roof Starter,Floor:RC SLAB_1200 THK:3021005,180,,1680,,,,,,,,,,,,,,,,,,,,,,,,,
straight,,,40,249750,25038.3698,1599,GL23 Roof Starter,Floor:RC SLAB_1200 THK:3021005,180,,1680,,,,,,,,,,,,,,,,,,,,,,,,,
straight,,,40,249750,25186.3766,1599,GL23 Roof Starter,Floor:RC SLAB_1200 THK:3021005,180,,1680,,,,,,,,,,,,,,,,,,,,,,,,,
straight,,,40,249750,25341.9381,1599,GL23 Roof Starter,Floor:RC SLAB_1200 THK:3021005,180,,1680,,,,,,,,,,,,,,,,,,,,,,,,,
straight,,,40,249750,25495.7664,1599,GL23 Roof Starter,Floor:RC SLAB_1200 THK:3021005,180,,1680,,,,,,,,,,,,,,,,,,,,,,,,,
straight,,,40,249750,25627.5867,1599,GL23 Roof Starter,Floor:RC SLAB_1200 THK:3021005,180,,1680,,,,,,,,,,,,,,,,,,,,,,,,,
straight,,,40,249750,26131.6065,1599,GL23 Roof Starter,Floor:RC SLAB_1200 THK:3021005,180,,1680,,,,,,,,,,,,,,,,,,,,,,,,,
straight,,,40,249750,26277.2582,1599,GL23 Roof Starter,Floor:RC SLAB_1200 THK:3021005,180,,1680,,,,,,,,,,,,,,,,,,,,,,,,,
straight,,,40,249750,26421.1402,1599,GL23 Roof Starter,Floor:RC SLAB_1200 THK:3021005,180,,1680,,,,,,,,,,,,,,,,,,,,,,,,,
straight,,,40,249750,26575.7894,1599,GL23 Roof Starter,Floor:RC SLAB_1200 THK:3021005,180,,1680,,,,,,,,,,,,,,,,,,,,,,,,,
straight,,,40,249750,26736.0569,1599,GL23 Roof Starter,Floor:RC SLAB_1200 THK:3021005,180,,1680,,,,,,,,,,,,,,,,,,,,,,,,,
straight,,,40,249750,26881.8407,1599,GL23 Roof Starter,Floor:RC SLAB_1200 THK:3021005,180,,1680,,,,,,,,,,,,,,,,,,,,,,,,,
straight,,,40,249750,22588.3831,1519,GL23 Roof Starter,Floor:RC SLAB_1200 THK:3021005,180,,1680,,,,,,,,,,,,,,,,,,,,,,,,,
straight,,,40,249750,22750.382,1519,GL23 Roof Starter,Floor:RC SLAB_1200 THK:3021005,180,,1680,,,,,,,,,,,,,,,,,,,,,,,,,
straight,,,40,249750,22891.9515,1519,GL23 Roof Starter,Floor:RC SLAB_1200 THK:3021005,180,,1680,,,,,,,,,,,,,,,,,,,,,,,,,
straight,,,40,249750,23045.7798,1519,GL23 Roof Starter,Floor:RC SLAB_1200 THK:3021005,180,,1680,,,,,,,,,,,,,,,,,,,,,,,,,
straight,,,40,249750,23204.1593,1519,GL23 Roof Starter,Floor:RC SLAB_1200 THK:3021005,180,,1680,,,,,,,,,,,,,,,,,,,,,,,,,
straight,,,40,249750,23349.8111,1519,GL23 Roof Starter,Floor:RC SLAB_1200 THK:3021005,180,,1680,,,,,,,,,,,,,,,,,,,,,,,,,
straight,,,40,249750,23483.832,1519,GL23 Roof Starter,Floor:RC SLAB_1200 THK:3021005,180,,1680,,,,,,,,,,,,,,,,,,,,,,,,,
straight,,,40,249750,23991.3717,1519,GL23 Roof Starter,Floor:RC SLAB_1200 THK:3021005,180,,1680,,,,,,,,,,,,,,,,,,,,,,,,,
straight,,,40,249750,24125.8027,1519,GL23 Roof Starter,Floor:RC SLAB_1200 THK:3021005,180,,1680,,,,,,,,,,,,,,,,,,,,,,,,,
straight,,,40,249750,24286.0702,1519,GL23 Roof Starter,Floor:RC SLAB_1200 THK:3021005,180,,1680,,,,,,,,,,,,,,,,,,,,,,,,,
straight,,,40,249750,24431.8541,1519,GL23 Roof Starter,Floor:RC SLAB_1200 THK:3021005,180,,1680,,,,,,,,,,,,,,,,,,,,,,,,,
straight,,,40,249750,25038.3698,1519,GL23 Roof Starter,Floor:RC SLAB_1200 THK:3021005,180,,1680,,,,,,,,,,,,,,,,,,,,,,,,,
straight,,,40,249750,25186.3766,1519,GL23 Roof Starter,Floor:RC SLAB_1200 THK:3021005,180,,1680,,,,,,,,,,,,,,,,,,,,,,,,,
straight,,,40,249750,25341.9381,1519,GL23 Roof Starter,Floor:RC SLAB_1200 THK:3021005,180,,1680,,,,,,,,,,,,,,,,,,,,,,,,,
straight,,,40,249750,25495.7664,1519,GL23 Roof Starter,Floor:RC SLAB_1200 THK:3021005,180,,1680,,,,,,,,,,,,,,,,,,,,,,,,,
straight,,,40,249750,25627.5867,1519,GL23 Roof Starter,Floor:RC SLAB_1200 THK:3021005,180,,1680,,,,,,,,,,,,,,,,,,,,,,,,,
straight,,,40,249750,26131.6065,1519,GL23 Roof Starter,Floor:RC SLAB_1200 THK:3021005,180,,1680,,,,,,,,,,,,,,,,,,,,,,,,,
straight,,,40,249750,26277.2582,1519,GL23 Roof Starter,Floor:RC SLAB_1200 THK:3021005,180,,1680,,,,,,,,,,,,,,,,,,,,,,,,,
straight,,,40,249750,26421.1402,1519,GL23 Roof Starter,Floor:RC SLAB_1200 THK:3021005,180,,1680,,,,,,,,,,,,,,,,,,,,,,,,,
straight,,,40,249750,26575.7894,1519,GL23 Roof Starter,Floor:RC SLAB_1200 THK:3021005,180,,1680,,,,,,,,,,,,,,,,,,,,,,,,,
straight,,,40,249750,26736.0569,1519,GL23 Roof Starter,Floor:RC SLAB_1200 THK:3021005,180,,1680,,,,,,,,,,,,,,,,,,,,,,,,,
straight,,,40,249750,26881.8407,1519,GL23 Roof Starter,Floor:RC SLAB_1200 THK:3021005,180,,1680,,,,,,,,,,,,,,,,,,,,,,,,,
straight,,,40,249750,22588.3831,1439,GL23 Roof Starter,Floor:RC SLAB_1200 THK:3021005,180,,1680,,,,,,,,,,,,,,,,,,,,,,,,,
straight,,,40,249750,22750.382,1439,GL23 Roof Starter,Floor:RC SLAB_1200 THK:3021005,180,,1680,,,,,,,,,,,,,,,,,,,,,,,,,
straight,,,40,249750,22891.9515,1439,GL23 Roof Starter,Floor:RC SLAB_1200 THK:3021005,180,,1680,,,,,,,,,,,,,,,,,,,,,,,,,
straight,,,40,249750,23045.7798,1439,GL23 Roof Starter,Floor:RC SLAB_1200 THK:3021005,180,,1680,,,,,,,,,,,,,,,,,,,,,,,,,
straight,,,40,249750,23204.1593,1439,GL23 Roof Starter,Floor:RC SLAB_1200 THK:3021005,180,,1680,,,,,,,,,,,,,,,,,,,,,,,,,
straight,,,40,249750,23349.8111,1439,GL23 Roof Starter,Floor:RC SLAB_1200 THK:3021005,180,,1680,,,,,,,,,,,,,,,,,,,,,,,,,
straight,,,40,249750,23991.3717,1439,GL23 Roof Starter,Floor:RC SLAB_1200 THK:3021005,180,,1680,,,,,,,,,,,,,,,,,,,,,,,,,
straight,,,40,249750,24125.8027,1439,GL23 Roof Starter,Floor:RC SLAB_1200 THK:3021005,180,,1680,,,,,,,,,,,,,,,,,,,,,,,,,
straight,,,40,249750,24286.0702,1439,GL23 Roof Starter,Floor:RC SLAB_1200 THK:3021005,180,,1680,,,,,,,,,,,,,,,,,,,,,,,,,
straight,,,40,249750,24431.8541,1439,GL23 Roof Starter,Floor:RC SLAB_1200 THK:3021005,180,,1680,,,,,,,,,,,,,,,,,,,,,,,,,
straight,,,40,249750,25038.3698,1439,GL23 Roof Starter,Floor:RC SLAB_1200 THK:3021005,180,,1680,,,,,,,,,,,,,,,,,,,,,,,,,
straight,,,40,249750,25186.3766,1439,GL23 Roof Starter,Floor:RC SLAB_1200 THK:3021005,180,,1680,,,,,,,,,,,,,,,,,,,,,,,,,
straight,,,40,249750,25341.9381,1439,GL23 Roof Starter,Floor:RC SLAB_1200 THK:3021005,180,,1680,,,,,,,,,,,,,,,,,,,,,,,,,
straight,,,40,249750,25495.7664,1439,GL23 Roof Starter,Floor:RC SLAB_1200 THK:3021005,180,,1680,,,,,,,,,,,,,,,,,,,,,,,,,
straight,,,40,249750,25627.5867,1439,GL23 Roof Starter,Floor:RC SLAB_1200 THK:3021005,180,,1680,,,,,,,,,,,,,,,,,,,,,,,,,
straight,,,40,249750,26277.2582,1439,GL23 Roof Starter,Floor:RC SLAB_1200 THK:3021005,180,,1680,,,,,,,,,,,,,,,,,,,,,,,,,
straight,,,40,249750,26421.1402,1439,GL23 Roof Starter,Floor:RC SLAB_1200 THK:3021005,180,,1680,,,,,,,,,,,,,,,,,,,,,,,,,
straight,,,40,249750,26575.7894,1439,GL23 Roof Starter,Floor:RC SLAB_1200 THK:3021005,180,,1680,,,,,,,,,,,,,,,,,,,,,,,,,
straight,,,40,249750,26736.0569,1439,GL23 Roof Starter,Floor:RC SLAB_1200 THK:3021005,180,,1680,,,,,,,,,,,,,,,,,,,,,,,,,
straight,,,40,249750,26881.8407,1439,GL23 Roof Starter,Floor:RC SLAB_1200 THK:3021005,180,,1680,,,,,,,,,,,,,,,,,,,,,,,,,
straight,,,40,249750,22588.3831,736,GL23 Roof Starter,Floor:RC SLAB_1200 THK:3021005,180,,1680,,,,,,,,,,,,,,,,,,,,,,,,,
straight,,,40,249750,23045.7798,736,GL23 Roof Starter,Floor:RC SLAB_1200 THK:3021005,180,,1680,,,,,,,,,,,,,,,,,,,,,,,,,
straight,,,40,249750,23483.832,736,GL23 Roof Starter,Floor:RC SLAB_1200 THK:3021005,180,,1680,,,,,,,,,,,,,,,,,,,,,,,,,
straight,,,40,249750,23991.3717,736,GL23 Roof Starter,Floor:RC SLAB_1200 THK:3021005,180,,1680,,,,,,,,,,,,,,,,,,,,,,,,,
straight,,,40,249750,24431.8541,736,GL23 Roof Starter,Floor:RC SLAB_1200 THK:3021005,180,,1680,,,,,,,,,,,,,,,,,,,,,,,,,
straight,,,40,249750,25038.3698,736,GL23 Roof Starter,Floor:RC SLAB_1200 THK:3021005,180,,1680,,,,,,,,,,,,,,,,,,,,,,,,,
straight,,,40,249750,25627.5867,736,GL23 Roof Starter,Floor:RC SLAB_1200 THK:3021005,180,,1680,,,,,,,,,,,,,,,,,,,,,,,,,
straight,,,40,249750,26131.6065,736,GL23 Roof Starter,Floor:RC SLAB_1200 THK:3021005,180,,1680,,,,,,,,,,,,,,,,,,,,,,,,,
straight,,,40,249750,26575.7894,736,GL23 Roof Starter,Floor:RC SLAB_1200 THK:3021005,180,,1680,,,,,,,,,,,,,,,,,,,,,,,,,
straight,,,40,249750,26881.8407,736,GL23 Roof Starter,Floor:RC SLAB_1200 THK:3021005,180,,1680,,,,,,,,,,,,,,,,,,,,,,,,,
straight,,,40,249750,22588.3831,656,GL23 Roof Starter,Floor:RC SLAB_1200 THK:3021005,180,,1680,,,,,,,,,,,,,,,,,,,,,,,,,
straight,,,40,249750,22750.382,656,GL23 Roof Starter,Floor:RC SLAB_1200 THK:3021005,180,,1680,,,,,,,,,,,,,,,,,,,,,,,,,
straight,,,40,249750,22891.9515,656,GL23 Roof Starter,Floor:RC SLAB_1200 THK:3021005,180,,1680,,,,,,,,,,,,,,,,,,,,,,,,,
straight,,,40,249750,23045.7798,656,GL23 Roof Starter,Floor:RC SLAB_1200 THK:3021005,180,,1680,,,,,,,,,,,,,,,,,,,,,,,,,
straight,,,40,249750,23204.1593,656,GL23 Roof Starter,Floor:RC SLAB_1200 THK:3021005,180,,1680,,,,,,,,,,,,,,,,,,,,,,,,,
straight,,,40,249750,23349.8111,656,GL23 Roof Starter,Floor:RC SLAB_1200 THK:3021005,180,,1680,,,,,,,,,,,,,,,,,,,,,,,,,
straight,,,40,249750,23483.832,656,GL23 Roof Starter,Floor:RC SLAB_1200 THK:3021005,180,,1680,,,,,,,,,,,,,,,,,,,,,,,,,
straight,,,40,249750,23991.3717,656,GL23 Roof Starter,Floor:RC SLAB_1200 THK:3021005,180,,1680,,,,,,,,,,,,,,,,,,,,,,,,,
straight,,,40,249750,24125.8027,656,GL23 Roof Starter,Floor:RC SLAB_1200 THK:3021005,180,,1680,,,,,,,,,,,,,,,,,,,,,,,,,
straight,,,40,249750,24286.0702,656,GL23 Roof Starter,Floor:RC SLAB_1200 THK:3021005,180,,1680,,,,,,,,,,,,,,,,,,,,,,,,,
straight,,,40,249750,24431.8541,656,GL23 Roof Starter,Floor:RC SLAB_1200 THK:3021005,180,,1680,,,,,,,,,,,,,,,,,,,,,,,,,
straight,,,40,249750,25038.3698,656,GL23 Roof Starter,Floor:RC SLAB_1200 THK:3021005,180,,1680,,,,,,,,,,,,,,,,,,,,,,,,,
straight,,,40,249750,25186.3766,656,GL23 Roof Starter,Floor:RC SLAB_1200 THK:3021005,180,,1680,,,,,,,,,,,,,,,,,,,,,,,,,
straight,,,40,249750,25341.9381,656,GL23 Roof Starter,Floor:RC SLAB_1200 THK:3021005,180,,1680,,,,,,,,,,,,,,,,,,,,,,,,,
straight,,,40,249750,25495.7664,656,GL23 Roof Starter,Floor:RC SLAB_1200 THK:3021005,180,,1680,,,,,,,,,,,,,,,,,,,,,,,,,
straight,,,40,249750,25627.5867,656,GL23 Roof Starter,Floor:RC SLAB_1200 THK:3021005,180,,1680,,,,,,,,,,,,,,,,,,,,,,,,,
straight,,,40,249750,26131.6065,656,GL23 Roof Starter,Floor:RC SLAB_1200 THK:3021005,180,,1680,,,,,,,,,,,,,,,,,,,,,,,,,
straight,,,40,249750,26277.2582,656,GL23 Roof Starter,Floor:RC SLAB_1200 THK:3021005,180,,1680,,,,,,,,,,,,,,,,,,,,,,,,,
straight,,,40,249750,26421.1402,656,GL23 Roof Starter,Floor:RC SLAB_1200 THK:3021005,180,,1680,,,,,,,,,,,,,,,,,,,,,,,,,
straight,,,40,249750,26575.7894,656,GL23 Roof Starter,Floor:RC SLAB_1200 THK:3021005,180,,1680,,,,,,,,,,,,,,,,,,,,,,,,,
straight,,,40,249750,26736.0569,656,GL23 Roof Starter,Floor:RC SLAB_1200 THK:3021005,180,,1680,,,,,,,,,,,,,,,,,,,,,,,,,
straight,,,40,249750,26881.8407,656,GL23 Roof Starter,Floor:RC SLAB_1200 THK:3021005,180,,1680,,,,,,,,,,,,,,,,,,,,,,,,,
straight,,,25,249750,27813.1331,1943,GL23 Roof Starter,Floor:RC SLAB_1200 THK:3021005,180,,1680,,,,,,,,,,,,,,,,,,,,,,,,,
straight,,,25,249750,27961.1811,1943,GL23 Roof Starter,Floor:RC SLAB_1200 THK:3021005,180,,1680,,,,,,,,,,,,,,,,,,,,,,,,,
straight,,,25,249750,28111.2636,1943,GL23 Roof Starter,Floor:RC SLAB_1200 THK:3021005,180,,1680,,,,,,,,,,,,,,,,,,,,,,,,,
straight,,,25,249750,28260.2473,1943,GL23 Roof Starter,Floor:RC SLAB_1200 THK:3021005,180,,1680,,,,,,,,,,,,,,,,,,,,,,,,,
straight,,,25,249750,28903.4614,1943,GL23 Roof Starter,Floor:RC SLAB_1200 THK:3021005,180,,1680,,,,,,,,,,,,,,,,,,,,,,,,,
straight,,,25,249750,29052.4614,1943,GL23 Roof Starter,Floor:RC SLAB_1200 THK:3021005,180,,1680,,,,,,,,,,,,,,,,,,,,,,,,,
straight,,,25,249750,29201.4614,1943,GL23 Roof Starter,Floor:RC SLAB_1200 THK:3021005,180,,1680,,,,,,,,,,,,,,,,,,,,,,,,,
straight,,,25,249750,29310.1988,1943,GL23 Roof Starter,Floor:RC SLAB_1200 THK:3021005,180,,1680,,,,,,,,,,,,,,,,,,,,,,,,,
straight,,,25,249750,29499.4614,1943,GL23 Roof Starter,Floor:RC SLAB_1200 THK:3021005,180,,1680,,,,,,,,,,,,,,,,,,,,,,,,,
straight,,,25,249750,29648.4614,1943,GL23 Roof Starter,Floor:RC SLAB_1200 THK:3021005,180,,1680,,,,,,,,,,,,,,,,,,,,,,,,,
straight,,,25,249750,30136.8579,1943,GL23 Roof Starter,Floor:RC SLAB_1200 THK:3021005,180,,1680,,,,,,,,,,,,,,,,,,,,,,,,,
straight,,,25,249750,30253.2648,1943,GL23 Roof Starter,Floor:RC SLAB_1200 THK:3021005,180,,1680,,,,,,,,,,,,,,,,,,,,,,,,,
straight,,,25,249750,30396.94,1943,GL23 Roof Starter,Floor:RC SLAB_1200 THK:3021005,180,,1680,,,,,,,,,,,,,,,,,,,,,,,,,
straight,,,25,249750,30534.9977,1943,GL23 Roof Starter,Floor:RC SLAB_1200 THK:3021005,180,,1680,,,,,,,,,,,,,,,,,,,,,,,,,
straight,,,25,249750,30678.3676,1943,GL23 Roof Starter,Floor:RC SLAB_1200 THK:3021005,180,,1680,,,,,,,,,,,,,,,,,,,,,,,,,
straight,,,25,249750,30821.6764,1943,GL23 Roof Starter,Floor:RC SLAB_1200 THK:3021005,180,,1680,,,,,,,,,,,,,,,,,,,,,,,,,
straight,,,25,249750,30941.3498,1943,GL23 Roof Starter,Floor:RC SLAB_1200 THK:3021005,180,,1680,,,,,,,,,,,,,,,,,,,,,,,,,
straight,,,25,249750,27813.1331,1863,GL23 Roof Starter,Floor:RC SLAB_1200 THK:3021005,180,,1680,,,,,,,,,,,,,,,,,,,,,,,,,
straight,,,25,249750,27961.1811,1863,GL23 Roof Starter,Floor:RC SLAB_1200 THK:3021005,180,,1680,,,,,,,,,,,,,,,,,,,,,,,,,
straight,,,25,249750,28111.2636,1863,GL23 Roof Starter,Floor:RC SLAB_1200 THK:3021005,180,,1680,,,,,,,,,,,,,,,,,,,,,,,,,
straight,,,25,249750,28260.2473,1863,GL23 Roof Starter,Floor:RC SLAB_1200 THK:3021005,180,,1680,,,,,,,,,,,,,,,,,,,,,,,,,
straight,,,25,249750,28903.4614,1863,GL23 Roof Starter,Floor:RC SLAB_1200 THK:3021005,180,,1680,,,,,,,,,,,,,,,,,,,,,,,,,
straight,,,25,249750,29052.4614,1863,GL23 Roof Starter,Floor:RC SLAB_1200 THK:3021005,180,,1680,,,,,,,,,,,,,,,,,,,,,,,,,
straight,,,25,249750,29201.4614,1863,GL23 Roof Starter,Floor:RC SLAB_1200 THK:3021005,180,,1680,,,,,,,,,,,,,,,,,,,,,,,,,
straight,,,25,249750,29310.1988,1863,GL23 Roof Starter,Floor:RC SLAB_1200 THK:3021005,180,,1680,,,,,,,,,,,,,,,,,,,,,,,,,
straight,,,25,249750,29499.4614,1863,GL23 Roof Starter,Floor:RC SLAB_1200 THK:3021005,180,,1680,,,,,,,,,,,,,,,,,,,,,,,,,
straight,,,25,249750,29648.4614,1863,GL23 Roof Starter,Floor:RC SLAB_1200 THK:3021005,180,,1680,,,,,,,,,,,,,,,,,,,,,,,,,
straight,,,25,249750,30821.6764,1863,GL23 Roof Starter,Floor:RC SLAB_1200 THK:3021005,180,,1680,,,,,,,,,,,,,,,,,,,,,,,,,
straight,,,25,249750,30941.3498,1863,GL23 Roof Starter,Floor:RC SLAB_1200 THK:3021005,180,,1680,,,,,,,,,,,,,,,,,,,,,,,,,
straight,,,40,249750,27813.1331,1599,GL23 Roof Starter,Floor:RC SLAB_1200 THK:3021005,180,,1680,,,,,,,,,,,,,,,,,,,,,,,,,
straight,,,40,249750,27961.1811,1599,GL23 Roof Starter,Floor:RC SLAB_1200 THK:3021005,180,,1680,,,,,,,,,,,,,,,,,,,,,,,,,
straight,,,40,249750,28111.2636,1599,GL23 Roof Starter,Floor:RC SLAB_1200 THK:3021005,180,,1680,,,,,,,,,,,,,,,,,,,,,,,,,
straight,,,40,249750,28260.2473,1599,GL23 Roof Starter,Floor:RC SLAB_1200 THK:3021005,180,,1680,,,,,,,,,,,,,,,,,,,,,,,,,
straight,,,40,249750,28903.4614,1599,GL23 Roof Starter,Floor:RC SLAB_1200 THK:3021005,180,,1680,,,,,,,,,,,,,,,,,,,,,,,,,
straight,,,40,249750,29052.4614,1599,GL23 Roof Starter,Floor:RC SLAB_1200 THK:3021005,180,,1680,,,,,,,,,,,,,,,,,,,,,,,,,
straight,,,40,249750,29201.4614,1599,GL23 Roof Starter,Floor:RC SLAB_1200 THK:3021005,180,,1680,,,,,,,,,,,,,,,,,,,,,,,,,
straight,,,40,249750,29310.1988,1599,GL23 Roof Starter,Floor:RC SLAB_1200 THK:3021005,180,,1680,,,,,,,,,,,,,,,,,,,,,,,,,
straight,,,40,249750,27813.1331,1519,GL23 Roof Starter,Floor:RC SLAB_1200 THK:3021005,180,,1680,,,,,,,,,,,,,,,,,,,,,,,,,
straight,,,40,249750,27961.1811,1519,GL23 Roof Starter,Floor:RC SLAB_1200 THK:3021005,180,,1680,,,,,,,,,,,,,,,,,,,,,,,,,
straight,,,40,249750,28111.2636,1519,GL23 Roof Starter,Floor:RC SLAB_1200 THK:3021005,180,,1680,,,,,,,,,,,,,,,,,,,,,,,,,
straight,,,40,249750,28260.2473,1519,GL23 Roof Starter,Floor:RC SLAB_1200 THK:3021005,180,,1680,,,,,,,,,,,,,,,,,,,,,,,,,
straight,,,40,249750,28903.4614,1519,GL23 Roof Starter,Floor:RC SLAB_1200 THK:3021005,180,,1680,,,,,,,,,,,,,,,,,,,,,,,,,
straight,,,40,249750,29052.4614,1519,GL23 Roof Starter,Floor:RC SLAB_1200 THK:3021005,180,,1680,,,,,,,,,,,,,,,,,,,,,,,,,
straight,,,40,249750,29201.4614,1519,GL23 Roof Starter,Floor:RC SLAB_1200 THK:3021005,180,,1680,,,,,,,,,,,,,,,,,,,,,,,,,
straight,,,40,249750,29310.1988,1519,GL23 Roof Starter,Floor:RC SLAB_1200 THK:3021005,180,,1680,,,,,,,,,,,,,,,,,,,,,,,,,
straight,,,40,249750,27813.1331,1439,GL23 Roof Starter,Floor:RC SLAB_1200 THK:3021005,180,,1680,,,,,,,,,,,,,,,,,,,,,,,,,
straight,,,40,249750,27961.1811,1439,GL23 Roof Starter,Floor:RC SLAB_1200 THK:3021005,180,,1680,,,,,,,,,,,,,,,,,,,,,,,,,
straight,,,40,249750,28111.2636,1439,GL23 Roof Starter,Floor:RC SLAB_1200 THK:3021005,180,,1680,,,,,,,,,,,,,,,,,,,,,,,,,
straight,,,40,249750,28260.2473,1439,GL23 Roof Starter,Floor:RC SLAB_1200 THK:3021005,180,,1680,,,,,,,,,,,,,,,,,,,,,,,,,
straight,,,40,249750,28903.4614,1439,GL23 Roof Starter,Floor:RC SLAB_1200 THK:3021005,180,,1680,,,,,,,,,,,,,,,,,,,,,,,,,
straight,,,40,249750,29052.4614,1439,GL23 Roof Starter,Floor:RC SLAB_1200 THK:3021005,180,,1680,,,,,,,,,,,,,,,,,,,,,,,,,
straight,,,40,249750,29201.4614,1439,GL23 Roof Starter,Floor:RC SLAB_1200 THK:3021005,180,,1680,,,,,,,,,,,,,,,,,,,,,,,,,
straight,,,40,249750,29310.1988,1439,GL23 Roof Starter,Floor:RC SLAB_1200 THK:3021005,180,,1680,,,,,,,,,,,,,,,,,,,,,,,,,
straight,,,40,249750,27813.1331,1359,GL23 Roof Starter,Floor:RC SLAB_1200 THK:3021005,180,,1680,,,,,,,,,,,,,,,,,,,,,,,,,
straight,,,40,249750,27961.1811,1359,GL23 Roof Starter,Floor:RC SLAB_1200 THK:3021005,180,,1680,,,,,,,,,,,,,,,,,,,,,,,,,
straight,,,40,249750,28111.2636,1359,GL23 Roof Starter,Floor:RC SLAB_1200 THK:3021005,180,,1680,,,,,,,,,,,,,,,,,,,,,,,,,
straight,,,40,249750,28260.2473,1359,GL23 Roof Starter,Floor:RC SLAB_1200 THK:3021005,180,,1680,,,,,,,,,,,,,,,,,,,,,,,,,
straight,,,40,249750,28903.4614,1359,GL23 Roof Starter,Floor:RC SLAB_1200 THK:3021005,180,,1680,,,,,,,,,,,,,,,,,,,,,,,,,
straight,,,40,249750,29052.4614,1359,GL23 Roof Starter,Floor:RC SLAB_1200 THK:3021005,180,,1680,,,,,,,,,,,,,,,,,,,,,,,,,
straight,,,40,249750,29201.4614,1359,GL23 Roof Starter,Floor:RC SLAB_1200 THK:3021005,180,,1680,,,,,,,,,,,,,,,,,,,,,,,,,
straight,,,40,249750,29310.1988,1359,GL23 Roof Starter,Floor:RC SLAB_1200 THK:3021005,180,,1680,,,,,,,,,,,,,,,,,,,,,,,,,
straight,,,40,249750,27813.1331,661,GL23 Roof Starter,Floor:RC SLAB_1200 THK:3021005,180,,1680,,,,,,,,,,,,,,,,,,,,,,,,,
straight,,,40,249750,27961.1811,661,GL23 Roof Starter,Floor:RC SLAB_1200 THK:3021005,180,,1680,,,,,,,,,,,,,,,,,,,,,,,,,
straight,,,40,249750,28260.2473,661,GL23 Roof Starter,Floor:RC SLAB_1200 THK:3021005,180,,1680,,,,,,,,,,,,,,,,,,,,,,,,,
straight,,,40,249750,28903.4614,661,GL23 Roof Starter,Floor:RC SLAB_1200 THK:3021005,180,,1680,,,,,,,,,,,,,,,,,,,,,,,,,
straight,,,40,249750,29052.4614,661,GL23 Roof Starter,Floor:RC SLAB_1200 THK:3021005,180,,1680,,,,,,,,,,,,,,,,,,,,,,,,,
straight,,,40,249750,29201.4614,661,GL23 Roof Starter,Floor:RC SLAB_1200 THK:3021005,180,,1680,,,,,,,,,,,,,,,,,,,,,,,,,
straight,,,40,249750,29310.1988,661,GL23 Roof Starter,Floor:RC SLAB_1200 THK:3021005,180,,1680,,,,,,,,,,,,,,,,,,,,,,,,,
straight,,,40,249750,27813.1331,530,GL23 Roof Starter,Floor:RC SLAB_1200 THK:3021005,180,,1680,,,,,,,,,,,,,,,,,,,,,,,,,
straight,,,40,249750,27961.1811,530,GL23 Roof Starter,Floor:RC SLAB_1200 THK:3021005,180,,1680,,,,,,,,,,,,,,,,,,,,,,,,,
straight,,,40,249750,28111.2636,530,GL23 Roof Starter,Floor:RC SLAB_1200 THK:3021005,180,,1680,,,,,,,,,,,,,,,,,,,,,,,,,
straight,,,40,249750,28260.2473,530,GL23 Roof Starter,Floor:RC SLAB_1200 THK:3021005,180,,1680,,,,,,,,,,,,,,,,,,,,,,,,,
straight,,,40,249750,28903.4614,530,GL23 Roof Starter,Floor:RC SLAB_1200 THK:3021005,180,,1680,,,,,,,,,,,,,,,,,,,,,,,,,
straight,,,40,249750,29052.4614,530,GL23 Roof Starter,Floor:RC SLAB_1200 THK:3021005,180,,1680,,,,,,,,,,,,,,,,,,,,,,,,,
straight,,,40,249750,29201.4614,530,GL23 Roof Starter,Floor:RC SLAB_1200 THK:3021005,180,,1680,,,,,,,,,,,,,,,,,,,,,,,,,
straight,,,40,249750,29310.1988,530,GL23 Roof Starter,Floor:RC SLAB_1200 THK:3021005,180,,1680,,,,,,,,,,,,,,,,,,,,,,,,,
straight,,,40,249750,29499.4614,1644,GL23 Roof Starter,Floor:RC SLAB_1200 THK:3021005,180,,1680,,,,,,,,,,,,,,,,,,,,,,,,,
straight,,,40,249750,29648.4614,1644,GL23 Roof Starter,Floor:RC SLAB_1200 THK:3021005,180,,1680,,,,,,,,,,,,,,,,,,,,,,,,,
straight,,,40,249750,30136.8579,1644,GL23 Roof Starter,Floor:RC SLAB_1200 THK:3021005,180,,1680,,,,,,,,,,,,,,,,,,,,,,,,,
straight,,,40,249750,30253.2648,1644,GL23 Roof Starter,Floor:RC SLAB_1200 THK:3021005,180,,1680,,,,,,,,,,,,,,,,,,,,,,,,,
straight,,,40,249750,30396.94,1644,GL23 Roof Starter,Floor:RC SLAB_1200 THK:3021005,180,,1680,,,,,,,,,,,,,,,,,,,,,,,,,
straight,,,40,249750,30534.9977,1644,GL23 Roof Starter,Floor:RC SLAB_1200 THK:3021005,180,,1680,,,,,,,,,,,,,,,,,,,,,,,,,
straight,,,40,249750,30678.3676,1644,GL23 Roof Starter,Floor:RC SLAB_1200 THK:3021005,180,,1680,,,,,,,,,,,,,,,,,,,,,,,,,
straight,,,40,249750,30821.6764,1644,GL23 Roof Starter,Floor:RC SLAB_1200 THK:3021005,180,,1680,,,,,,,,,,,,,,,,,,,,,,,,,
straight,,,40,249750,30941.3498,1644,GL23 Roof Starter,Floor:RC SLAB_1200 THK:3021005,180,,1680,,,,,,,,,,,,,,,,,,,,,,,,,
straight,,,40,249750,29499.4614,1564,GL23 Roof Starter,Floor:RC SLAB_1200 THK:3021005,180,,1680,,,,,,,,,,,,,,,,,,,,,,,,,
straight,,,40,249750,29648.4614,1564,GL23 Roof Starter,Floor:RC SLAB_1200 THK:3021005,180,,1680,,,,,,,,,,,,,,,,,,,,,,,,,
straight,,,40,249750,30136.8579,1564,GL23 Roof Starter,Floor:RC SLAB_1200 THK:3021005,180,,1680,,,,,,,,,,,,,,,,,,,,,,,,,
straight,,,40,249750,30253.2648,1564,GL23 Roof Starter,Floor:RC SLAB_1200 THK:3021005,180,,1680,,,,,,,,,,,,,,,,,,,,,,,,,
straight,,,40,249750,30396.94,1564,GL23 Roof Starter,Floor:RC SLAB_1200 THK:3021005,180,,1680,,,,,,,,,,,,,,,,,,,,,,,,,
straight,,,40,249750,30534.9977,1564,GL23 Roof Starter,Floor:RC SLAB_1200 THK:3021005,180,,1680,,,,,,,,,,,,,,,,,,,,,,,,,
straight,,,40,249750,30678.3676,1564,GL23 Roof Starter,Floor:RC SLAB_1200 THK:3021005,180,,1680,,,,,,,,,,,,,,,,,,,,,,,,,
straight,,,40,249750,30821.6764,1564,GL23 Roof Starter,Floor:RC SLAB_1200 THK:3021005,180,,1680,,,,,,,,,,,,,,,,,,,,,,,,,
straight,,,40,249750,30941.3498,1564,GL23 Roof Starter,Floor:RC SLAB_1200 THK:3021005,180,,1680,,,,,,,,,,,,,,,,,,,,,,,,,
straight,,,40,249750,29499.4614,1484,GL23 Roof Starter,Floor:RC SLAB_1200 THK:3021005,180,,1680,,,,,,,,,,,,,,,,,,,,,,,,,
straight,,,40,249750,30136.8579,1484,GL23 Roof Starter,Floor:RC SLAB_1200 THK:3021005,180,,1680,,,,,,,,,,,,,,,,,,,,,,,,,
straight,,,40,249750,30253.2648,1484,GL23 Roof Starter,Floor:RC SLAB_1200 THK:3021005,180,,1680,,,,,,,,,,,,,,,,,,,,,,,,,
straight,,,40,249750,29648.4614,696,GL23 Roof Starter,Floor:RC SLAB_1200 THK:3021005,180,,1680,,,,,,,,,,,,,,,,,,,,,,,,,
straight,,,40,249750,30136.8579,696,GL23 Roof Starter,Floor:RC SLAB_1200 THK:3021005,180,,1680,,,,,,,,,,,,,,,,,,,,,,,,,
straight,,,40,249750,29499.4614,616,GL23 Roof Starter,Floor:RC SLAB_1200 THK:3021005,180,,1680,,,,,,,,,,,,,,,,,,,,,,,,,
straight,,,40,249750,29648.4614,616,GL23 Roof Starter,Floor:RC SLAB_1200 THK:3021005,180,,1680,,,,,,,,,,,,,,,,,,,,,,,,,
straight,,,40,249750,30136.8579,616,GL23 Roof Starter,Floor:RC SLAB_1200 THK:3021005,180,,1680,,,,,,,,,,,,,,,,,,,,,,,,,
straight,,,40,249750,30253.2648,616,GL23 Roof Starter,Floor:RC SLAB_1200 THK:3021005,180,,1680,,,,,,,,,,,,,,,,,,,,,,,,,
straight,,,40,249750,30396.94,616,GL23 Roof Starter,Floor:RC SLAB_1200 THK:3021005,180,,1680,,,,,,,,,,,,,,,,,,,,,,,,,
straight,,,40,249750,30534.9977,616,GL23 Roof Starter,Floor:RC SLAB_1200 THK:3021005,180,,1680,,,,,,,,,,,,,,,,,,,,,,,,,
straight,,,40,249750,30678.3676,616,GL23 Roof Starter,Floor:RC SLAB_1200 THK:3021005,180,,1680,,,,,,,,,,,,,,,,,,,,,,,,,
straight,,,40,249750,30821.6764,616,GL23 Roof Starter,Floor:RC SLAB_1200 THK:3021005,180,,1680,,,,,,,,,,,,,,,,,,,,,,,,,
straight,,,40,249750,30941.3498,616,GL23 Roof Starter,Floor:RC SLAB_1200 THK:3021005,180,,1680,,,,,,,,,,,,,,,,,,,,,,,,,
straight,,,40,249750,31079.2242,1599,GL23 Roof Starter,Floor:RC SLAB_1200 THK:3021005,180,,1680,,,,,,,,,,,,,,,,,,,,,,,,,
straight,,,40,249750,31663.5324,1599,GL23 Roof Starter,Floor:RC SLAB_1200 THK:3021005,180,,1680,,,,,,,,,,,,,,,,,,,,,,,,,
straight,,,40,249750,31774.3942,1599,GL23 Roof Starter,Floor:RC SLAB_1200 THK:3021005,180,,1680,,,,,,,,,,,,,,,,,,,,,,,,,
straight,,,40,249750,31923.5577,1599,GL23 Roof Starter,Floor:RC SLAB_1200 THK:3021005,180,,1680,,,,,,,,,,,,,,,,,,,,,,,,,
straight,,,40,249750,32054.9654,1599,GL23 Roof Starter,Floor:RC SLAB_1200 THK:3021005,180,,1680,,,,,,,,,,,,,,,,,,,,,,,,,
straight,,,40,249750,32198.3875,1599,GL23 Roof Starter,Floor:RC SLAB_1200 THK:3021005,180,,1680,,,,,,,,,,,,,,,,,,,,,,,,,
straight,,,40,249750,32339.8813,1599,GL23 Roof Starter,Floor:RC SLAB_1200 THK:3021005,180,,1680,,,,,,,,,,,,,,,,,,,,,,,,,
straight,,,40,249750,32480.7964,1599,GL23 Roof Starter,Floor:RC SLAB_1200 THK:3021005,180,,1680,,,,,,,,,,,,,,,,,,,,,,,,,
straight,,,40,249750,31079.2242,1519,GL23 Roof Starter,Floor:RC SLAB_1200 THK:3021005,180,,1680,,,,,,,,,,,,,,,,,,,,,,,,,
straight,,,40,249750,31663.5324,1519,GL23 Roof Starter,Floor:RC SLAB_1200 THK:3021005,180,,1680,,,,,,,,,,,,,,,,,,,,,,,,,
straight,,,40,249750,31774.3942,1519,GL23 Roof Starter,Floor:RC SLAB_1200 THK:3021005,180,,1680,,,,,,,,,,,,,,,,,,,,,,,,,
straight,,,40,249750,31923.5577,1519,GL23 Roof Starter,Floor:RC SLAB_1200 THK:3021005,180,,1680,,,,,,,,,,,,,,,,,,,,,,,,,
straight,,,40,249750,32054.9654,1519,GL23 Roof Starter,Floor:RC SLAB_1200 THK:3021005,180,,1680,,,,,,,,,,,,,,,,,,,,,,,,,
straight,,,40,249750,32198.3875,1519,GL23 Roof Starter,Floor:RC SLAB_1200 THK:3021005,180,,1680,,,,,,,,,,,,,,,,,,,,,,,,,
straight,,,40,249750,32339.8813,1519,GL23 Roof Starter,Floor:RC SLAB_1200 THK:3021005,180,,1680,,,,,,,,,,,,,,,,,,,,,,,,,
straight,,,40,249750,32480.7964,1519,GL23 Roof Starter,Floor:RC SLAB_1200 THK:3021005,180,,1680,,,,,,,,,,,,,,,,,,,,,,,,,
straight,,,40,249750,31079.2242,1439,GL23 Roof Starter,Floor:RC SLAB_1200 THK:3021005,180,,1680,,,,,,,,,,,,,,,,,,,,,,,,,
straight,,,40,249750,31663.5324,1439,GL23 Roof Starter,Floor:RC SLAB_1200 THK:3021005,180,,1680,,,,,,,,,,,,,,,,,,,,,,,,,
straight,,,40,249750,31774.3942,1439,GL23 Roof Starter,Floor:RC SLAB_1200 THK:3021005,180,,1680,,,,,,,,,,,,,,,,,,,,,,,,,
straight,,,40,249750,31923.5577,1439,GL23 Roof Starter,Floor:RC SLAB_1200 THK:3021005,180,,1680,,,,,,,,,,,,,,,,,,,,,,,,,
straight,,,40,249750,32054.9654,1439,GL23 Roof Starter,Floor:RC SLAB_1200 THK:3021005,180,,1680,,,,,,,,,,,,,,,,,,,,,,,,,
straight,,,40,249750,32198.3875,1439,GL23 Roof Starter,Floor:RC SLAB_1200 THK:3021005,180,,1680,,,,,,,,,,,,,,,,,,,,,,,,,
straight,,,40,249750,32339.8813,1439,GL23 Roof Starter,Floor:RC SLAB_1200 THK:3021005,180,,1680,,,,,,,,,,,,,,,,,,,,,,,,,
straight,,,40,249750,32480.7964,1439,GL23 Roof Starter,Floor:RC SLAB_1200 THK:3021005,180,,1680,,,,,,,,,,,,,,,,,,,,,,,,,
straight,,,40,249750,31079.2242,1359,GL23 Roof Starter,Floor:RC SLAB_1200 THK:3021005,180,,1680,,,,,,,,,,,,,,,,,,,,,,,,,
straight,,,40,249750,31663.5324,1359,GL23 Roof Starter,Floor:RC SLAB_1200 THK:3021005,180,,1680,,,,,,,,,,,,,,,,,,,,,,,,,
straight,,,40,249750,31923.5577,1359,GL23 Roof Starter,Floor:RC SLAB_1200 THK:3021005,180,,1680,,,,,,,,,,,,,,,,,,,,,,,,,
straight,,,40,249750,32054.9654,1359,GL23 Roof Starter,Floor:RC SLAB_1200 THK:3021005,180,,1680,,,,,,,,,,,,,,,,,,,,,,,,,
straight,,,40,249750,32198.3875,1359,GL23 Roof Starter,Floor:RC SLAB_1200 THK:3021005,180,,1680,,,,,,,,,,,,,,,,,,,,,,,,,
straight,,,40,249750,32480.7964,1359,GL23 Roof Starter,Floor:RC SLAB_1200 THK:3021005,180,,1680,,,,,,,,,,,,,,,,,,,,,,,,,
straight,,,40,249750,31079.2242,741,GL23 Roof Starter,Floor:RC SLAB_1200 THK:3021005,180,,1680,,,,,,,,,,,,,,,,,,,,,,,,,
straight,,,40,249750,31663.5324,741,GL23 Roof Starter,Floor:RC SLAB_1200 THK:3021005,180,,1680,,,,,,,,,,,,,,,,,,,,,,,,,
straight,,,40,249750,31774.3942,741,GL23 Roof Starter,Floor:RC SLAB_1200 THK:3021005,180,,1680,,,,,,,,,,,,,,,,,,,,,,,,,
straight,,,40,249750,31923.5577,741,GL23 Roof Starter,Floor:RC SLAB_1200 THK:3021005,180,,1680,,,,,,,,,,,,,,,,,,,,,,,,,
straight,,,40,249750,32198.3875,741,GL23 Roof Starter,Floor:RC SLAB_1200 THK:3021005,180,,1680,,,,,,,,,,,,,,,,,,,,,,,,,
straight,,,40,249750,32339.8813,741,GL23 Roof Starter,Floor:RC SLAB_1200 THK:3021005,180,,1680,,,,,,,,,,,,,,,,,,,,,,,,,
straight,,,40,249750,32480.7964,741,GL23 Roof Starter,Floor:RC SLAB_1200 THK:3021005,180,,1680,,,,,,,,,,,,,,,,,,,,,,,,,
straight,,,40,249750,31079.2242,661,GL23 Roof Starter,Floor:RC SLAB_1200 THK:3021005,180,,1680,,,,,,,,,,,,,,,,,,,,,,,,,
straight,,,40,249750,31663.5324,661,GL23 Roof Starter,Floor:RC SLAB_1200 THK:3021005,180,,1680,,,,,,,,,,,,,,,,,,,,,,,,,
straight,,,40,249750,31774.3942,661,GL23 Roof Starter,Floor:RC SLAB_1200 THK:3021005,180,,1680,,,,,,,,,,,,,,,,,,,,,,,,,
straight,,,40,249750,31923.5577,661,GL23 Roof Starter,Floor:RC SLAB_1200 THK:3021005,180,,1680,,,,,,,,,,,,,,,,,,,,,,,,,
straight,,,40,249750,32054.9654,661,GL23 Roof Starter,Floor:RC SLAB_1200 THK:3021005,180,,1680,,,,,,,,,,,,,,,,,,,,,,,,,
straight,,,40,249750,32198.3875,661,GL23 Roof Starter,Floor:RC SLAB_1200 THK:3021005,180,,1680,,,,,,,,,,,,,,,,,,,,,,,,,
straight,,,40,249750,32339.8813,661,GL23 Roof Starter,Floor:RC SLAB_1200 THK:3021005,180,,1680,,,,,,,,,,,,,,,,,,,,,,,,,
straight,,,40,249750,32480.7964,661,GL23 Roof Starter,Floor:RC SLAB_1200 THK:3021005,180,,1680,,,,,,,,,,,,,,,,,,,,,,,,,
straight,,,40,249750,33325.6912,1599,GL23 Roof Starter,Floor:RC SLAB_1200 THK:3021005,180,,1680,,,,,,,,,,,,,,,,,,,,,,,,,
straight,,,40,249750,33468.2795,1599,GL23 Roof Starter,Floor:RC SLAB_1200 THK:3021005,180,,1680,,,,,,,,,,,,,,,,,,,,,,,,,
straight,,,40,249750,33610.8677,1599,GL23 Roof Starter,Floor:RC SLAB_1200 THK:3021005,180,,1680,,,,,,,,,,,,,,,,,,,,,,,,,
straight,,,40,249750,33753.456,1599,GL23 Roof Starter,Floor:RC SLAB_1200 THK:3021005,180,,1680,,,,,,,,,,,,,,,,,,,,,,,,,
straight,,,40,249750,33896.0442,1599,GL23 Roof Starter,Floor:RC SLAB_1200 THK:3021005,180,,1680,,,,,,,,,,,,,,,,,,,,,,,,,
straight,,,40,249750,34038.6324,1599,GL23 Roof Starter,Floor:RC SLAB_1200 THK:3021005,180,,1680,,,,,,,,,,,,,,,,,,,,,,,,,
straight,,,40,249750,34166.8156,1599,GL23 Roof Starter,Floor:RC SLAB_1200 THK:3021005,180,,1680,,,,,,,,,,,,,,,,,,,,,,,,,
straight,,,40,249750,34774.2521,1599,GL23 Roof Starter,Floor:RC SLAB_1200 THK:3021005,180,,1680,,,,,,,,,,,,,,,,,,,,,,,,,
straight,,,40,249750,34894.1618,1599,GL23 Roof Starter,Floor:RC SLAB_1200 THK:3021005,180,,1680,,,,,,,,,,,,,,,,,,,,,,,,,
straight,,,40,249750,35036.7501,1599,GL23 Roof Starter,Floor:RC SLAB_1200 THK:3021005,180,,1680,,,,,,,,,,,,,,,,,,,,,,,,,
straight,,,40,249750,35179.3383,1599,GL23 Roof Starter,Floor:RC SLAB_1200 THK:3021005,180,,1680,,,,,,,,,,,,,,,,,,,,,,,,,
straight,,,40,249750,35321.9265,1599,GL23 Roof Starter,Floor:RC SLAB_1200 THK:3021005,180,,1680,,,,,,,,,,,,,,,,,,,,,,,,,
straight,,,40,249750,35446.9949,1599,GL23 Roof Starter,Floor:RC SLAB_1200 THK:3021005,180,,1680,,,,,,,,,,,,,,,,,,,,,,,,,
straight,,,40,249750,35607.103,1599,GL23 Roof Starter,Floor:RC SLAB_1200 THK:3021005,180,,1680,,,,,,,,,,,,,,,,,,,,,,,,,
straight,,,40,249750,33325.6912,1519,GL23 Roof Starter,Floor:RC SLAB_1200 THK:3021005,180,,1680,,,,,,,,,,,,,,,,,,,,,,,,,
straight,,,40,249750,33468.2795,1519,GL23 Roof Starter,Floor:RC SLAB_1200 THK:3021005,180,,1680,,,,,,,,,,,,,,,,,,,,,,,,,
straight,,,40,249750,33610.8677,1519,GL23 Roof Starter,Floor:RC SLAB_1200 THK:3021005,180,,1680,,,,,,,,,,,,,,,,,,,,,,,,,
straight,,,40,249750,33753.456,1519,GL23 Roof Starter,Floor:RC SLAB_1200 THK:3021005,180,,1680,,,,,,,,,,,,,,,,,,,,,,,,,
straight,,,40,249750,33896.0442,1519,GL23 Roof Starter,Floor:RC SLAB_1200 THK:3021005,180,,1680,,,,,,,,,,,,,,,,,,,,,,,,,
straight,,,40,249750,34038.6324,1519,GL23 Roof Starter,Floor:RC SLAB_1200 THK:3021005,180,,1680,,,,,,,,,,,,,,,,,,,,,,,,,
straight,,,40,249750,34166.8156,1519,GL23 Roof Starter,Floor:RC SLAB_1200 THK:3021005,180,,1680,,,,,,,,,,,,,,,,,,,,,,,,,
straight,,,40,249750,34774.2521,1519,GL23 Roof Starter,Floor:RC SLAB_1200 THK:3021005,180,,1680,,,,,,,,,,,,,,,,,,,,,,,,,
straight,,,40,249750,34894.1618,1519,GL23 Roof Starter,Floor:RC SLAB_1200 THK:3021005,180,,1680,,,,,,,,,,,,,,,,,,,,,,,,,
straight,,,40,249750,35036.7501,1519,GL23 Roof Starter,Floor:RC SLAB_1200 THK:3021005,180,,1680,,,,,,,,,,,,,,,,,,,,,,,,,
straight,,,40,249750,35179.3383,1519,GL23 Roof Starter,Floor:RC SLAB_1200 THK:3021005,180,,1680,,,,,,,,,,,,,,,,,,,,,,,,,
straight,,,40,249750,35321.9265,1519,GL23 Roof Starter,Floor:RC SLAB_1200 THK:3021005,180,,1680,,,,,,,,,,,,,,,,,,,,,,,,,
straight,,,40,249750,35446.9949,1519,GL23 Roof Starter,Floor:RC SLAB_1200 THK:3021005,180,,1680,,,,,,,,,,,,,,,,,,,,,,,,,
straight,,,40,249750,35607.103,1519,GL23 Roof Starter,Floor:RC SLAB_1200 THK:3021005,180,,1680,,,,,,,,,,,,,,,,,,,,,,,,,
straight,,,40,249750,33325.6912,1439,GL23 Roof Starter,Floor:RC SLAB_1200 THK:3021005,180,,1680,,,,,,,,,,,,,,,,,,,,,,,,,
straight,,,40,249750,33468.2795,1439,GL23 Roof Starter,Floor:RC SLAB_1200 THK:3021005,180,,1680,,,,,,,,,,,,,,,,,,,,,,,,,
straight,,,40,249750,33610.8677,1439,GL23 Roof Starter,Floor:RC SLAB_1200 THK:3021005,180,,1680,,,,,,,,,,,,,,,,,,,,,,,,,
straight,,,40,249750,33753.456,1439,GL23 Roof Starter,Floor:RC SLAB_1200 THK:3021005,180,,1680,,,,,,,,,,,,,,,,,,,,,,,,,
straight,,,40,249750,34038.6324,1439,GL23 Roof Starter,Floor:RC SLAB_1200 THK:3021005,180,,1680,,,,,,,,,,,,,,,,,,,,,,,,,
straight,,,40,249750,34166.8156,1439,GL23 Roof Starter,Floor:RC SLAB_1200 THK:3021005,180,,1680,,,,,,,,,,,,,,,,,,,,,,,,,
straight,,,40,249750,34774.2521,1439,GL23 Roof Starter,Floor:RC SLAB_1200 THK:3021005,180,,1680,,,,,,,,,,,,,,,,,,,,,,,,,
straight,,,40,249750,34894.1618,1439,GL23 Roof Starter,Floor:RC SLAB_1200 THK:3021005,180,,1680,,,,,,,,,,,,,,,,,,,,,,,,,
straight,,,40,249750,35179.3383,1439,GL23 Roof Starter,Floor:RC SLAB_1200 THK:3021005,180,,1680,,,,,,,,,,,,,,,,,,,,,,,,,
straight,,,40,249750,35321.9265,1439,GL23 Roof Starter,Floor:RC SLAB_1200 THK:3021005,180,,1680,,,,,,,,,,,,,,,,,,,,,,,,,
straight,,,40,249750,35446.9949,1439,GL23 Roof Starter,Floor:RC SLAB_1200 THK:3021005,180,,1680,,,,,,,,,,,,,,,,,,,,,,,,,
straight,,,40,249750,35607.103,1439,GL23 Roof Starter,Floor:RC SLAB_1200 THK:3021005,180,,1680,,,,,,,,,,,,,,,,,,,,,,,,,
straight,,,40,249750,33325.6912,736,GL23 Roof Starter,Floor:RC SLAB_1200 THK:3021005,180,,1680,,,,,,,,,,,,,,,,,,,,,,,,,
straight,,,40,249750,34166.8156,736,GL23 Roof Starter,Floor:RC SLAB_1200 THK:3021005,180,,1680,,,,,,,,,,,,,,,,,,,,,,,,,
straight,,,40,249750,35607.103,736,GL23 Roof Starter,Floor:RC SLAB_1200 THK:3021005,180,,1680,,,,,,,,,,,,,,,,,,,,,,,,,
straight,,,40,249750,33325.6912,656,GL23 Roof Starter,Floor:RC SLAB_1200 THK:3021005,180,,1680,,,,,,,,,,,,,,,,,,,,,,,,,
straight,,,40,249750,33468.2795,656,GL23 Roof Starter,Floor:RC SLAB_1200 THK:3021005,180,,1680,,,,,,,,,,,,,,,,,,,,,,,,,
straight,,,40,249750,33610.8677,656,GL23 Roof Starter,Floor:RC SLAB_1200 THK:3021005,180,,1680,,,,,,,,,,,,,,,,,,,,,,,,,
straight,,,40,249750,33753.456,656,GL23 Roof Starter,Floor:RC SLAB_1200 THK:3021005,180,,1680,,,,,,,,,,,,,,,,,,,,,,,,,
straight,,,40,249750,33896.0442,656,GL23 Roof Starter,Floor:RC SLAB_1200 THK:3021005,180,,1680,,,,,,,,,,,,,,,,,,,,,,,,,
straight,,,40,249750,34038.6324,656,GL23 Roof Starter,Floor:RC SLAB_1200 THK:3021005,180,,1680,,,,,,,,,,,,,,,,,,,,,,,,,
straight,,,40,249750,34166.8156,656,GL23 Roof Starter,Floor:RC SLAB_1200 THK:3021005,180,,1680,,,,,,,,,,,,,,,,,,,,,,,,,
straight,,,40,249750,34774.2521,656,GL23 Roof Starter,Floor:RC SLAB_1200 THK:3021005,180,,1680,,,,,,,,,,,,,,,,,,,,,,,,,
straight,,,40,249750,34894.1618,656,GL23 Roof Starter,Floor:RC SLAB_1200 THK:3021005,180,,1680,,,,,,,,,,,,,,,,,,,,,,,,,
straight,,,40,249750,35036.7501,656,GL23 Roof Starter,Floor:RC SLAB_1200 THK:3021005,180,,1680,,,,,,,,,,,,,,,,,,,,,,,,,
straight,,,40,249750,35179.3383,656,GL23 Roof Starter,Floor:RC SLAB_1200 THK:3021005,180,,1680,,,,,,,,,,,,,,,,,,,,,,,,,
straight,,,40,249750,35321.9265,656,GL23 Roof Starter,Floor:RC SLAB_1200 THK:3021005,180,,1680,,,,,,,,,,,,,,,,,,,,,,,,,
straight,,,40,249750,35446.9949,656,GL23 Roof Starter,Floor:RC SLAB_1200 THK:3021005,180,,1680,,,,,,,,,,,,,,,,,,,,,,,,,
straight,,,40,249750,35607.103,656,GL23 Roof Starter,Floor:RC SLAB_1200 THK:3021005,180,,1680,,,,,,,,,,,,,,,,,,,,,,,,,
straight,,,40,249750,36045.7573,1639,GL23 Roof Starter,Floor:RC SLAB_1200 THK:3021005,180,,1680,,,,,,,,,,,,,,,,,,,,,,,,,
straight,,,40,249750,36188.3456,1639,GL23 Roof Starter,Floor:RC SLAB_1200 THK:3021005,180,,1680,,,,,,,,,,,,,,,,,,,,,,,,,
straight,,,40,249750,36314.0557,1639,GL23 Roof Starter,Floor:RC SLAB_1200 THK:3021005,180,,1680,,,,,,,,,,,,,,,,,,,,,,,,,
straight,,,40,249750,36473.522,1639,GL23 Roof Starter,Floor:RC SLAB_1200 THK:3021005,180,,1680,,,,,,,,,,,,,,,,,,,,,,,,,
straight,,,40,249750,36616.1103,1639,GL23 Roof Starter,Floor:RC SLAB_1200 THK:3021005,180,,1680,,,,,,,,,,,,,,,,,,,,,,,,,
straight,,,40,249750,36758.6985,1639,GL23 Roof Starter,Floor:RC SLAB_1200 THK:3021005,180,,1680,,,,,,,,,,,,,,,,,,,,,,,,,
straight,,,40,249750,36885.2656,1639,GL23 Roof Starter,Floor:RC SLAB_1200 THK:3021005,180,,1680,,,,,,,,,,,,,,,,,,,,,,,,,
straight,,,40,249750,37470.9447,1639,GL23 Roof Starter,Floor:RC SLAB_1200 THK:3021005,180,,1680,,,,,,,,,,,,,,,,,,,,,,,,,
straight,,,40,249750,37614.2279,1639,GL23 Roof Starter,Floor:RC SLAB_1200 THK:3021005,180,,1680,,,,,,,,,,,,,,,,,,,,,,,,,
straight,,,40,249750,37780.6213,1639,GL23 Roof Starter,Floor:RC SLAB_1200 THK:3021005,180,,1680,,,,,,,,,,,,,,,,,,,,,,,,,
straight,,,40,249750,37899.4044,1639,GL23 Roof Starter,Floor:RC SLAB_1200 THK:3021005,180,,1680,,,,,,,,,,,,,,,,,,,,,,,,,
straight,,,40,249750,38041.9926,1639,GL23 Roof Starter,Floor:RC SLAB_1200 THK:3021005,180,,1680,,,,,,,,,,,,,,,,,,,,,,,,,
straight,,,40,249750,38184.5809,1639,GL23 Roof Starter,Floor:RC SLAB_1200 THK:3021005,180,,1680,,,,,,,,,,,,,,,,,,,,,,,,,
straight,,,40,249750,38327.1691,1639,GL23 Roof Starter,Floor:RC SLAB_1200 THK:3021005,180,,1680,,,,,,,,,,,,,,,,,,,,,,,,,
straight,,,40,249750,36045.7573,1559,GL23 Roof Starter,Floor:RC SLAB_1200 THK:3021005,180,,1680,,,,,,,,,,,,,,,,,,,,,,,,,
straight,,,40,249750,36188.3456,1559,GL23 Roof Starter,Floor:RC SLAB_1200 THK:3021005,180,,1680,,,,,,,,,,,,,,,,,,,,,,,,,
straight,,,40,249750,36314.0557,1559,GL23 Roof Starter,Floor:RC SLAB_1200 THK:3021005,180,,1680,,,,,,,,,,,,,,,,,,,,,,,,,
straight,,,40,249750,36473.522,1559,GL23 Roof Starter,Floor:RC SLAB_1200 THK:3021005,180,,1680,,,,,,,,,,,,,,,,,,,,,,,,,
straight,,,40,249750,36616.1103,1559,GL23 Roof Starter,Floor:RC SLAB_1200 THK:3021005,180,,1680,,,,,,,,,,,,,,,,,,,,,,,,,
straight,,,40,249750,36758.6985,1559,GL23 Roof Starter,Floor:RC SLAB_1200 THK:3021005,180,,1680,,,,,,,,,,,,,,,,,,,,,,,,,
straight,,,40,249750,36885.2656,1559,GL23 Roof Starter,Floor:RC SLAB_1200 THK:3021005,180,,1680,,,,,,,,,,,,,,,,,,,,,,,,,
straight,,,40,249750,37470.9447,1559,GL23 Roof Starter,Floor:RC SLAB_1200 THK:3021005,180,,1680,,,,,,,,,,,,,,,,,,,,,,,,,
straight,,,40,249750,37614.2279,1559,GL23 Roof Starter,Floor:RC SLAB_1200 THK:3021005,180,,1680,,,,,,,,,,,,,,,,,,,,,,,,,
straight,,,40,249750,37780.6213,1559,GL23 Roof Starter,Floor:RC SLAB_1200 THK:3021005,180,,1680,,,,,,,,,,,,,,,,,,,,,,,,,
straight,,,40,249750,37899.4044,1559,GL23 Roof Starter,Floor:RC SLAB_1200 THK:3021005,180,,1680,,,,,,,,,,,,,,,,,,,,,,,,,
straight,,,40,249750,38041.9926,1559,GL23 Roof Starter,Floor:RC SLAB_1200 THK:3021005,180,,1680,,,,,,,,,,,,,,,,,,,,,,,,,
straight,,,40,249750,38184.5809,1559,GL23 Roof Starter,Floor:RC SLAB_1200 THK:3021005,180,,1680,,,,,,,,,,,,,,,,,,,,,,,,,
straight,,,40,249750,38327.1691,1559,GL23 Roof Starter,Floor:RC SLAB_1200 THK:3021005,180,,1680,,,,,,,,,,,,,,,,,,,,,,,,,
straight,,,40,249750,36045.7573,1479,GL23 Roof Starter,Floor:RC SLAB_1200 THK:3021005,180,,1680,,,,,,,,,,,,,,,,,,,,,,,,,
straight,,,40,249750,36188.3456,1479,GL23 Roof Starter,Floor:RC SLAB_1200 THK:3021005,180,,1680,,,,,,,,,,,,,,,,,,,,,,,,,
straight,,,40,249750,36314.0557,1479,GL23 Roof Starter,Floor:RC SLAB_1200 THK:3021005,180,,1680,,,,,,,,,,,,,,,,,,,,,,,,,
straight,,,40,249750,36473.522,1479,GL23 Roof Starter,Floor:RC SLAB_1200 THK:3021005,180,,1680,,,,,,,,,,,,,,,,,,,,,,,,,
straight,,,40,249750,36616.1103,1479,GL23 Roof Starter,Floor:RC SLAB_1200 THK:3021005,180,,1680,,,,,,,,,,,,,,,,,,,,,,,,,
straight,,,40,249750,36758.6985,1479,GL23 Roof Starter,Floor:RC SLAB_1200 THK:3021005,180,,1680,,,,,,,,,,,,,,,,,,,,,,,,,
straight,,,40,249750,36885.2656,1479,GL23 Roof Starter,Floor:RC SLAB_1200 THK:3021005,180,,1680,,,,,,,,,,,,,,,,,,,,,,,,,
straight,,,40,249750,37470.9447,1479,GL23 Roof Starter,Floor:RC SLAB_1200 THK:3021005,180,,1680,,,,,,,,,,,,,,,,,,,,,,,,,
straight,,,40,249750,37614.2279,1479,GL23 Roof Starter,Floor:RC SLAB_1200 THK:3021005,180,,1680,,,,,,,,,,,,,,,,,,,,,,,,,
straight,,,40,249750,37780.6213,1479,GL23 Roof Starter,Floor:RC SLAB_1200 THK:3021005,180,,1680,,,,,,,,,,,,,,,,,,,,,,,,,
straight,,,40,249750,37899.4044,1479,GL23 Roof Starter,Floor:RC SLAB_1200 THK:3021005,180,,1680,,,,,,,,,,,,,,,,,,,,,,,,,
straight,,,40,249750,38041.9926,1479,GL23 Roof Starter,Floor:RC SLAB_1200 THK:3021005,180,,1680,,,,,,,,,,,,,,,,,,,,,,,,,
straight,,,40,249750,38184.5809,1479,GL23 Roof Starter,Floor:RC SLAB_1200 THK:3021005,180,,1680,,,,,,,,,,,,,,,,,,,,,,,,,
straight,,,40,249750,38327.1691,1479,GL23 Roof Starter,Floor:RC SLAB_1200 THK:3021005,180,,1680,,,,,,,,,,,,,,,,,,,,,,,,,
straight,,,40,249750,36188.3456,1399,GL23 Roof Starter,Floor:RC SLAB_1200 THK:3021005,180,,1680,,,,,,,,,,,,,,,,,,,,,,,,,
straight,,,40,249750,36314.0557,1399,GL23 Roof Starter,Floor:RC SLAB_1200 THK:3021005,180,,1680,,,,,,,,,,,,,,,,,,,,,,,,,
straight,,,40,249750,36758.6985,1399,GL23 Roof Starter,Floor:RC SLAB_1200 THK:3021005,180,,1680,,,,,,,,,,,,,,,,,,,,,,,,,
straight,,,40,249750,36885.2656,1399,GL23 Roof Starter,Floor:RC SLAB_1200 THK:3021005,180,,1680,,,,,,,,,,,,,,,,,,,,,,,,,
straight,,,40,249750,37470.9447,1399,GL23 Roof Starter,Floor:RC SLAB_1200 THK:3021005,180,,1680,,,,,,,,,,,,,,,,,,,,,,,,,
straight,,,40,249750,37614.2279,1399,GL23 Roof Starter,Floor:RC SLAB_1200 THK:3021005,180,,1680,,,,,,,,,,,,,,,,,,,,,,,,,
straight,,,40,249750,38041.9926,1399,GL23 Roof Starter,Floor:RC SLAB_1200 THK:3021005,180,,1680,,,,,,,,,,,,,,,,,,,,,,,,,
straight,,,40,249750,38184.5809,1399,GL23 Roof Starter,Floor:RC SLAB_1200 THK:3021005,180,,1680,,,,,,,,,,,,,,,,,,,,,,,,,
straight,,,40,249750,36188.3456,-104,GL23 Roof Starter,Floor:RC SLAB_1200 THK:3021005,180,,1680,,,,,,,,,,,,,,,,,,,,,,,,,
straight,,,40,249750,36758.6985,-104,GL23 Roof Starter,Floor:RC SLAB_1200 THK:3021005,180,,1680,,,,,,,,,,,,,,,,,,,,,,,,,
straight,,,40,249750,36885.2656,-104,GL23 Roof Starter,Floor:RC SLAB_1200 THK:3021005,180,,1680,,,,,,,,,,,,,,,,,,,,,,,,,
straight,,,40,249750,37470.9447,-104,GL23 Roof Starter,Floor:RC SLAB_1200 THK:3021005,180,,1680,,,,,,,,,,,,,,,,,,,,,,,,,
straight,,,40,249750,37614.2279,-104,GL23 Roof Starter,Floor:RC SLAB_1200 THK:3021005,180,,1680,,,,,,,,,,,,,,,,,,,,,,,,,
straight,,,40,249750,38041.9926,-104,GL23 Roof Starter,Floor:RC SLAB_1200 THK:3021005,180,,1680,,,,,,,,,,,,,,,,,,,,,,,,,
straight,,,40,249750,38184.5809,-104,GL23 Roof Starter,Floor:RC SLAB_1200 THK:3021005,180,,1680,,,,,,,,,,,,,,,,,,,,,,,,,
straight,,,40,249750,36045.7573,-184,GL23 Roof Starter,Floor:RC SLAB_1200 THK:3021005,180,,1680,,,,,,,,,,,,,,,,,,,,,,,,,
straight,,,40,249750,36188.3456,-184,GL23 Roof Starter,Floor:RC SLAB_1200 THK:3021005,180,,1680,,,,,,,,,,,,,,,,,,,,,,,,,
straight,,,40,249750,36314.0557,-184,GL23 Roof Starter,Floor:RC SLAB_1200 THK:3021005,180,,1680,,,,,,,,,,,,,,,,,,,,,,,,,
straight,,,40,249750,36473.522,-184,GL23 Roof Starter,Floor:RC SLAB_1200 THK:3021005,180,,1680,,,,,,,,,,,,,,,,,,,,,,,,,
straight,,,40,249750,36616.1103,-184,GL23 Roof Starter,Floor:RC SLAB_1200 THK:3021005,180,,1680,,,,,,,,,,,,,,,,,,,,,,,,,
straight,,,40,249750,36758.6985,-184,GL23 Roof Starter,Floor:RC SLAB_1200 THK:3021005,180,,1680,,,,,,,,,,,,,,,,,,,,,,,,,
straight,,,40,249750,36885.2656,-184,GL23 Roof Starter,Floor:RC SLAB_1200 THK:3021005,180,,1680,,,,,,,,,,,,,,,,,,,,,,,,,
straight,,,40,249750,37470.9447,-184,GL23 Roof Starter,Floor:RC SLAB_1200 THK:3021005,180,,1680,,,,,,,,,,,,,,,,,,,,,,,,,
straight,,,40,249750,37614.2279,-184,GL23 Roof Starter,Floor:RC SLAB_1200 THK:3021005,180,,1680,,,,,,,,,,,,,,,,,,,,,,,,,
straight,,,40,249750,37780.6213,-184,GL23 Roof Starter,Floor:RC SLAB_1200 THK:3021005,180,,1680,,,,,,,,,,,,,,,,,,,,,,,,,
straight,,,40,249750,37899.4044,-184,GL23 Roof Starter,Floor:RC SLAB_1200 THK:3021005,180,,1680,,,,,,,,,,,,,,,,,,,,,,,,,
straight,,,40,249750,38041.9926,-184,GL23 Roof Starter,Floor:RC SLAB_1200 THK:3021005,180,,1680,,,,,,,,,,,,,,,,,,,,,,,,,
straight,,,40,249750,38184.5809,-184,GL23 Roof Starter,Floor:RC SLAB_1200 THK:3021005,180,,1680,,,,,,,,,,,,,,,,,,,,,,,,,
straight,,,40,249750,38327.1691,-184,GL23 Roof Starter,Floor:RC SLAB_1200 THK:3021005,180,,1680,,,,,,,,,,,,,,,,,,,,,,,,,
straight,,,16,249750,36045.7573,1399,GL23 Roof Starter,Floor:RC SLAB_1200 THK:3021005,180,,1680,,,,,,,,,,,,,,,,,,,,,,,,,
straight,,,16,249750,36045.7573,1299,GL23 Roof Starter,Floor:RC SLAB_1200 THK:3021005,180,,1680,,,,,,,,,,,,,,,,,,,,,,,,,
straight,,,16,249750,36045.7573,1199,GL23 Roof Starter,Floor:RC SLAB_1200 THK:3021005,180,,1680,,,,,,,,,,,,,,,,,,,,,,,,,
straight,,,16,249750,36045.7573,1099,GL23 Roof Starter,Floor:RC SLAB_1200 THK:3021005,180,,1680,,,,,,,,,,,,,,,,,,,,,,,,,
straight,,,16,249750,36045.7573,999,GL23 Roof Starter,Floor:RC SLAB_1200 THK:3021005,180,,1680,,,,,,,,,,,,,,,,,,,,,,,,,
straight,,,16,249750,36045.7573,899,GL23 Roof Starter,Floor:RC SLAB_1200 THK:3021005,180,,1680,,,,,,,,,,,,,,,,,,,,,,,,,
straight,,,16,249750,36045.7573,799,GL23 Roof Starter,Floor:RC SLAB_1200 THK:3021005,180,,1680,,,,,,,,,,,,,,,,,,,,,,,,,
straight,,,16,249750,36045.7573,699,GL23 Roof Starter,Floor:RC SLAB_1200 THK:3021005,180,,1680,,,,,,,,,,,,,,,,,,,,,,,,,
straight,,,16,249750,36045.7573,599,GL23 Roof Starter,Floor:RC SLAB_1200 THK:3021005,180,,1680,,,,,,,,,,,,,,,,,,,,,,,,,
straight,,,16,249750,36045.7573,499,GL23 Roof Starter,Floor:RC SLAB_1200 THK:3021005,180,,1680,,,,,,,,,,,,,,,,,,,,,,,,,
straight,,,16,249750,36045.7573,399,GL23 Roof Starter,Floor:RC SLAB_1200 THK:3021005,180,,1680,,,,,,,,,,,,,,,,,,,,,,,,,
straight,,,16,249750,36045.7573,299,GL23 Roof Starter,Floor:RC SLAB_1200 THK:3021005,180,,1680,,,,,,,,,,,,,,,,,,,,,,,,,
straight,,,16,249750,36045.7573,199,GL23 Roof Starter,Floor:RC SLAB_1200 THK:3021005,180,,1680,,,,,,,,,,,,,,,,,,,,,,,,,
straight,,,16,249750,36045.7573,99,GL23 Roof Starter,Floor:RC SLAB_1200 THK:3021005,180,,1680,,,,,,,,,,,,,,,,,,,,,,,,,
straight,,,16,249750,36045.7573,-1,GL23 Roof Starter,Floor:RC SLAB_1200 THK:3021005,180,,1680,,,,,,,,,,,,,,,,,,,,,,,,,
straight,,,16,249750,36045.7573,-101,GL23 Roof Starter,Floor:RC SLAB_1200 THK:3021005,180,,1680,,,,,,,,,,,,,,,,,,,,,,,,,
straight,,,16,249750,38327.1691,1399,GL23 Roof Starter,Floor:RC SLAB_1200 THK:3021005,180,,1680,,,,,,,,,,,,,,,,,,,,,,,,,
straight,,,16,249750,38327.1691,1299,GL23 Roof Starter,Floor:RC SLAB_1200 THK:3021005,180,,1680,,,,,,,,,,,,,,,,,,,,,,,,,
straight,,,16,249750,38327.1691,1199,GL23 Roof Starter,Floor:RC SLAB_1200 THK:3021005,180,,1680,,,,,,,,,,,,,,,,,,,,,,,,,
straight,,,16,249750,38327.1691,1099,GL23 Roof Starter,Floor:RC SLAB_1200 THK:3021005,180,,1680,,,,,,,,,,,,,,,,,,,,,,,,,
straight,,,16,249750,38327.1691,999,GL23 Roof Starter,Floor:RC SLAB_1200 THK:3021005,180,,1680,,,,,,,,,,,,,,,,,,,,,,,,,
straight,,,16,249750,38327.1691,899,GL23 Roof Starter,Floor:RC SLAB_1200 THK:3021005,180,,1680,,,,,,,,,,,,,,,,,,,,,,,,,
straight,,,16,249750,38327.1691,799,GL23 Roof Starter,Floor:RC SLAB_1200 THK:3021005,180,,1680,,,,,,,,,,,,,,,,,,,,,,,,,
straight,,,16,249750,38327.1691,699,GL23 Roof Starter,Floor:RC SLAB_1200 THK:3021005,180,,1680,,,,,,,,,,,,,,,,,,,,,,,,,
straight,,,16,249750,38327.1691,599,GL23 Roof Starter,Floor:RC SLAB_1200 THK:3021005,180,,1680,,,,,,,,,,,,,,,,,,,,,,,,,
straight,,,16,249750,38327.1691,499,GL23 Roof Starter,Floor:RC SLAB_1200 THK:3021005,180,,1680,,,,,,,,,,,,,,,,,,,,,,,,,
straight,,,16,249750,38327.1691,399,GL23 Roof Starter,Floor:RC SLAB_1200 THK:3021005,180,,1680,,,,,,,,,,,,,,,,,,,,,,,,,
straight,,,16,249750,38327.1691,299,GL23 Roof Starter,Floor:RC SLAB_1200 THK:3021005,180,,1680,,,,,,,,,,,,,,,,,,,,,,,,,
straight,,,16,249750,38327.1691,199,GL23 Roof Starter,Floor:RC SLAB_1200 THK:3021005,180,,1680,,,,,,,,,,,,,,,,,,,,,,,,,
straight,,,16,249750,38327.1691,99,GL23 Roof Starter,Floor:RC SLAB_1200 THK:3021005,180,,1680,,,,,,,,,,,,,,,,,,,,,,,,,
straight,,,16,249750,38327.1691,-1,GL23 Roof Starter,Floor:RC SLAB_1200 THK:3021005,180,,1680,,,,,,,,,,,,,,,,,,,,,,,,,
straight,,,16,249750,38327.1691,-101,GL23 Roof Starter,Floor:RC SLAB_1200 THK:3021005,180,,1680,,,,,,,,,,,,,,,,,,,,,,,,,
straight,,,40,249750,39126.0562,1639,GL23 Roof Starter,Floor:RC SLAB_1200 THK:3021005,180,,1680,,,,,,,,,,,,,,,,,,,,,,,,,
straight,,,40,249750,39269.1911,1639,GL23 Roof Starter,Floor:RC SLAB_1200 THK:3021005,180,,1680,,,,,,,,,,,,,,,,,,,,,,,,,
straight,,,40,249750,39435.0001,1639,GL23 Roof Starter,Floor:RC SLAB_1200 THK:3021005,180,,1680,,,,,,,,,,,,,,,,,,,,,,,,,
straight,,,40,249750,39556.8901,1639,GL23 Roof Starter,Floor:RC SLAB_1200 THK:3021005,180,,1680,,,,,,,,,,,,,,,,,,,,,,,,,
straight,,,40,249750,39126.0562,1559,GL23 Roof Starter,Floor:RC SLAB_1200 THK:3021005,180,,1680,,,,,,,,,,,,,,,,,,,,,,,,,
straight,,,40,249750,39269.1911,1559,GL23 Roof Starter,Floor:RC SLAB_1200 THK:3021005,180,,1680,,,,,,,,,,,,,,,,,,,,,,,,,
straight,,,40,249750,39435.0001,1559,GL23 Roof Starter,Floor:RC SLAB_1200 THK:3021005,180,,1680,,,,,,,,,,,,,,,,,,,,,,,,,
straight,,,40,249750,39556.8901,1559,GL23 Roof Starter,Floor:RC SLAB_1200 THK:3021005,180,,1680,,,,,,,,,,,,,,,,,,,,,,,,,
straight,,,40,249750,39126.0562,1479,GL23 Roof Starter,Floor:RC SLAB_1200 THK:3021005,180,,1680,,,,,,,,,,,,,,,,,,,,,,,,,
straight,,,40,249750,39269.1911,1479,GL23 Roof Starter,Floor:RC SLAB_1200 THK:3021005,180,,1680,,,,,,,,,,,,,,,,,,,,,,,,,
straight,,,40,249750,39435.0001,1479,GL23 Roof Starter,Floor:RC SLAB_1200 THK:3021005,180,,1680,,,,,,,,,,,,,,,,,,,,,,,,,
straight,,,40,249750,39556.8901,1479,GL23 Roof Starter,Floor:RC SLAB_1200 THK:3021005,180,,1680,,,,,,,,,,,,,,,,,,,,,,,,,
straight,,,40,249750,39126.0562,1399,GL23 Roof Starter,Floor:RC SLAB_1200 THK:3021005,180,,1680,,,,,,,,,,,,,,,,,,,,,,,,,
straight,,,40,249750,39126.0562,-104,GL23 Roof Starter,Floor:RC SLAB_1200 THK:3021005,180,,1680,,,,,,,,,,,,,,,,,,,,,,,,,
straight,,,40,249750,39269.1911,-104,GL23 Roof Starter,Floor:RC SLAB_1200 THK:3021005,180,,1680,,,,,,,,,,,,,,,,,,,,,,,,,
straight,,,40,249750,39435.0001,-104,GL23 Roof Starter,Floor:RC SLAB_1200 THK:3021005,180,,1680,,,,,,,,,,,,,,,,,,,,,,,,,
straight,,,40,249750,39556.8901,-104,GL23 Roof Starter,Floor:RC SLAB_1200 THK:3021005,180,,1680,,,,,,,,,,,,,,,,,,,,,,,,,
straight,,,40,249750,39126.0562,-184,GL23 Roof Starter,Floor:RC SLAB_1200 THK:3021005,180,,1680,,,,,,,,,,,,,,,,,,,,,,,,,
straight,,,40,249750,39269.1911,-184,GL23 Roof Starter,Floor:RC SLAB_1200 THK:3021005,180,,1680,,,,,,,,,,,,,,,,,,,,,,,,,
straight,,,40,249750,39435.0001,-184,GL23 Roof Starter,Floor:RC SLAB_1200 THK:3021005,180,,1680,,,,,,,,,,,,,,,,,,,,,,,,,
straight,,,40,249750,39556.8901,-184,GL23 Roof Starter,Floor:RC SLAB_1200 THK:3021005,180,,1680,,,,,,,,,,,,,,,,,,,,,,,,,
straight,,,16,249750,39607.8901,1399,GL23 Roof Starter,Floor:RC SLAB_1200 THK:3021005,180,,1680,,,,,,,,,,,,,,,,,,,,,,,,,
straight,,,16,249750,39607.8901,1304,GL23 Roof Starter,Floor:RC SLAB_1200 THK:3021005,180,,1680,,,,,,,,,,,,,,,,,,,,,,,,,
straight,,,16,249750,39607.8901,1209,GL23 Roof Starter,Floor:RC SLAB_1200 THK:3021005,180,,1680,,,,,,,,,,,,,,,,,,,,,,,,,
straight,,,16,249750,39607.8901,1114,GL23 Roof Starter,Floor:RC SLAB_1200 THK:3021005,180,,1680,,,,,,,,,,,,,,,,,,,,,,,,,
straight,,,16,249750,39607.8901,1019,GL23 Roof Starter,Floor:RC SLAB_1200 THK:3021005,180,,1680,,,,,,,,,,,,,,,,,,,,,,,,,
straight,,,16,249750,39607.8901,924,GL23 Roof Starter,Floor:RC SLAB_1200 THK:3021005,180,,1680,,,,,,,,,,,,,,,,,,,,,,,,,
straight,,,16,249750,39607.8901,829,GL23 Roof Starter,Floor:RC SLAB_1200 THK:3021005,180,,1680,,,,,,,,,,,,,,,,,,,,,,,,,
straight,,,16,249750,39607.8901,734,GL23 Roof Starter,Floor:RC SLAB_1200 THK:3021005,180,,1680,,,,,,,,,,,,,,,,,,,,,,,,,
straight,,,16,249750,39607.8901,639,GL23 Roof Starter,Floor:RC SLAB_1200 THK:3021005,180,,1680,,,,,,,,,,,,,,,,,,,,,,,,,
straight,,,16,249750,39607.8901,544,GL23 Roof Starter,Floor:RC SLAB_1200 THK:3021005,180,,1680,,,,,,,,,,,,,,,,,,,,,,,,,
straight,,,16,249750,39607.8901,449,GL23 Roof Starter,Floor:RC SLAB_1200 THK:3021005,180,,1680,,,,,,,,,,,,,,,,,,,,,,,,,
straight,,,16,249750,39607.8901,354,GL23 Roof Starter,Floor:RC SLAB_1200 THK:3021005,180,,1680,,,,,,,,,,,,,,,,,,,,,,,,,
straight,,,16,249750,39607.8901,259,GL23 Roof Starter,Floor:RC SLAB_1200 THK:3021005,180,,1680,,,,,,,,,,,,,,,,,,,,,,,,,
straight,,,16,249750,39607.8901,164,GL23 Roof Starter,Floor:RC SLAB_1200 THK:3021005,180,,1680,,,,,,,,,,,,,,,,,,,,,,,,,
straight,,,16,249750,39607.8901,69,GL23 Roof Starter,Floor:RC SLAB_1200 THK:3021005,180,,1680,,,,,,,,,,,,,,,,,,,,,,,,,
straight,,,16,249750,39607.8901,-26,GL23 Roof Starter,Floor:RC SLAB_1200 THK:3021005,180,,1680,,,,,,,,,,,,,,,,,,,,,,,,,
straight,,,40,249750,39866.1549,1599,GL23 Roof Starter,Floor:RC SLAB_1200 THK:3021005,180,,1680,,,,,,,,,,,,,,,,,,,,,,,,,
straight,,,40,249750,40421.8572,1599,GL23 Roof Starter,Floor:RC SLAB_1200 THK:3021005,180,,1680,,,,,,,,,,,,,,,,,,,,,,,,,
straight,,,40,249750,40566.447,1599,GL23 Roof Starter,Floor:RC SLAB_1200 THK:3021005,180,,1680,,,,,,,,,,,,,,,,,,,,,,,,,
straight,,,40,249750,40711.0053,1599,GL23 Roof Starter,Floor:RC SLAB_1200 THK:3021005,180,,1680,,,,,,,,,,,,,,,,,,,,,,,,,
straight,,,40,249750,40856.4522,1599,GL23 Roof Starter,Floor:RC SLAB_1200 THK:3021005,180,,1680,,,,,,,,,,,,,,,,,,,,,,,,,
straight,,,40,249750,40999.1817,1599,GL23 Roof Starter,Floor:RC SLAB_1200 THK:3021005,180,,1680,,,,,,,,,,,,,,,,,,,,,,,,,
straight,,,40,249750,41143.8254,1599,GL23 Roof Starter,Floor:RC SLAB_1200 THK:3021005,180,,1680,,,,,,,,,,,,,,,,,,,,,,,,,
straight,,,40,249750,41288.7582,1599,GL23 Roof Starter,Floor:RC SLAB_1200 THK:3021005,180,,1680,,,,,,,,,,,,,,,,,,,,,,,,,
straight,,,40,249750,41475.3267,1599,GL23 Roof Starter,Floor:RC SLAB_1200 THK:3021005,180,,1680,,,,,,,,,,,,,,,,,,,,,,,,,
straight,,,40,249750,39866.1549,1519,GL23 Roof Starter,Floor:RC SLAB_1200 THK:3021005,180,,1680,,,,,,,,,,,,,,,,,,,,,,,,,
straight,,,40,249750,40421.8572,1519,GL23 Roof Starter,Floor:RC SLAB_1200 THK:3021005,180,,1680,,,,,,,,,,,,,,,,,,,,,,,,,
straight,,,40,249750,40566.447,1519,GL23 Roof Starter,Floor:RC SLAB_1200 THK:3021005,180,,1680,,,,,,,,,,,,,,,,,,,,,,,,,
straight,,,40,249750,40711.0053,1519,GL23 Roof Starter,Floor:RC SLAB_1200 THK:3021005,180,,1680,,,,,,,,,,,,,,,,,,,,,,,,,
straight,,,40,249750,40856.4522,1519,GL23 Roof Starter,Floor:RC SLAB_1200 THK:3021005,180,,1680,,,,,,,,,,,,,,,,,,,,,,,,,
straight,,,40,249750,40999.1817,1519,GL23 Roof Starter,Floor:RC SLAB_1200 THK:3021005,180,,1680,,,,,,,,,,,,,,,,,,,,,,,,,
straight,,,40,249750,41143.8254,1519,GL23 Roof Starter,Floor:RC SLAB_1200 THK:3021005,180,,1680,,,,,,,,,,,,,,,,,,,,,,,,,
straight,,,40,249750,41288.7582,1519,GL23 Roof Starter,Floor:RC SLAB_1200 THK:3021005,180,,1680,,,,,,,,,,,,,,,,,,,,,,,,,
straight,,,40,249750,41475.3267,1519,GL23 Roof Starter,Floor:RC SLAB_1200 THK:3021005,180,,1680,,,,,,,,,,,,,,,,,,,,,,,,,
straight,,,40,249750,39866.1549,1439,GL23 Roof Starter,Floor:RC SLAB_1200 THK:3021005,180,,1680,,,,,,,,,,,,,,,,,,,,,,,,,
straight,,,40,249750,40421.8572,1439,GL23 Roof Starter,Floor:RC SLAB_1200 THK:3021005,180,,1680,,,,,,,,,,,,,,,,,,,,,,,,,
straight,,,40,249750,40566.447,1439,GL23 Roof Starter,Floor:RC SLAB_1200 THK:3021005,180,,1680,,,,,,,,,,,,,,,,,,,,,,,,,
straight,,,40,249750,40711.0053,1439,GL23 Roof Starter,Floor:RC SLAB_1200 THK:3021005,180,,1680,,,,,,,,,,,,,,,,,,,,,,,,,
straight,,,40,249750,40856.4522,1439,GL23 Roof Starter,Floor:RC SLAB_1200 THK:3021005,180,,1680,,,,,,,,,,,,,,,,,,,,,,,,,
straight,,,40,249750,40999.1817,1439,GL23 Roof Starter,Floor:RC SLAB_1200 THK:3021005,180,,1680,,,,,,,,,,,,,,,,,,,,,,,,,
straight,,,40,249750,41143.8254,1439,GL23 Roof Starter,Floor:RC SLAB_1200 THK:3021005,180,,1680,,,,,,,,,,,,,,,,,,,,,,,,,
straight,,,40,249750,41288.7582,1439,GL23 Roof Starter,Floor:RC SLAB_1200 THK:3021005,180,,1680,,,,,,,,,,,,,,,,,,,,,,,,,
straight,,,40,249750,41475.3267,1439,GL23 Roof Starter,Floor:RC SLAB_1200 THK:3021005,180,,1680,,,,,,,,,,,,,,,,,,,,,,,,,
straight,,,40,249750,41475.3267,1359,GL23 Roof Starter,Floor:RC SLAB_1200 THK:3021005,180,,1680,,,,,,,,,,,,,,,,,,,,,,,,,
straight,,,25,249750,39866.1549,736,GL23 Roof Starter,Floor:RC SLAB_1200 THK:3021005,180,,1680,,,,,,,,,,,,,,,,,,,,,,,,,
straight,,,25,249750,40421.8572,736,GL23 Roof Starter,Floor:RC SLAB_1200 THK:3021005,180,,1680,,,,,,,,,,,,,,,,,,,,,,,,,
straight,,,25,249750,40566.447,736,GL23 Roof Starter,Floor:RC SLAB_1200 THK:3021005,180,,1680,,,,,,,,,,,,,,,,,,,,,,,,,
straight,,,25,249750,40711.0053,736,GL23 Roof Starter,Floor:RC SLAB_1200 THK:3021005,180,,1680,,,,,,,,,,,,,,,,,,,,,,,,,
straight,,,25,249750,40856.4522,736,GL23 Roof Starter,Floor:RC SLAB_1200 THK:3021005,180,,1680,,,,,,,,,,,,,,,,,,,,,,,,,
straight,,,25,249750,40999.1817,736,GL23 Roof Starter,Floor:RC SLAB_1200 THK:3021005,180,,1680,,,,,,,,,,,,,,,,,,,,,,,,,
straight,,,25,249750,41143.8254,736,GL23 Roof Starter,Floor:RC SLAB_1200 THK:3021005,180,,1680,,,,,,,,,,,,,,,,,,,,,,,,,
straight,,,25,249750,41288.7582,736,GL23 Roof Starter,Floor:RC SLAB_1200 THK:3021005,180,,1680,,,,,,,,,,,,,,,,,,,,,,,,,
straight,,,25,249750,41475.3267,736,GL23 Roof Starter,Floor:RC SLAB_1200 THK:3021005,180,,1680,,,,,,,,,,,,,,,,,,,,,,,,,
straight,,,25,249750,39866.1549,656,GL23 Roof Starter,Floor:RC SLAB_1200 THK:3021005,180,,1680,,,,,,,,,,,,,,,,,,,,,,,,,
straight,,,25,249750,40421.8572,656,GL23 Roof Starter,Floor:RC SLAB_1200 THK:3021005,180,,1680,,,,,,,,,,,,,,,,,,,,,,,,,
straight,,,25,249750,40566.447,656,GL23 Roof Starter,Floor:RC SLAB_1200 THK:3021005,180,,1680,,,,,,,,,,,,,,,,,,,,,,,,,
straight,,,25,249750,40711.0053,656,GL23 Roof Starter,Floor:RC SLAB_1200 THK:3021005,180,,1680,,,,,,,,,,,,,,,,,,,,,,,,,
straight,,,25,249750,40856.4522,656,GL23 Roof Starter,Floor:RC SLAB_1200 THK:3021005,180,,1680,,,,,,,,,,,,,,,,,,,,,,,,,
straight,,,25,249750,40999.1817,656,GL23 Roof Starter,Floor:RC SLAB_1200 THK:3021005,180,,1680,,,,,,,,,,,,,,,,,,,,,,,,,
straight,,,25,249750,41143.8254,656,GL23 Roof Starter,Floor:RC SLAB_1200 THK:3021005,180,,1680,,,,,,,,,,,,,,,,,,,,,,,,,
straight,,,25,249750,41288.7582,656,GL23 Roof Starter,Floor:RC SLAB_1200 THK:3021005,180,,1680,,,,,,,,,,,,,,,,,,,,,,,,,
straight,,,25,249750,41475.3267,656,GL23 Roof Starter,Floor:RC SLAB_1200 THK:3021005,180,,1680,,,,,,,,,,,,,,,,,,,,,,,,,
straight,,,40,249750,42017.058,1599,GL23 Roof Starter,Floor:RC SLAB_1200 THK:3021005,180,,1680,,,,,,,,,,,,,,,,,,,,,,,,,
straight,,,40,249750,42159.9091,1599,GL23 Roof Starter,Floor:RC SLAB_1200 THK:3021005,180,,1680,,,,,,,,,,,,,,,,,,,,,,,,,
straight,,,40,249750,42306.37,1599,GL23 Roof Starter,Floor:RC SLAB_1200 THK:3021005,180,,1680,,,,,,,,,,,,,,,,,,,,,,,,,
straight,,,40,249750,42449.9469,1599,GL23 Roof Starter,Floor:RC SLAB_1200 THK:3021005,180,,1680,,,,,,,,,,,,,,,,,,,,,,,,,
straight,,,40,249750,42594.787,1599,GL23 Roof Starter,Floor:RC SLAB_1200 THK:3021005,180,,1680,,,,,,,,,,,,,,,,,,,,,,,,,
straight,,,40,249750,42738.1015,1599,GL23 Roof Starter,Floor:RC SLAB_1200 THK:3021005,180,,1680,,,,,,,,,,,,,,,,,,,,,,,,,
straight,,,40,249750,42881.844,1599,GL23 Roof Starter,Floor:RC SLAB_1200 THK:3021005,180,,1680,,,,,,,,,,,,,,,,,,,,,,,,,
straight,,,40,249750,43416.3141,1599,GL23 Roof Starter,Floor:RC SLAB_1200 THK:3021005,180,,1680,,,,,,,,,,,,,,,,,,,,,,,,,
straight,,,40,249750,43562.2942,1599,GL23 Roof Starter,Floor:RC SLAB_1200 THK:3021005,180,,1680,,,,,,,,,,,,,,,,,,,,,,,,,
straight,,,40,249750,43705.8861,1599,GL23 Roof Starter,Floor:RC SLAB_1200 THK:3021005,180,,1680,,,,,,,,,,,,,,,,,,,,,,,,,
straight,,,40,249750,43849.0703,1599,GL23 Roof Starter,Floor:RC SLAB_1200 THK:3021005,180,,1680,,,,,,,,,,,,,,,,,,,,,,,,,
straight,,,40,249750,43994.8389,1599,GL23 Roof Starter,Floor:RC SLAB_1200 THK:3021005,180,,1680,,,,,,,,,,,,,,,,,,,,,,,,,
straight,,,40,249750,44139.3194,1599,GL23 Roof Starter,Floor:RC SLAB_1200 THK:3021005,180,,1680,,,,,,,,,,,,,,,,,,,,,,,,,
straight,,,40,249750,44282.7756,1599,GL23 Roof Starter,Floor:RC SLAB_1200 THK:3021005,180,,1680,,,,,,,,,,,,,,,,,,,,,,,,,
straight,,,40,249750,42017.058,1519,GL23 Roof Starter,Floor:RC SLAB_1200 THK:3021005,180,,1680,,,,,,,,,,,,,,,,,,,,,,,,,
straight,,,40,249750,42159.9091,1519,GL23 Roof Starter,Floor:RC SLAB_1200 THK:3021005,180,,1680,,,,,,,,,,,,,,,,,,,,,,,,,
straight,,,40,249750,42306.37,1519,GL23 Roof Starter,Floor:RC SLAB_1200 THK:3021005,180,,1680,,,,,,,,,,,,,,,,,,,,,,,,,
straight,,,40,249750,42449.9469,1519,GL23 Roof Starter,Floor:RC SLAB_1200 THK:3021005,180,,1680,,,,,,,,,,,,,,,,,,,,,,,,,
straight,,,40,249750,42594.787,1519,GL23 Roof Starter,Floor:RC SLAB_1200 THK:3021005,180,,1680,,,,,,,,,,,,,,,,,,,,,,,,,
straight,,,40,249750,42738.1015,1519,GL23 Roof Starter,Floor:RC SLAB_1200 THK:3021005,180,,1680,,,,,,,,,,,,,,,,,,,,,,,,,
straight,,,40,249750,42881.844,1519,GL23 Roof Starter,Floor:RC SLAB_1200 THK:3021005,180,,1680,,,,,,,,,,,,,,,,,,,,,,,,,
straight,,,40,249750,43416.3141,1519,GL23 Roof Starter,Floor:RC SLAB_1200 THK:3021005,180,,1680,,,,,,,,,,,,,,,,,,,,,,,,,
straight,,,40,249750,43562.2942,1519,GL23 Roof Starter,Floor:RC SLAB_1200 THK:3021005,180,,1680,,,,,,,,,,,,,,,,,,,,,,,,,
straight,,,40,249750,43705.8861,1519,GL23 Roof Starter,Floor:RC SLAB_1200 THK:3021005,180,,1680,,,,,,,,,,,,,,,,,,,,,,,,,
straight,,,40,249750,43849.0703,1519,GL23 Roof Starter,Floor:RC SLAB_1200 THK:3021005,180,,1680,,,,,,,,,,,,,,,,,,,,,,,,,
straight,,,40,249750,43994.8389,1519,GL23 Roof Starter,Floor:RC SLAB_1200 THK:3021005,180,,1680,,,,,,,,,,,,,,,,,,,,,,,,,
straight,,,40,249750,44139.3194,1519,GL23 Roof Starter,Floor:RC SLAB_1200 THK:3021005,180,,1680,,,,,,,,,,,,,,,,,,,,,,,,,
straight,,,40,249750,44282.7756,1519,GL23 Roof Starter,Floor:RC SLAB_1200 THK:3021005,180,,1680,,,,,,,,,,,,,,,,,,,,,,,,,
straight,,,40,249750,42017.058,1439,GL23 Roof Starter,Floor:RC SLAB_1200 THK:3021005,180,,1680,,,,,,,,,,,,,,,,,,,,,,,,,
straight,,,40,249750,42159.9091,1439,GL23 Roof Starter,Floor:RC SLAB_1200 THK:3021005,180,,1680,,,,,,,,,,,,,,,,,,,,,,,,,
straight,,,40,249750,42306.37,1439,GL23 Roof Starter,Floor:RC SLAB_1200 THK:3021005,180,,1680,,,,,,,,,,,,,,,,,,,,,,,,,
straight,,,40,249750,42449.9469,1439,GL23 Roof Starter,Floor:RC SLAB_1200 THK:3021005,180,,1680,,,,,,,,,,,,,,,,,,,,,,,,,
straight,,,40,249750,42594.787,1439,GL23 Roof Starter,Floor:RC SLAB_1200 THK:3021005,180,,1680,,,,,,,,,,,,,,,,,,,,,,,,,
straight,,,40,249750,42738.1015,1439,GL23 Roof Starter,Floor:RC SLAB_1200 THK:3021005,180,,1680,,,,,,,,,,,,,,,,,,,,,,,,,
straight,,,40,249750,42881.844,1439,GL23 Roof Starter,Floor:RC SLAB_1200 THK:3021005,180,,1680,,,,,,,,,,,,,,,,,,,,,,,,,
straight,,,40,249750,43416.3141,1439,GL23 Roof Starter,Floor:RC SLAB_1200 THK:3021005,180,,1680,,,,,,,,,,,,,,,,,,,,,,,,,
straight,,,40,249750,43562.2942,1439,GL23 Roof Starter,Floor:RC SLAB_1200 THK:3021005,180,,1680,,,,,,,,,,,,,,,,,,,,,,,,,
straight,,,40,249750,43705.8861,1439,GL23 Roof Starter,Floor:RC SLAB_1200 THK:3021005,180,,1680,,,,,,,,,,,,,,,,,,,,,,,,,
straight,,,40,249750,43849.0703,1439,GL23 Roof Starter,Floor:RC SLAB_1200 THK:3021005,180,,1680,,,,,,,,,,,,,,,,,,,,,,,,,
straight,,,40,249750,43994.8389,1439,GL23 Roof Starter,Floor:RC SLAB_1200 THK:3021005,180,,1680,,,,,,,,,,,,,,,,,,,,,,,,,
straight,,,40,249750,44139.3194,1439,GL23 Roof Starter,Floor:RC SLAB_1200 THK:3021005,180,,1680,,,,,,,,,,,,,,,,,,,,,,,,,
straight,,,40,249750,44282.7756,1439,GL23 Roof Starter,Floor:RC SLAB_1200 THK:3021005,180,,1680,,,,,,,,,,,,,,,,,,,,,,,,,
straight,,,40,249750,42017.058,1359,GL23 Roof Starter,Floor:RC SLAB_1200 THK:3021005,180,,1680,,,,,,,,,,,,,,,,,,,,,,,,,
straight,,,40,249750,44282.7756,1359,GL23 Roof Starter,Floor:RC SLAB_1200 THK:3021005,180,,1680,,,,,,,,,,,,,,,,,,,,,,,,,
straight,,,25,249750,42017.058,736,GL23 Roof Starter,Floor:RC SLAB_1200 THK:3021005,180,,1680,,,,,,,,,,,,,,,,,,,,,,,,,
straight,,,25,249750,42159.9091,736,GL23 Roof Starter,Floor:RC SLAB_1200 THK:3021005,180,,1680,,,,,,,,,,,,,,,,,,,,,,,,,
straight,,,25,249750,42306.37,736,GL23 Roof Starter,Floor:RC SLAB_1200 THK:3021005,180,,1680,,,,,,,,,,,,,,,,,,,,,,,,,
straight,,,25,249750,42449.9469,736,GL23 Roof Starter,Floor:RC SLAB_1200 THK:3021005,180,,1680,,,,,,,,,,,,,,,,,,,,,,,,,
straight,,,25,249750,42594.787,736,GL23 Roof Starter,Floor:RC SLAB_1200 THK:3021005,180,,1680,,,,,,,,,,,,,,,,,,,,,,,,,
straight,,,25,249750,42738.1015,736,GL23 Roof Starter,Floor:RC SLAB_1200 THK:3021005,180,,1680,,,,,,,,,,,,,,,,,,,,,,,,,
straight,,,25,249750,42881.844,736,GL23 Roof Starter,Floor:RC SLAB_1200 THK:3021005,180,,1680,,,,,,,,,,,,,,,,,,,,,,,,,
straight,,,25,249750,43416.3141,736,GL23 Roof Starter,Floor:RC SLAB_1200 THK:3021005,180,,1680,,,,,,,,,,,,,,,,,,,,,,,,,
straight,,,25,249750,43562.2942,736,GL23 Roof Starter,Floor:RC SLAB_1200 THK:3021005,180,,1680,,,,,,,,,,,,,,,,,,,,,,,,,
straight,,,25,249750,43705.8861,736,GL23 Roof Starter,Floor:RC SLAB_1200 THK:3021005,180,,1680,,,,,,,,,,,,,,,,,,,,,,,,,
straight,,,25,249750,43849.0703,736,GL23 Roof Starter,Floor:RC SLAB_1200 THK:3021005,180,,1680,,,,,,,,,,,,,,,,,,,,,,,,,
straight,,,25,249750,43994.8389,736,GL23 Roof Starter,Floor:RC SLAB_1200 THK:3021005,180,,1680,,,,,,,,,,,,,,,,,,,,,,,,,
straight,,,25,249750,44139.3194,736,GL23 Roof Starter,Floor:RC SLAB_1200 THK:3021005,180,,1680,,,,,,,,,,,,,,,,,,,,,,,,,
straight,,,25,249750,44282.7756,736,GL23 Roof Starter,Floor:RC SLAB_1200 THK:3021005,180,,1680,,,,,,,,,,,,,,,,,,,,,,,,,
straight,,,25,249750,42017.058,656,GL23 Roof Starter,Floor:RC SLAB_1200 THK:3021005,180,,1680,,,,,,,,,,,,,,,,,,,,,,,,,
straight,,,25,249750,42159.9091,656,GL23 Roof Starter,Floor:RC SLAB_1200 THK:3021005,180,,1680,,,,,,,,,,,,,,,,,,,,,,,,,
straight,,,25,249750,42306.37,656,GL23 Roof Starter,Floor:RC SLAB_1200 THK:3021005,180,,1680,,,,,,,,,,,,,,,,,,,,,,,,,
straight,,,25,249750,42449.9469,656,GL23 Roof Starter,Floor:RC SLAB_1200 THK:3021005,180,,1680,,,,,,,,,,,,,,,,,,,,,,,,,
straight,,,25,249750,42594.787,656,GL23 Roof Starter,Floor:RC SLAB_1200 THK:3021005,180,,1680,,,,,,,,,,,,,,,,,,,,,,,,,
straight,,,25,249750,42738.1015,656,GL23 Roof Starter,Floor:RC SLAB_1200 THK:3021005,180,,1680,,,,,,,,,,,,,,,,,,,,,,,,,
straight,,,25,249750,42881.844,656,GL23 Roof Starter,Floor:RC SLAB_1200 THK:3021005,180,,1680,,,,,,,,,,,,,,,,,,,,,,,,,
straight,,,25,249750,43416.3141,656,GL23 Roof Starter,Floor:RC SLAB_1200 THK:3021005,180,,1680,,,,,,,,,,,,,,,,,,,,,,,,,
straight,,,25,249750,43562.2942,656,GL23 Roof Starter,Floor:RC SLAB_1200 THK:3021005,180,,1680,,,,,,,,,,,,,,,,,,,,,,,,,
straight,,,25,249750,43705.8861,656,GL23 Roof Starter,Floor:RC SLAB_1200 THK:3021005,180,,1680,,,,,,,,,,,,,,,,,,,,,,,,,
straight,,,25,249750,43849.0703,656,GL23 Roof Starter,Floor:RC SLAB_1200 THK:3021005,180,,1680,,,,,,,,,,,,,,,,,,,,,,,,,
straight,,,25,249750,43994.8389,656,GL23 Roof Starter,Floor:RC SLAB_1200 THK:3021005,180,,1680,,,,,,,,,,,,,,,,,,,,,,,,,
straight,,,25,249750,44139.3194,656,GL23 Roof Starter,Floor:RC SLAB_1200 THK:3021005,180,,1680,,,,,,,,,,,,,,,,,,,,,,,,,
straight,,,25,249750,44282.7756,656,GL23 Roof Starter,Floor:RC SLAB_1200 THK:3021005,180,,1680,,,,,,,,,,,,,,,,,,,,,,,,,
straight,,,40,249750,39126.0222,-320,GL23 Roof Starter,Floor:RC SLAB_1200 THK:3021005,180,,1680,,,,,,,,,,,,,,,,,,,,,,,,,
straight,,,40,249750,39270.4812,-320,GL23 Roof Starter,Floor:RC SLAB_1200 THK:3021005,180,,1680,,,,,,,,,,,,,,,,,,,,,,,,,
straight,,,40,249750,39435.0001,-320,GL23 Roof Starter,Floor:RC SLAB_1200 THK:3021005,180,,1680,,,,,,,,,,,,,,,,,,,,,,,,,
straight,,,40,249750,39126.0222,-400,GL23 Roof Starter,Floor:RC SLAB_1200 THK:3021005,180,,1680,,,,,,,,,,,,,,,,,,,,,,,,,
straight,,,40,249750,39270.4812,-400,GL23 Roof Starter,Floor:RC SLAB_1200 THK:3021005,180,,1680,,,,,,,,,,,,,,,,,,,,,,,,,
straight,,,40,249750,39435.0001,-400,GL23 Roof Starter,Floor:RC SLAB_1200 THK:3021005,180,,1680,,,,,,,,,,,,,,,,,,,,,,,,,
straight,,,40,249750,39126.0222,-480,GL23 Roof Starter,Floor:RC SLAB_1200 THK:3021005,180,,1680,,,,,,,,,,,,,,,,,,,,,,,,,
straight,,,40,249750,39270.4812,-480,GL23 Roof Starter,Floor:RC SLAB_1200 THK:3021005,180,,1680,,,,,,,,,,,,,,,,,,,,,,,,,
straight,,,40,249750,39435.0001,-480,GL23 Roof Starter,Floor:RC SLAB_1200 THK:3021005,180,,1680,,,,,,,,,,,,,,,,,,,,,,,,,
straight,,,40,249750,39126.0222,-560,GL23 Roof Starter,Floor:RC SLAB_1200 THK:3021005,180,,1680,,,,,,,,,,,,,,,,,,,,,,,,,
straight,,,40,249750,39270.4812,-560,GL23 Roof Starter,Floor:RC SLAB_1200 THK:3021005,180,,1680,,,,,,,,,,,,,,,,,,,,,,,,,
straight,,,40,249750,39435.0001,-560,GL23 Roof Starter,Floor:RC SLAB_1200 THK:3021005,180,,1680,,,,,,,,,,,,,,,,,,,,,,,,,
straight,,,40,249750,39126.0222,-640,GL23 Roof Starter,Floor:RC SLAB_1200 THK:3021005,180,,1680,,,,,,,,,,,,,,,,,,,,,,,,,
straight,,,40,249750,39270.4812,-640,GL23 Roof Starter,Floor:RC SLAB_1200 THK:3021005,180,,1680,,,,,,,,,,,,,,,,,,,,,,,,,
straight,,,40,249750,39435.0001,-640,GL23 Roof Starter,Floor:RC SLAB_1200 THK:3021005,180,,1680,,,,,,,,,,,,,,,,,,,,,,,,,
straight,,,40,249750,39126.0222,-720,GL23 Roof Starter,Floor:RC SLAB_1200 THK:3021005,180,,1680,,,,,,,,,,,,,,,,,,,,,,,,,
straight,,,40,249750,39270.4812,-720,GL23 Roof Starter,Floor:RC SLAB_1200 THK:3021005,180,,1680,,,,,,,,,,,,,,,,,,,,,,,,,
straight,,,40,249750,39435.0001,-720,GL23 Roof Starter,Floor:RC SLAB_1200 THK:3021005,180,,1680,,,,,,,,,,,,,,,,,,,,,,,,,
straight,,,40,249750,39126.0222,-800,GL23 Roof Starter,Floor:RC SLAB_1200 THK:3021005,180,,1680,,,,,,,,,,,,,,,,,,,,,,,,,
straight,,,40,249750,39270.4812,-800,GL23 Roof Starter,Floor:RC SLAB_1200 THK:3021005,180,,1680,,,,,,,,,,,,,,,,,,,,,,,,,
straight,,,40,249750,39435.0001,-800,GL23 Roof Starter,Floor:RC SLAB_1200 THK:3021005,180,,1680,,,,,,,,,,,,,,,,,,,,,,,,,
