  0
SECTION
  2
HEADER
  9
$ACADVER
  1
AC1032
  9
$ACADMAINTVER
 90
      250
  9
$DWGCODEPAGE
  3
ANSI_1252
  9
$LASTSAVEDBY
  1
Michael Ocampo
  9
$REQUIREDVERSIONS
160
                 0
  9
$INSBASE
 10
0.0
 20
0.0
 30
0.0
  9
$EXTMIN
 10
98547.88743726915
 20
-7440.482378589921
 30
-4083.929235453356
  9
$EXTMAX
 10
131399.862323421
 20
5094.828649209761
 30
4900.71509309378
  9
$LIMMIN
 10
0.0
 20
0.0
  9
$LIMMAX
 10
12.0
 20
9.0
  9
$ORTHOMODE
 70
     0
  9
$REGENMODE
 70
     1
  9
$FILLMODE
 70
     1
  9
$QTEXTMODE
 70
     0
  9
$MIRRTEXT
 70
     0
  9
$LTSCALE
 40
1.0
  9
$ATTMODE
 70
     1
  9
$TEXTSIZE
 40
2.5
  9
$TRACEWID
 40
1.0
  9
$TEXTSTYLE
  7
Standard
  9
$CLAYER
  8
0
  9
$CELTYPE
  6
ByLayer
  9
$CECOLOR
 62
   256
  9
$CELTSCALE
 40
1.0
  9
$DISPSILH
 70
     0
  9
$DIMSCALE
 40
1.0
  9
$DIMASZ
 40
2.5
  9
$DIMEXO
 40
0.625
  9
$DIMDLI
 40
3.75
  9
$DIMRND
 40
0.0
  9
$DIMDLE
 40
0.0
  9
$DIMEXE
 40
1.25
  9
$DIMTP
 40
0.0
  9
$DIMTM
 40
0.0
  9
$DIMTXT
 40
2.5
  9
$DIMCEN
 40
2.5
  9
$DIMTSZ
 40
0.0
  9
$DIMTOL
 70
     0
  9
$DIMLIM
 70
     0
  9
$DIMTIH
 70
     0
  9
$DIMTOH
 70
     0
  9
$DIMSE1
 70
     0
  9
$DIMSE2
 70
     0
  9
$DIMTAD
 70
     1
  9
$DIMZIN
 70
     8
  9
$DIMBLK
  1

  9
$DIMASO
 70
     1
  9
$DIMSHO
 70
     1
  9
$DIMPOST
  1

  9
$DIMAPOST
  1

  9
$DIMALT
 70
     0
  9
$DIMALTD
 70
     3
  9
$DIMALTF
 40
0.03937007874016
  9
$DIMLFAC
 40
1.0
  9
$DIMTOFL
 70
     1
  9
$DIMTVP
 40
0.0
  9
$DIMTIX
 70
     0
  9
$DIMSOXD
 70
     0
  9
$DIMSAH
 70
     0
  9
$DIMBLK1
  1

  9
$DIMBLK2
  1

  9
$DIMSTYLE
  2
ISO-25
  9
$DIMCLRD
 70
     0
  9
$DIMCLRE
 70
     0
  9
$DIMCLRT
 70
     0
  9
$DIMTFAC
 40
1.0
  9
$DIMGAP
 40
0.625
  9
$DIMJUST
 70
     0
  9
$DIMSD1
 70
     0
  9
$DIMSD2
 70
     0
  9
$DIMTOLJ
 70
     0
  9
$DIMTZIN
 70
     8
  9
$DIMALTZ
 70
     0
  9
$DIMALTTZ
 70
     0
  9
$DIMUPT
 70
     0
  9
$DIMDEC
 70
     2
  9
$DIMTDEC
 70
     2
  9
$DIMALTU
 70
     2
  9
$DIMALTTD
 70
     3
  9
$DIMTXSTY
  7
Standard
  9
$DIMAUNIT
 70
     0
  9
$DIMADEC
 70
     0
  9
$DIMALTRND
 40
0.0
  9
$DIMAZIN
 70
     0
  9
$DIMDSEP
 70
    44
  9
$DIMATFIT
 70
     3
  9
$DIMFRAC
 70
     0
  9
$DIMLDRBLK
  1

  9
$DIMLUNIT
 70
     2
  9
$DIMLWD
 70
    -2
  9
$DIMLWE
 70
    -2
  9
$DIMTMOVE
 70
     0
  9
$DIMFXL
 40
1.0
  9
$DIMFXLON
 70
     0
  9
$DIMJOGANG
 40
0.7853981633974483
  9
$DIMTFILL
 70
     0
  9
$DIMTFILLCLR
 70
     0
  9
$DIMARCSYM
 70
     0
  9
$DIMLTYPE
  6

  9
$DIMLTEX1
  6

  9
$DIMLTEX2
  6

  9
$DIMTXTDIRECTION
 70
     0
  9
$LUNITS
 70
     2
  9
$LUPREC
 70
     4
  9
$SKETCHINC
 40
1.0
  9
$FILLETRAD
 40
0.0
  9
$AUNITS
 70
     0
  9
$AUPREC
 70
     0
  9
$MENU
  1
.
  9
$ELEVATION
 40
0.0
  9
$PELEVATION
 40
0.0
  9
$THICKNESS
 40
0.0
  9
$LIMCHECK
 70
     0
  9
$CHAMFERA
 40
0.0
  9
$CHAMFERB
 40
0.0
  9
$CHAMFERC
 40
0.0
  9
$CHAMFERD
 40
0.0
  9
$SKPOLY
 70
     0
  9
$TDCREATE
 40
2461320.335925926
  9
$TDUCREATE
 40
2461320.002592592
  9
$TDUPDATE
 40
2461320.563750000
  9
$TDUUPDATE
 40
2461320.230416667
  9
$TDINDWG
 40
0.1512037037
  9
$TDUSRTIMER
 40
0.1512037037
  9
$USRTIMER
 70
     1
  9
$ANGBASE
 50
0.0
  9
$ANGDIR
 70
     0
  9
$PDMODE
 70
     0
  9
$PDSIZE
 40
0.0
  9
$PLINEWID
 40
0.0
  9
$SPLFRAME
 70
     0
  9
$SPLINETYPE
 70
     6
  9
$SPLINESEGS
 70
     8
  9
$HANDSEED
  5
1EAD
  9
$SURFTAB1
 70
     6
  9
$SURFTAB2
 70
     6
  9
$SURFTYPE
 70
     6
  9
$SURFU
 70
     6
  9
$SURFV
 70
     6
  9
$UCSBASE
  2

  9
$UCSNAME
  2

  9
$UCSORG
 10
0.0
 20
0.0
 30
0.0
  9
$UCSXDIR
 10
1.0
 20
0.0
 30
0.0
  9
$UCSYDIR
 10
0.0
 20
1.0
 30
0.0
  9
$UCSORTHOREF
  2

  9
$UCSORTHOVIEW
 70
     0
  9
$UCSORGTOP
 10
0.0
 20
0.0
 30
0.0
  9
$UCSORGBOTTOM
 10
0.0
 20
0.0
 30
0.0
  9
$UCSORGLEFT
 10
0.0
 20
0.0
 30
0.0
  9
$UCSORGRIGHT
 10
0.0
 20
0.0
 30
0.0
  9
$UCSORGFRONT
 10
0.0
 20
0.0
 30
0.0
  9
$UCSORGBACK
 10
0.0
 20
0.0
 30
0.0
  9
$PUCSBASE
  2

  9
$PUCSNAME
  2

  9
$PUCSORG
 10
0.0
 20
0.0
 30
0.0
  9
$PUCSXDIR
 10
1.0
 20
0.0
 30
0.0
  9
$PUCSYDIR
 10
0.0
 20
1.0
 30
0.0
  9
$PUCSORTHOREF
  2

  9
$PUCSORTHOVIEW
 70
     0
  9
$PUCSORGTOP
 10
0.0
 20
0.0
 30
0.0
  9
$PUCSORGBOTTOM
 10
0.0
 20
0.0
 30
0.0
  9
$PUCSORGLEFT
 10
0.0
 20
0.0
 30
0.0
  9
$PUCSORGRIGHT
 10
0.0
 20
0.0
 30
0.0
  9
$PUCSORGFRONT
 10
0.0
 20
0.0
 30
0.0
  9
$PUCSORGBACK
 10
0.0
 20
0.0
 30
0.0
  9
$USERI1
 70
     0
  9
$USERI2
 70
     0
  9
$USERI3
 70
     0
  9
$USERI4
 70
     0
  9
$USERI5
 70
     0
  9
$USERR1
 40
0.0
  9
$USERR2
 40
0.0
  9
$USERR3
 40
0.0
  9
$USERR4
 40
0.0
  9
$USERR5
 40
0.0
  9
$WORLDVIEW
 70
     1
  9
$SHADEDGE
 70
     3
  9
$SHADEDIF
 70
    70
  9
$TILEMODE
 70
     1
  9
$MAXACTVP
 70
    64
  9
$PINSBASE
 10
0.0
 20
0.0
 30
0.0
  9
$PLIMCHECK
 70
     0
  9
$PEXTMIN
 10
0.0
 20
0.0
 30
0.0
  9
$PEXTMAX
 10
0.0
 20
0.0
 30
0.0
  9
$PLIMMIN
 10
0.0
 20
0.0
  9
$PLIMMAX
 10
12.0
 20
9.0
  9
$UNITMODE
 70
     0
  9
$VISRETAIN
 70
     1
  9
$PLINEGEN
 70
     0
  9
$PSLTSCALE
 70
     1
  9
$TREEDEPTH
 70
  3020
  9
$CMLSTYLE
  2
Standard
  9
$CMLJUST
 70
     0
  9
$CMLSCALE
 40
20.0
  9
$PROXYGRAPHICS
 70
     1
  9
$MEASUREMENT
 70
     1
  9
$CELWEIGHT
370
    -1
  9
$ENDCAPS
280
     0
  9
$JOINSTYLE
280
     0
  9
$LWDISPLAY
290
     0
  9
$INSUNITS
 70
     4
  9
$HYPERLINKBASE
  1

  9
$STYLESHEET
  1

  9
$XEDIT
290
     1
  9
$CEPSNTYPE
380
     0
  9
$PSTYLEMODE
290
     1
  9
$FINGERPRINTGUID
  2
{3395AFB6-7C1C-0543-9005-9A5A5F96F438}
  9
$VERSIONGUID
  2
{574E1FBC-4191-D046-A77F-BE9F971BAD5C}
  9
$EXTNAMES
290
     1
  9
$PSVPSCALE
 40
0.0
  9
$OLESTARTUP
290
     0
  9
$SORTENTS
280
   127
  9
$INDEXCTL
280
     0
  9
$HIDETEXT
280
     1
  9
$XCLIPFRAME
280
     2
  9
$HALOGAP
280
     0
  9
$OBSCOLOR
 70
   257
  9
$OBSLTYPE
280
     0
  9
$INTERSECTIONDISPLAY
280
     0
  9
$INTERSECTIONCOLOR
 70
   257
  9
$DIMASSOC
280
     2
  9
$PROJECTNAME
  1

  9
$CAMERADISPLAY
290
     0
  9
$LENSLENGTH
 40
50.0
  9
$CAMERAHEIGHT
 40
0.0
  9
$STEPSPERSEC
 40
2.0
  9
$STEPSIZE
 40
6.0
  9
$3DDWFPREC
 40
2.0
  9
$PSOLWIDTH
 40
5.0
  9
$PSOLHEIGHT
 40
80.0
  9
$LOFTANG1
 40
1.570796326794896
  9
$LOFTANG2
 40
1.570796326794896
  9
$LOFTMAG1
 40
0.0
  9
$LOFTMAG2
 40
0.0
  9
$LOFTPARAM
 70
     7
  9
$LOFTNORMALS
280
     1
  9
$LATITUDE
 40
37.795
  9
$LONGITUDE
 40
-122.394
  9
$NORTHDIRECTION
 40
0.0
  9
$TIMEZONE
 70
 -8000
  9
$LIGHTGLYPHDISPLAY
280
     1
  9
$TILEMODELIGHTSYNCH
280
     1
  9
$CMATERIAL
347
EC
  9
$SOLIDHIST
280
     0
  9
$SHOWHIST
280
     1
  9
$DWFFRAME
280
     2
  9
$DGNFRAME
280
     0
  9
$REALWORLDSCALE
290
     1
  9
$INTERFERECOLOR
 62
     1
  9
$INTERFEREOBJVS
345
F9
  9
$INTERFEREVPVS
346
F6
  9
$CSHADOW
280
     0
  9
$SHADOWPLANELOCATION
 40
0.0
  0
ENDSEC
  0
SECTION
  2
CLASSES
  0
CLASS
  1
ACDBDICTIONARYWDFLT
  2
AcDbDictionaryWithDefault
  3
ObjectDBX Classes
 90
        0
 91
        1
280
     0
281
     0
  0
CLASS
  1
DICTIONARYVAR
  2
AcDbDictionaryVar
  3
ObjectDBX Classes
 90
        0
 91
      139
280
     0
281
     0
  0
CLASS
  1
TABLESTYLE
  2
AcDbTableStyle
  3
ObjectDBX Classes
 90
     4095
 91
        1
280
     0
281
     0
  0
CLASS
  1
MATERIAL
  2
AcDbMaterial
  3
ObjectDBX Classes
 90
     1153
 91
        3
280
     0
281
     0
  0
CLASS
  1
VISUALSTYLE
  2
AcDbVisualStyle
  3
ObjectDBX Classes
 90
     4095
 91
       24
280
     0
281
     0
  0
CLASS
  1
SCALE
  2
AcDbScale
  3
ObjectDBX Classes
 90
     1153
 91
       18
280
     0
281
     0
  0
CLASS
  1
MLEADERSTYLE
  2
AcDbMLeaderStyle
  3
ACDB_MLEADERSTYLE_CLASS
 90
     4095
 91
        2
280
     0
281
     0
  0
CLASS
  1
CELLSTYLEMAP
  2
AcDbCellStyleMap
  3
ObjectDBX Classes
 90
     1152
 91
        9
280
     0
281
     0
  0
CLASS
  1
EXACXREFPANELOBJECT
  2
ExAcXREFPanelObject
  3
EXAC_ESW
 90
     1025
 91
        0
280
     0
281
     0
  0
CLASS
  1
NPOCOLLECTION
  2
AcDbImpNonPersistentObjectsCollection
  3
ObjectDBX Classes
 90
     1153
 91
        0
280
     0
281
     0
  0
CLASS
  1
LAYER_INDEX
  2
AcDbLayerIndex
  3
ObjectDBX Classes
 90
        0
 91
        0
280
     0
281
     0
  0
CLASS
  1
SPATIAL_INDEX
  2
AcDbSpatialIndex
  3
ObjectDBX Classes
 90
        0
 91
        0
280
     0
281
     0
  0
CLASS
  1
IDBUFFER
  2
AcDbIdBuffer
  3
ObjectDBX Classes
 90
        0
 91
        0
280
     0
281
     0
  0
CLASS
  1
ACDBSECTIONVIEWSTYLE
  2
AcDbSectionViewStyle
  3
ObjectDBX Classes
 90
     1025
 91
        2
280
     0
281
     0
  0
CLASS
  1
ACDBDETAILVIEWSTYLE
  2
AcDbDetailViewStyle
  3
ObjectDBX Classes
 90
     1025
 91
        2
280
     0
281
     0
  0
CLASS
  1
SORTENTSTABLE
  2
AcDbSortentsTable
  3
ObjectDBX Classes
 90
        0
 91
        3
280
     0
281
     0
  0
CLASS
  1
SUN
  2
AcDbSun
  3
SCENEOE
 90
     1153
 91
        0
280
     0
281
     0
  0
CLASS
  1
MENTALRAYRENDERSETTINGS
  2
AcDbMentalRayRenderSettings
  3
SCENEOE
 90
     1024
 91
        0
280
     0
281
     0
  0
CLASS
  1
RASTERVARIABLES
  2
AcDbRasterVariables
  3
ISM
 90
        0
 91
        0
280
     0
281
     0
  0
ENDSEC
  0
SECTION
  2
TABLES
  0
TABLE
  2
VPORT
  5
8
330
0
100
AcDbSymbolTable
 70
     1
  0
VPORT
  5
EA
330
8
100
AcDbSymbolTableRecord
100
AcDbViewportTableRecord
  2
*Active
 70
     0
 10
0.0
 20
0.0
 11
1.0
 21
1.0
 12
115288.1375978717
 22
841.3286832142276
 13
0.0
 23
0.0
 14
10.0
 24
10.0
 15
10.0
 25
10.0
 16
0.0
 26
0.0
 36
1.0
 17
0.0
 27
0.0
 37
0.0
 40
22686.22343703774
 41
2.274074074074074
 42
50.0
 43
0.0
 44
0.0
 50
0.0
 51
0.0
 71
     0
 72
  1000
 73
     1
 74
     3
 75
     0
 76
     1
 77
     0
 78
     0
281
     0
 65
     1
110
0.0
120
0.0
130
0.0
111
1.0
121
0.0
131
0.0
112
0.0
122
1.0
132
0.0
 79
     0
146
0.0
348
F5
 60
     3
 61
     5
292
     1
282
     1
141
0.0
142
0.0
 63
   250
421
  3355443
1001
ACAD_NAV_VCDISPLAY
1070
     3
  0
ENDTAB
  0
TABLE
  2
LTYPE
  5
5
330
0
100
AcDbSymbolTable
 70
     3
  0
LTYPE
  5
14
330
5
100
AcDbSymbolTableRecord
100
AcDbLinetypeTableRecord
  2
ByBlock
 70
     0
  3

 72
    65
 73
     0
 40
0.0
  0
LTYPE
  5
15
330
5
100
AcDbSymbolTableRecord
100
AcDbLinetypeTableRecord
  2
ByLayer
 70
     0
  3

 72
    65
 73
     0
 40
0.0
  0
LTYPE
  5
16
330
5
100
AcDbSymbolTableRecord
100
AcDbLinetypeTableRecord
  2
Continuous
 70
     0
  3
Solid line
 72
    65
 73
     0
 40
0.0
  0
ENDTAB
  0
TABLE
  2
LAYER
  5
2
102
{ACAD_XDICTIONARY
360
1FF
102
}
330
0
100
AcDbSymbolTable
 70
     5
  0
LAYER
  5
10
102
{ACAD_XDICTIONARY
360
13C
102
}
330
2
100
AcDbSymbolTableRecord
100
AcDbLayerTableRecord
  2
0
 70
     0
 62
     7
  6
Continuous
370
    -3
390
F
347
EE
348
0
  0
LAYER
  5
316
330
2
100
AcDbSymbolTableRecord
100
AcDbLayerTableRecord
  2
Defpoints
 70
     0
 62
     4
  6
Continuous
290
     0
370
     0
390
F
347
EE
348
0
1001
AcCmTransparency
1071
 33554687
  0
LAYER
  5
11C7
330
2
100
AcDbSymbolTableRecord
100
AcDbLayerTableRecord
  2
C-_CONC----_ED
 70
     0
 62
     7
  6
Continuous
370
    13
390
F
347
EE
348
0
1001
AcCmTransparency
1071
 33554687
1001
AcAecLayerStandard
1000

1000
CONCRETE OUT LINE IN DETAILS
  0
ENDTAB
  0
TABLE
  2
STYLE
  5
3
330
0
100
AcDbSymbolTable
 70
     5
  0
STYLE
  5
11
330
3
100
AcDbSymbolTableRecord
100
AcDbTextStyleTableRecord
  2
Standard
 70
     0
 40
0.0
 41
1.0
 50
0.0
 71
     0
 42
2.5
  3
arial.ttf
  4

1001
ACAD
1000
Arial
1071
       34
  0
STYLE
  5
11C8
330
3
100
AcDbSymbolTableRecord
100
AcDbTextStyleTableRecord
  2
PTA ISO
 70
     0
 40
0.0
 41
1.0
 50
0.0
 71
     0
 42
3.5
  3
arial.ttf
  4

1001
ACAD
1000
Arial
1071
       34
  0
ENDTAB
  0
TABLE
  2
VIEW
  5
6
330
0
100
AcDbSymbolTable
 70
     6
  0
ENDTAB
  0
TABLE
  2
UCS
  5
7
330
0
100
AcDbSymbolTable
 70
     0
  0
ENDTAB
  0
TABLE
  2
APPID
  5
9
330
0
100
AcDbSymbolTable
 70
    17
  0
APPID
  5
12
330
9
100
AcDbSymbolTableRecord
100
AcDbRegAppTableRecord
  2
ACAD
 70
     0
  0
APPID
  5
9E
330
9
100
AcDbSymbolTableRecord
100
AcDbRegAppTableRecord
  2
ACAD_PSEXT
 70
     0
  0
APPID
  5
133
330
9
100
AcDbSymbolTableRecord
100
AcDbRegAppTableRecord
  2
AcadAnnoPO
 70
     0
  0
APPID
  5
134
330
9
100
AcDbSymbolTableRecord
100
AcDbRegAppTableRecord
  2
AcadAnnotative
 70
     0
  0
APPID
  5
135
330
9
100
AcDbSymbolTableRecord
100
AcDbRegAppTableRecord
  2
ACAD_DSTYLE_DIMJAG
 70
     0
  0
APPID
  5
136
330
9
100
AcDbSymbolTableRecord
100
AcDbRegAppTableRecord
  2
ACAD_DSTYLE_DIMTALN
 70
     0
  0
APPID
  5
165
330
9
100
AcDbSymbolTableRecord
100
AcDbRegAppTableRecord
  2
ACAD_MLEADERVER
 70
     0
  0
APPID
  5
217
330
9
100
AcDbSymbolTableRecord
100
AcDbRegAppTableRecord
  2
ACAD_NAV_VCDISPLAY
 70
     0
  0
APPID
  5
31D
330
9
100
AcDbSymbolTableRecord
100
AcDbRegAppTableRecord
  2
AcadAnnoAV
 70
     0
  0
APPID
  5
31E
330
9
100
AcDbSymbolTableRecord
100
AcDbRegAppTableRecord
  2
AcCmTransparency
 70
     0
  0
APPID
  5
31F
330
9
100
AcDbSymbolTableRecord
100
AcDbRegAppTableRecord
  2
AcAecLayerStandard
 70
     0
  0
APPID
  5
320
330
9
100
AcDbSymbolTableRecord
100
AcDbRegAppTableRecord
  2
AcDbDynamicBlockGUID
 70
     0
  0
APPID
  5
321
330
9
100
AcDbSymbolTableRecord
100
AcDbRegAppTableRecord
  2
PLOTTRANSPARENCY
 70
     0
  0
APPID
  5
46B
330
9
100
AcDbSymbolTableRecord
100
AcDbRegAppTableRecord
  2
ACAD_EXEMPT_FROM_CAD_STANDARDS
 70
     0
  0
APPID
  5
47C
330
9
100
AcDbSymbolTableRecord
100
AcDbRegAppTableRecord
  2
HATCHBACKGROUNDCOLOR
 70
     0
  0
APPID
  5
47D
330
9
100
AcDbSymbolTableRecord
100
AcDbRegAppTableRecord
  2
EZDXF
 70
     0
  0
APPID
  5
4AF
330
9
100
AcDbSymbolTableRecord
100
AcDbRegAppTableRecord
  2
AcLayerTools
 70
     0
  0
ENDTAB
  0
TABLE
  2
DIMSTYLE
  5
A
330
0
100
AcDbSymbolTable
 70
     6
100
AcDbDimStyleTable
 71
     1
340
27
  0
DIMSTYLE
105
1B0
330
A
100
AcDbSymbolTableRecord
100
AcDbDimStyleTableRecord
  2
Standard
 70
     0
 41
2.5
 42
0.625
 43
3.75
 44
1.25
 49
2.5
 73
     0
 74
     0
 77
     1
 78
     8
 79
     3
140
2.5
141
2.5
143
0.03937007874
147
0.625
171
     3
172
     1
179
     2
271
     2
272
     2
274
     3
278
    44
283
     0
284
     8
340
11
  0
DIMSTYLE
105
27
330
A
100
AcDbSymbolTableRecord
100
AcDbDimStyleTableRecord
  2
ISO-25
 70
     0
 41
2.5
 42
0.625
 43
3.75
 44
1.25
 49
2.5
 73
     0
 74
     0
 77
     1
 78
     8
 79
     3
140
2.5
141
2.5
143
0.03937007874016
147
0.625
171
     3
172
     1
179
     2
271
     2
272
     2
274
     3
278
    44
283
     0
284
     8
340
11
  0
ENDTAB
  0
TABLE
  2
BLOCK_RECORD
  5
1
330
0
100
AcDbSymbolTable
 70
    16
  0
BLOCK_RECORD
  5
1F
102
{ACAD_XDICTIONARY
360
1CE
102
}
330
1
100
AcDbSymbolTableRecord
100
AcDbBlockTableRecord
  2
*Model_Space
340
22
 70
     0
280
     1
281
     0
  0
BLOCK_RECORD
  5
D2
330
1
100
AcDbSymbolTableRecord
100
AcDbBlockTableRecord
  2
*Paper_Space
340
D3
 70
     0
280
     1
281
     0
  0
BLOCK_RECORD
  5
D6
330
1
100
AcDbSymbolTableRecord
100
AcDbBlockTableRecord
  2
*Paper_Space0
340
D7
 70
     0
280
     1
281
     0
  0
BLOCK_RECORD
  5
11C0
102
{ACAD_XDICTIONARY
360
11C1
102
}
330
1
100
AcDbSymbolTableRecord
100
AcDbBlockTableRecord
  2
A$C5cc29ee8
340
0
 70
     4
280
     1
281
     0
  0
ENDTAB
  0
ENDSEC
  0
SECTION
  2
BLOCKS
  0
BLOCK
  5
20
330
1F
100
AcDbEntity
  8
0
100
AcDbBlockBegin
  2
*Model_Space
 70
     0
 10
0.0
 20
0.0
 30
0.0
  3
*Model_Space
  1

  0
ENDBLK
  5
21
330
1F
100
AcDbEntity
  8
0
100
AcDbBlockEnd
  0
BLOCK
  5
D4
330
D2
100
AcDbEntity
 67
     1
  8
0
100
AcDbBlockBegin
  2
*Paper_Space
 70
     0
 10
0.0
 20
0.0
 30
0.0
  3
*Paper_Space
  1

  0
ENDBLK
  5
D5
330
D2
100
AcDbEntity
 67
     1
  8
0
100
AcDbBlockEnd
  0
BLOCK
  5
D8
330
D6
100
AcDbEntity
 67
     1
  8
0
100
AcDbBlockBegin
  2
*Paper_Space0
 70
     0
 10
0.0
 20
0.0
 30
0.0
  3
*Paper_Space0
  1

  0
ENDBLK
  5
D9
330
D6
100
AcDbEntity
 67
     1
  8
0
100
AcDbBlockEnd
  0
BLOCK
  5
11C3
330
11C0
100
AcDbEntity
  8
0
 62
     1
420
 16711680
370
     9
100
AcDbBlockBegin
  2
A$C5cc29ee8
 70
     0
 10
0.0
 20
0.0
 30
0.0
  3
A$C5cc29ee8
  1

  0
LWPOLYLINE
  5
11C4
330
11C0
100
AcDbEntity
  8
0
 62
     3
100
AcDbPolyline
 90
        4
 70
     0
 43
0.0
 10
-24.51142558333231
 20
-1199.999999997713
 10
-5871.947767035337
 20
-1199.999999997714
 10
-5871.947767035337
 20
-228.531965117304
 10
-6024.484763519605
 20
-140.7005274532475
  0
LWPOLYLINE
  5
11C5
330
11C0
100
AcDbEntity
  8
0
 62
     3
100
AcDbPolyline
 90
        5
 70
     0
 43
0.0
 10
-6024.484763519605
 20
781.9953729857116
 10
-5072.510781361081
 20
232.5124348359913
 10
-5072.360798147886
 20
0.0000000022828317
 10
-24.5114255832741
 20
0.0000000022828317
 10
-24.5114255832741
 20
-1199.999999997715
  0
ENDBLK
  5
11C6
330
11C0
100
AcDbEntity
  8
0
 62
     1
420
 16711680
370
     9
100
AcDbBlockEnd
  0
ENDSEC
  0
SECTION
  2
ENTITIES
  0
CIRCLE
  5
180F
330
1F
100
AcDbEntity
  8
C-_CONC----_ED
 62
     6
420
 16711935
100
AcDbCircle
 10
104529.2171843454
 20
-5599.675364217721
 30
0.0
 40
20.0
  0
CIRCLE
  5
1810
330
1F
100
AcDbEntity
  8
C-_CONC----_ED
 62
     6
420
 16711935
100
AcDbCircle
 10
104529.2171843454
 20
-5681.675364217721
 30
0.0
 40
20.0
  0
CIRCLE
  5
1811
330
1F
100
AcDbEntity
  8
C-_CONC----_ED
 62
     4
100
AcDbCircle
 10
104529.2176250006
 20
-7267.685255901888
 30
0.0000075355378613
 40
16.0
  0
CIRCLE
  5
1815
330
1F
100
AcDbEntity
  8
C-_CONC----_ED
 62
     6
420
 16711935
100
AcDbCircle
 10
104382.399879519
 20
-5684.418860929553
 30
0.0
 40
20.0
  0
CIRCLE
  5
1816
330
1F
100
AcDbEntity
  8
C-_CONC----_ED
 62
     6
420
 16711935
100
AcDbCircle
 10
104382.399879519
 20
-5766.418860929553
 30
0.0
 40
20.0
  0
CIRCLE
  5
1817
330
1F
100
AcDbEntity
  8
C-_CONC----_ED
 62
     4
100
AcDbCircle
 10
104382.3983869535
 20
-7267.685291487258
 30
0.0
 40
16.0
  0
CIRCLE
  5
181B
330
1F
100
AcDbEntity
  8
C-_CONC----_ED
 62
     6
420
 16711935
100
AcDbCircle
 10
104234.8062080873
 20
-5769.610479346011
 30
0.0
 40
20.0
  0
CIRCLE
  5
181C
330
1F
100
AcDbEntity
  8
C-_CONC----_ED
 62
     6
420
 16711935
100
AcDbCircle
 10
104234.8062080873
 20
-5851.61047934601
 30
0.0
 40
20.0
  0
CIRCLE
  5
181D
330
1F
100
AcDbEntity
  8
C-_CONC----_ED
 62
     4
100
AcDbCircle
 10
104234.8046930164
 20
-7267.685330399313
 30
0.0
 40
16.0
  0
CIRCLE
  5
1821
330
1F
100
AcDbEntity
  8
C-_CONC----_ED
 62
     6
420
 16711935
100
AcDbCircle
 10
104086.685685726
 20
-5855.106413485948
 30
0.0
 40
20.0
  0
CIRCLE
  5
1822
330
1F
100
AcDbEntity
  8
C-_CONC----_ED
 62
     4
100
AcDbCircle
 10
104086.685685726
 20
-7267.685369311831
 30
0.0
 40
16.0
  0
CIRCLE
  5
1826
330
1F
100
AcDbEntity
  8
C-_CONC----_ED
 62
     6
420
 16711935
100
AcDbCircle
 10
103936.6356664441
 20
-5941.715629657265
 30
0.0
 40
20.0
  0
CIRCLE
  5
1827
330
1F
100
AcDbEntity
  8
C-_CONC----_ED
 62
     6
420
 16711935
100
AcDbCircle
 10
103936.6356664441
 20
-6023.715629657265
 30
0.0
 40
20.0
  0
CIRCLE
  5
1828
330
1F
100
AcDbEntity
  8
C-_CONC----_ED
 62
     4
100
AcDbCircle
 10
103936.554032094
 20
-7267.685408223886
 30
0.0
 40
16.0
  0
CIRCLE
  5
182C
330
1F
100
AcDbEntity
  8
C-_CONC----_ED
 62
     6
420
 16711935
100
AcDbCircle
 10
103789.3447202287
 20
-6241.000198788941
 30
0.0000075355378613
 40
20.0
  0
CIRCLE
  5
182D
330
1F
100
AcDbEntity
  8
C-_CONC----_ED
 62
     6
420
 16711935
100
AcDbCircle
 10
103789.3447202287
 20
-6323.000198788941
 30
0.0000075355378613
 40
20.0
  0
CIRCLE
  5
182E
330
1F
100
AcDbEntity
  8
C-_CONC----_ED
 62
     4
100
AcDbCircle
 10
103789.2599144468
 20
-7267.685447136407
 30
0.0
 40
16.0
  0
CIRCLE
  5
1832
330
1F
100
AcDbEntity
  8
C-_CONC----_ED
 62
     6
420
 16711935
100
AcDbCircle
 10
103641.9655472321
 20
-6241.000237723813
 30
0.0000075355378613
 40
20.0
  0
CIRCLE
  5
1833
330
1F
100
AcDbEntity
  8
C-_CONC----_ED
 62
     6
420
 16711935
100
AcDbCircle
 10
103641.9655472321
 20
-6323.000237723813
 30
0.0000075355378613
 40
20.0
  0
CIRCLE
  5
1834
330
1F
100
AcDbEntity
  8
C-_CONC----_ED
 62
     4
100
AcDbCircle
 10
103641.9657968004
 20
-7267.68548604846
 30
0.0
 40
16.0
  0
CIRCLE
  5
1839
330
1F
100
AcDbEntity
  8
C-_CONC----_ED
 62
     6
420
 16711935
100
AcDbCircle
 10
103494.7534142315
 20
-6241.000276613981
 30
0.0000075355378613
 40
20.0
  0
CIRCLE
  5
183A
330
1F
100
AcDbEntity
  8
C-_CONC----_ED
 62
     6
420
 16711935
100
AcDbCircle
 10
103494.7534142315
 20
-6323.000276613981
 30
0.0000075355378613
 40
20.0
  0
CIRCLE
  5
183B
330
1F
100
AcDbEntity
  8
C-_CONC----_ED
 62
     4
100
AcDbCircle
 10
103494.6716791532
 20
-7267.68552496098
 30
0.0
 40
16.0
  0
CIRCLE
  5
1840
330
1F
100
AcDbEntity
  8
C-_CONC----_ED
 62
     6
420
 16711935
100
AcDbCircle
 10
102894.4633531507
 20
-6240.999564804603
 30
0.0
 40
20.0
  0
CIRCLE
  5
1841
330
1F
100
AcDbEntity
  8
C-_CONC----_ED
 62
     6
420
 16711935
100
AcDbCircle
 10
102894.4633531507
 20
-6322.999564804603
 30
0.0
 40
20.0
  0
CIRCLE
  5
1842
330
1F
100
AcDbEntity
  8
C-_CONC----_ED
 62
     4
100
AcDbCircle
 10
102894.4633531507
 20
-7267.684817377478
 30
0.0
 40
16.0
  0
CIRCLE
  5
1846
330
1F
100
AcDbEntity
  8
C-_CONC----_ED
 62
     6
420
 16711935
100
AcDbCircle
 10
102747.1692355034
 20
-6240.999525892083
 30
0.0
 40
20.0
  0
CIRCLE
  5
1847
330
1F
100
AcDbEntity
  8
C-_CONC----_ED
 62
     6
420
 16711935
100
AcDbCircle
 10
102747.1692355034
 20
-6322.999525892083
 30
0.0
 40
20.0
  0
CIRCLE
  5
1848
330
1F
100
AcDbEntity
  8
C-_CONC----_ED
 62
     4
100
AcDbCircle
 10
102747.1692355034
 20
-7267.684778465424
 30
0.0
 40
16.0
  0
CIRCLE
  5
184C
330
1F
100
AcDbEntity
  8
C-_CONC----_ED
 62
     6
420
 16711935
100
AcDbCircle
 10
102599.8751178562
 20
-6240.999486980029
 30
0.0
 40
20.0
  0
CIRCLE
  5
184D
330
1F
100
AcDbEntity
  8
C-_CONC----_ED
 62
     4
100
AcDbCircle
 10
102599.8751178562
 20
-7267.684739552904
 30
0.0
 40
16.0
  0
CIRCLE
  5
1851
330
1F
100
AcDbEntity
  8
C-_CONC----_ED
 62
     6
420
 16711935
100
AcDbCircle
 10
102452.581000209
 20
-6240.999448067974
 30
0.0
 40
20.0
  0
CIRCLE
  5
1852
330
1F
100
AcDbEntity
  8
C-_CONC----_ED
 62
     6
420
 16711935
100
AcDbCircle
 10
102452.581000209
 20
-6322.999448067974
 30
0.0
 40
20.0
  0
CIRCLE
  5
1853
330
1F
100
AcDbEntity
  8
C-_CONC----_ED
 62
     4
100
AcDbCircle
 10
102452.581000209
 20
-7267.684700640849
 30
0.0
 40
16.0
  0
CIRCLE
  5
1857
330
1F
100
AcDbEntity
  8
C-_CONC----_ED
 62
     6
420
 16711935
100
AcDbCircle
 10
102305.2868825618
 20
-6240.999409155454
 30
0.0
 40
20.0
  0
CIRCLE
  5
1858
330
1F
100
AcDbEntity
  8
C-_CONC----_ED
 62
     6
420
 16711935
100
AcDbCircle
 10
102305.2868825618
 20
-6322.999409155454
 30
0.0
 40
20.0
  0
CIRCLE
  5
1859
330
1F
100
AcDbEntity
  8
C-_CONC----_ED
 62
     4
100
AcDbCircle
 10
102305.2868825618
 20
-7267.68466172833
 30
0.0
 40
16.0
  0
CIRCLE
  5
185E
330
1F
100
AcDbEntity
  8
C-_CONC----_ED
 62
     6
420
 16711935
100
AcDbCircle
 10
102183.7163487367
 20
-6240.999377038796
 30
0.0000075355378613
 40
20.0
  0
CIRCLE
  5
185F
330
1F
100
AcDbEntity
  8
C-_CONC----_ED
 62
     6
420
 16711935
100
AcDbCircle
 10
102183.7163487367
 20
-6322.999377038795
 30
0.0000075355378613
 40
20.0
  0
CIRCLE
  5
1860
330
1F
100
AcDbEntity
  8
C-_CONC----_ED
 62
     4
100
AcDbCircle
 10
102183.7163487367
 20
-7267.684629612137
 30
0.0000075355378613
 40
16.0
  0
CIRCLE
  5
1864
330
1F
100
AcDbEntity
  8
C-_CONC----_ED
 62
     6
420
 16711935
100
AcDbCircle
 10
101728.9909442366
 20
-6241.000743094367
 30
0.0000075355378613
 40
20.0
  0
CIRCLE
  5
1865
330
1F
100
AcDbEntity
  8
C-_CONC----_ED
 62
     6
420
 16711935
100
AcDbCircle
 10
101728.9909442366
 20
-6323.000743094366
 30
0.0000075355378613
 40
20.0
  0
CIRCLE
  5
1866
330
1F
100
AcDbEntity
  8
C-_CONC----_ED
 62
     4
100
AcDbCircle
 10
101728.9909442366
 20
-7267.685995667708
 30
0.0000075355378613
 40
16.0
  0
CIRCLE
  5
186A
330
1F
100
AcDbEntity
  8
C-_CONC----_ED
 62
     6
420
 16711935
100
AcDbCircle
 10
101578.5176287788
 20
-6241.000778620131
 30
0.0
 40
20.0
  0
CIRCLE
  5
186B
330
1F
100
AcDbEntity
  8
C-_CONC----_ED
 62
     6
420
 16711935
100
AcDbCircle
 10
101578.5176287788
 20
-6323.000778620131
 30
0.0
 40
20.0
  0
CIRCLE
  5
186C
330
1F
100
AcDbEntity
  8
C-_CONC----_ED
 62
     4
100
AcDbCircle
 10
101578.5176287788
 20
-7267.686031193007
 30
0.0
 40
16.0
  0
CIRCLE
  5
1870
330
1F
100
AcDbEntity
  8
C-_CONC----_ED
 62
     6
420
 16711935
100
AcDbCircle
 10
101437.3131170591
 20
-6241.000817532185
 30
0.0
 40
20.0
  0
CIRCLE
  5
1871
330
1F
100
AcDbEntity
  8
C-_CONC----_ED
 62
     6
420
 16711935
100
AcDbCircle
 10
101437.3131170591
 20
-6323.000817532186
 30
0.0
 40
20.0
  0
CIRCLE
  5
1872
330
1F
100
AcDbEntity
  8
C-_CONC----_ED
 62
     4
100
AcDbCircle
 10
101437.3131170591
 20
-7267.686070105526
 30
0.0
 40
16.0
  0
CIRCLE
  5
1876
330
1F
100
AcDbEntity
  8
C-_CONC----_ED
 62
     6
420
 16711935
100
AcDbCircle
 10
101287.3375806484
 20
-6241.000856444705
 30
0.0
 40
20.0
  0
CIRCLE
  5
1877
330
1F
100
AcDbEntity
  8
C-_CONC----_ED
 62
     6
420
 16711935
100
AcDbCircle
 10
101287.3375806484
 20
-6323.000856444705
 30
0.0
 40
20.0
  0
CIRCLE
  5
1878
330
1F
100
AcDbEntity
  8
C-_CONC----_ED
 62
     4
100
AcDbCircle
 10
101287.3375806484
 20
-7267.686109017581
 30
0.0
 40
16.0
  0
CIRCLE
  5
187C
330
1F
100
AcDbEntity
  8
C-_CONC----_ED
 62
     6
420
 16711935
100
AcDbCircle
 10
101141.8999921215
 20
-6241.000895356759
 30
0.0
 40
20.0
  0
CIRCLE
  5
187D
330
1F
100
AcDbEntity
  8
C-_CONC----_ED
 62
     6
420
 16711935
100
AcDbCircle
 10
101141.8999921215
 20
-6323.000895356759
 30
0.0
 40
20.0
  0
CIRCLE
  5
187E
330
1F
100
AcDbEntity
  8
C-_CONC----_ED
 62
     4
100
AcDbCircle
 10
101141.8999921215
 20
-7267.686147930101
 30
0.0
 40
16.0
  0
CIRCLE
  5
1882
330
1F
100
AcDbEntity
  8
C-_CONC----_ED
 62
     6
420
 16711935
100
AcDbCircle
 10
100992.2324707696
 20
-6241.00093426928
 30
0.0
 40
20.0
  0
CIRCLE
  5
1883
330
1F
100
AcDbEntity
  8
C-_CONC----_ED
 62
     6
420
 16711935
100
AcDbCircle
 10
100992.2324707696
 20
-6323.00093426928
 30
0.0
 40
20.0
  0
CIRCLE
  5
1884
330
1F
100
AcDbEntity
  8
C-_CONC----_ED
 62
     4
100
AcDbCircle
 10
100992.2324707696
 20
-7267.686186842155
 30
0.0
 40
16.0
  0
CIRCLE
  5
1888
330
1F
100
AcDbEntity
  8
C-_CONC----_ED
 62
     6
420
 16711935
100
AcDbCircle
 10
100399.0283228114
 20
-6240.998902922962
 30
0.0
 40
20.0
  0
CIRCLE
  5
1889
330
1F
100
AcDbEntity
  8
C-_CONC----_ED
 62
     6
420
 16711935
100
AcDbCircle
 10
100399.0283228114
 20
-6322.998902922962
 30
0.0
 40
20.0
  0
CIRCLE
  5
188A
330
1F
100
AcDbEntity
  8
C-_CONC----_ED
 62
     4
100
AcDbCircle
 10
100399.0283228114
 20
-7267.684155496303
 30
0.0
 40
16.0
  0
CIRCLE
  5
188E
330
1F
100
AcDbEntity
  8
C-_CONC----_ED
 62
     6
420
 16711935
100
AcDbCircle
 10
100250.9451802886
 20
-6240.998864010908
 30
0.0
 40
20.0
  0
CIRCLE
  5
188F
330
1F
100
AcDbEntity
  8
C-_CONC----_ED
 62
     6
420
 16711935
100
AcDbCircle
 10
100250.9451802886
 20
-6322.998864010908
 30
0.0
 40
20.0
  0
CIRCLE
  5
1890
330
1F
100
AcDbEntity
  8
C-_CONC----_ED
 62
     4
100
AcDbCircle
 10
100250.9451802886
 20
-7267.684116583783
 30
0.0
 40
16.0
  0
CIRCLE
  5
1894
330
1F
100
AcDbEntity
  8
C-_CONC----_ED
 62
     6
420
 16711935
100
AcDbCircle
 10
100107.5771997926
 20
-6240.998825098388
 30
0.0
 40
20.0
  0
CIRCLE
  5
1895
330
1F
100
AcDbEntity
  8
C-_CONC----_ED
 62
     6
420
 16711935
100
AcDbCircle
 10
100107.5771997926
 20
-6322.998825098387
 30
0.0
 40
20.0
  0
CIRCLE
  5
1896
330
1F
100
AcDbEntity
  8
C-_CONC----_ED
 62
     4
100
AcDbCircle
 10
100107.5771997926
 20
-7267.68407767173
 30
0.0
 40
16.0
  0
CIRCLE
  5
189A
330
1F
100
AcDbEntity
  8
C-_CONC----_ED
 62
     6
420
 16711935
100
AcDbCircle
 10
99956.56791421227
 20
-6240.998786186334
 30
0.0
 40
20.0
  0
CIRCLE
  5
189B
330
1F
100
AcDbEntity
  8
C-_CONC----_ED
 62
     6
420
 16711935
100
AcDbCircle
 10
99956.56791421227
 20
-6322.998786186333
 30
0.0
 40
20.0
  0
CIRCLE
  5
189C
330
1F
100
AcDbEntity
  8
C-_CONC----_ED
 62
     4
100
AcDbCircle
 10
99956.56791421227
 20
-7267.68403875921
 30
0.0
 40
16.0
  0
CIRCLE
  5
18A0
330
1F
100
AcDbEntity
  8
C-_CONC----_ED
 62
     6
420
 16711935
100
AcDbCircle
 10
99809.3666230218
 20
-6240.99874727428
 30
0.0
 40
20.0
  0
CIRCLE
  5
18A1
330
1F
100
AcDbEntity
  8
C-_CONC----_ED
 62
     4
100
AcDbCircle
 10
99809.3666230218
 20
-7267.683999847155
 30
0.0
 40
16.0
  0
CIRCLE
  5
18A5
330
1F
100
AcDbEntity
  8
C-_CONC----_ED
 62
     6
420
 16711935
100
AcDbCircle
 10
99663.20119069159
 20
-6240.99870836176
 30
0.0
 40
20.0
  0
CIRCLE
  5
18A6
330
1F
100
AcDbEntity
  8
C-_CONC----_ED
 62
     6
420
 16711935
100
AcDbCircle
 10
99663.20119069159
 20
-6322.99870836176
 30
0.0
 40
20.0
  0
CIRCLE
  5
18A7
330
1F
100
AcDbEntity
  8
C-_CONC----_ED
 62
     4
100
AcDbCircle
 10
99663.20119069159
 20
-7267.683960934636
 30
0.0
 40
16.0
  0
CIRCLE
  5
18AB
330
1F
100
AcDbEntity
  8
C-_CONC----_ED
 62
     6
420
 16711935
100
AcDbCircle
 10
99505.28688259996
 20
-6240.998669449705
 30
0.0
 40
20.0
  0
CIRCLE
  5
18AC
330
1F
100
AcDbEntity
  8
C-_CONC----_ED
 62
     6
420
 16711935
100
AcDbCircle
 10
99505.28688259996
 20
-6322.998669449706
 30
0.0
 40
20.0
  0
CIRCLE
  5
18AD
330
1F
100
AcDbEntity
  8
C-_CONC----_ED
 62
     4
100
AcDbCircle
 10
99505.28688259996
 20
-7267.683922022581
 30
0.0
 40
16.0
  0
CIRCLE
  5
18B1
330
1F
100
AcDbEntity
  8
C-_CONC----_ED
 62
     6
420
 16711935
100
AcDbCircle
 10
99368.7226593915
 20
-6240.998630537186
 30
0.0
 40
20.0
  0
CIRCLE
  5
18B2
330
1F
100
AcDbEntity
  8
C-_CONC----_ED
 62
     6
420
 16711935
100
AcDbCircle
 10
99368.7226593915
 20
-6322.998630537186
 30
0.0
 40
20.0
  0
CIRCLE
  5
18B3
330
1F
100
AcDbEntity
  8
C-_CONC----_ED
 62
     4
100
AcDbCircle
 10
99368.7226593915
 20
-7267.683883110061
 30
0.0
 40
16.0
  0
CIRCLE
  5
18B6
330
1F
100
AcDbEntity
  8
C-_CONC----_ED
 62
     4
100
AcDbCircle
 10
104529.2176250006
 20
-7187.685255901889
 30
0.0000075355378613
 40
16.0
  0
CIRCLE
  5
18B7
330
1F
100
AcDbEntity
  8
C-_CONC----_ED
 62
     4
100
AcDbCircle
 10
104086.685685726
 20
-7187.685369311832
 30
0.0
 40
16.0
  0
CIRCLE
  5
18B8
330
1F
100
AcDbEntity
  8
C-_CONC----_ED
 62
     4
100
AcDbCircle
 10
103494.6716791532
 20
-7187.68552496098
 30
0.0
 40
16.0
  0
CIRCLE
  5
18B9
330
1F
100
AcDbEntity
  8
C-_CONC----_ED
 62
     4
100
AcDbCircle
 10
102894.4633531507
 20
-7187.684817377477
 30
0.0
 40
16.0
  0
CIRCLE
  5
18BA
330
1F
100
AcDbEntity
  8
C-_CONC----_ED
 62
     4
100
AcDbCircle
 10
102183.7163487367
 20
-7187.684629612137
 30
0.0000075355378613
 40
16.0
  0
CIRCLE
  5
18BB
330
1F
100
AcDbEntity
  8
C-_CONC----_ED
 62
     4
100
AcDbCircle
 10
101728.9909442366
 20
-7187.685995667708
 30
0.0000075355378613
 40
16.0
  0
CIRCLE
  5
18BC
330
1F
100
AcDbEntity
  8
C-_CONC----_ED
 62
     4
100
AcDbCircle
 10
101437.3131170591
 20
-7187.686070105526
 30
0.0
 40
16.0
  0
CIRCLE
  5
18BD
330
1F
100
AcDbEntity
  8
C-_CONC----_ED
 62
     4
100
AcDbCircle
 10
100992.2324707696
 20
-7187.686186842154
 30
0.0
 40
16.0
  0
CIRCLE
  5
18BE
330
1F
100
AcDbEntity
  8
C-_CONC----_ED
 62
     4
100
AcDbCircle
 10
100399.0283228114
 20
-7187.684155496303
 30
0.0
 40
16.0
  0
CIRCLE
  5
18BF
330
1F
100
AcDbEntity
  8
C-_CONC----_ED
 62
     4
100
AcDbCircle
 10
99809.3666230218
 20
-7187.683999847156
 30
0.0
 40
16.0
  0
CIRCLE
  5
18C0
330
1F
100
AcDbEntity
  8
C-_CONC----_ED
 62
     4
100
AcDbCircle
 10
99368.7226593915
 20
-7187.683883110061
 30
0.0
 40
16.0
  0
CIRCLE
  5
18DC
330
1F
100
AcDbEntity
  8
C-_CONC----_ED
 62
     6
420
 16711935
100
AcDbCircle
 10
99809.3666230218
 20
-6322.998747274279
 30
0.0
 40
20.0
  0
CIRCLE
  5
18DD
330
1F
100
AcDbEntity
  8
C-_CONC----_ED
 62
     6
420
 16711935
100
AcDbCircle
 10
102599.8751178562
 20
-6322.999486980029
 30
0.0
 40
20.0
  0
CIRCLE
  5
18E4
330
1F
100
AcDbEntity
  8
C-_CONC----_ED
 62
     6
420
 16711935
100
AcDbCircle
 10
110141.8111798052
 20
-2359.281346464832
 30
-1633.571692674235
 40
20.0
  0
CIRCLE
  5
18E5
330
1F
100
AcDbEntity
  8
C-_CONC----_ED
 62
     6
420
 16711935
100
AcDbCircle
 10
109994.5170846242
 20
-2444.321631967651
 30
-1633.571692674235
 40
20.0
  0
CIRCLE
  5
18E6
330
1F
100
AcDbEntity
  8
C-_CONC----_ED
 62
     6
420
 16711935
100
AcDbCircle
 10
109847.2229894431
 20
-2529.361917470502
 30
-1633.571692674235
 40
20.0
  0
CIRCLE
  5
18E7
330
1F
100
AcDbEntity
  8
C-_CONC----_ED
 62
     6
420
 16711935
100
AcDbCircle
 10
109699.9288942621
 20
-2614.402202973287
 30
-1633.571692674235
 40
20.0
  0
CIRCLE
  5
18E8
330
1F
100
AcDbEntity
  8
C-_CONC----_ED
 62
     6
420
 16711935
100
AcDbCircle
 10
109552.634799081
 20
-2699.442488476138
 30
-1633.571692674235
 40
20.0
  0
CIRCLE
  5
18E9
330
1F
100
AcDbEntity
  8
C-_CONC----_ED
 62
     6
420
 16711935
100
AcDbCircle
 10
109405.3407039
 20
-2784.482773978956
 30
-1633.571692674235
 40
20.0
  0
CIRCLE
  5
18EA
330
1F
100
AcDbEntity
  8
C-_CONC----_ED
 62
     6
420
 16711935
100
AcDbCircle
 10
109258.0466087189
 20
-2869.523059481774
 30
-1633.571692674235
 40
20.0
  0
CIRCLE
  5
1931
330
1F
100
AcDbEntity
  8
C-_CONC----_ED
 62
     6
420
 16711935
100
AcDbCircle
 10
108694.4656033641
 20
-3194.906704633493
 30
-1633.571692674235
 40
20.0
  0
CIRCLE
  5
1932
330
1F
100
AcDbEntity
  8
C-_CONC----_ED
 62
     6
420
 16711935
100
AcDbCircle
 10
108547.171508183
 20
-3279.946990136345
 30
-1633.571692674235
 40
20.0
  0
CIRCLE
  5
1933
330
1F
100
AcDbEntity
  8
C-_CONC----_ED
 62
     6
420
 16711935
100
AcDbCircle
 10
108399.877413002
 20
-3364.98727563913
 30
-1633.571692674235
 40
20.0
  0
CIRCLE
  5
1934
330
1F
100
AcDbEntity
  8
C-_CONC----_ED
 62
     6
420
 16711935
100
AcDbCircle
 10
108252.583317821
 20
-3450.027561141981
 30
-1633.571692674235
 40
20.0
  0
CIRCLE
  5
1935
330
1F
100
AcDbEntity
  8
C-_CONC----_ED
 62
     6
420
 16711935
100
AcDbCircle
 10
108105.2892226399
 20
-3535.067846644799
 30
-1633.571692674235
 40
20.0
  0
CIRCLE
  5
1936
330
1F
100
AcDbEntity
  8
C-_CONC----_ED
 62
     6
420
 16711935
100
AcDbCircle
 10
107957.9951274589
 20
-3620.108132147617
 30
-1633.571692674235
 40
20.0
  0
CIRCLE
  5
1937
330
1F
100
AcDbEntity
  8
C-_CONC----_ED
 62
     6
420
 16711935
100
AcDbCircle
 10
110141.8111798052
 20
-2441.281346464832
 30
-1633.571692674235
 40
20.0
  0
CIRCLE
  5
1938
330
1F
100
AcDbEntity
  8
C-_CONC----_ED
 62
     6
420
 16711935
100
AcDbCircle
 10
109994.5170846242
 20
-2526.32163196765
 30
-1633.571692674235
 40
20.0
  0
CIRCLE
  5
1939
330
1F
100
AcDbEntity
  8
C-_CONC----_ED
 62
     6
420
 16711935
100
AcDbCircle
 10
109847.2229894431
 20
-2611.361917470502
 30
-1633.571692674235
 40
20.0
  0
CIRCLE
  5
193A
330
1F
100
AcDbEntity
  8
C-_CONC----_ED
 62
     6
420
 16711935
100
AcDbCircle
 10
109699.9288942621
 20
-2696.402202973287
 30
-1633.571692674235
 40
20.0
  0
CIRCLE
  5
193B
330
1F
100
AcDbEntity
  8
C-_CONC----_ED
 62
     6
420
 16711935
100
AcDbCircle
 10
109552.634799081
 20
-2781.442488476138
 30
-1633.571692674235
 40
20.0
  0
CIRCLE
  5
193C
330
1F
100
AcDbEntity
  8
C-_CONC----_ED
 62
     6
420
 16711935
100
AcDbCircle
 10
108547.171508183
 20
-3361.946990136345
 30
-1633.571692674235
 40
20.0
  0
CIRCLE
  5
193D
330
1F
100
AcDbEntity
  8
C-_CONC----_ED
 62
     6
420
 16711935
100
AcDbCircle
 10
108399.877413002
 20
-3446.98727563913
 30
-1633.571692674235
 40
20.0
  0
CIRCLE
  5
193E
330
1F
100
AcDbEntity
  8
C-_CONC----_ED
 62
     6
420
 16711935
100
AcDbCircle
 10
108252.583317821
 20
-3532.027561141981
 30
-1633.571692674235
 40
20.0
  0
CIRCLE
  5
193F
330
1F
100
AcDbEntity
  8
C-_CONC----_ED
 62
     6
420
 16711935
100
AcDbCircle
 10
108105.2892226399
 20
-3617.067846644799
 30
-1633.571692674235
 40
20.0
  0
CIRCLE
  5
1940
330
1F
100
AcDbEntity
  8
C-_CONC----_ED
 62
     6
420
 16711935
100
AcDbCircle
 10
107957.9951274589
 20
-3702.108132147617
 30
-1633.571692674235
 40
20.0
  0
CIRCLE
  5
1941
330
1F
100
AcDbEntity
  8
C-_CONC----_ED
 62
     6
420
 16711935
100
AcDbCircle
 10
107541.8115764074
 20
-3860.391817379488
 30
-1633.571692674235
 40
20.0
  0
CIRCLE
  5
1942
330
1F
100
AcDbEntity
  8
C-_CONC----_ED
 62
     6
420
 16711935
100
AcDbCircle
 10
107394.5174812263
 20
-3945.432102882307
 30
-1633.571692674235
 40
20.0
  0
CIRCLE
  5
1943
330
1F
100
AcDbEntity
  8
C-_CONC----_ED
 62
     6
420
 16711935
100
AcDbCircle
 10
107247.2233860452
 20
-4030.472388385159
 30
-1633.571692674235
 40
20.0
  0
CIRCLE
  5
1944
330
1F
100
AcDbEntity
  8
C-_CONC----_ED
 62
     6
420
 16711935
100
AcDbCircle
 10
107099.9292908642
 20
-4115.512673887944
 30
-1633.571692674235
 40
20.0
  0
CIRCLE
  5
1945
330
1F
100
AcDbEntity
  8
C-_CONC----_ED
 62
     6
420
 16711935
100
AcDbCircle
 10
106952.6351956831
 20
-4200.552959390795
 30
-1633.571692674235
 40
20.0
  0
CIRCLE
  5
1946
330
1F
100
AcDbEntity
  8
C-_CONC----_ED
 62
     6
420
 16711935
100
AcDbCircle
 10
106805.3411005021
 20
-4285.593244893613
 30
-1633.571692674235
 40
20.0
  0
CIRCLE
  5
1947
330
1F
100
AcDbEntity
  8
C-_CONC----_ED
 62
     6
420
 16711935
100
AcDbCircle
 10
106658.0470053211
 20
-4370.633530396431
 30
-1633.571692674235
 40
20.0
  0
CIRCLE
  5
1948
330
1F
100
AcDbEntity
  8
C-_CONC----_ED
 62
     6
420
 16711935
100
AcDbCircle
 10
106094.4659999663
 20
-4696.017175548149
 30
-1633.571692674235
 40
20.0
  0
CIRCLE
  5
1949
330
1F
100
AcDbEntity
  8
C-_CONC----_ED
 62
     6
420
 16711935
100
AcDbCircle
 10
105947.1719047852
 20
-4781.057461051001
 30
-1633.571692674235
 40
20.0
  0
CIRCLE
  5
194A
330
1F
100
AcDbEntity
  8
C-_CONC----_ED
 62
     6
420
 16711935
100
AcDbCircle
 10
105799.8778096042
 20
-4866.097746553786
 30
-1633.571692674235
 40
20.0
  0
CIRCLE
  5
194B
330
1F
100
AcDbEntity
  8
C-_CONC----_ED
 62
     6
420
 16711935
100
AcDbCircle
 10
105652.5837144231
 20
-4951.138032056638
 30
-1633.571692674235
 40
20.0
  0
CIRCLE
  5
194C
330
1F
100
AcDbEntity
  8
C-_CONC----_ED
 62
     6
420
 16711935
100
AcDbCircle
 10
105505.2896192421
 20
-5036.178317559455
 30
-1633.571692674235
 40
20.0
  0
CIRCLE
  5
194D
330
1F
100
AcDbEntity
  8
C-_CONC----_ED
 62
     6
420
 16711935
100
AcDbCircle
 10
105357.995524061
 20
-5121.218603062273
 30
-1633.571692674235
 40
20.0
  0
CIRCLE
  5
194E
330
1F
100
AcDbEntity
  8
C-_CONC----_ED
 62
     6
420
 16711935
100
AcDbCircle
 10
107541.8115764074
 20
-3942.391817379488
 30
-1633.571692674235
 40
20.0
  0
CIRCLE
  5
194F
330
1F
100
AcDbEntity
  8
C-_CONC----_ED
 62
     6
420
 16711935
100
AcDbCircle
 10
107394.5174812263
 20
-4027.432102882307
 30
-1633.571692674235
 40
20.0
  0
CIRCLE
  5
1950
330
1F
100
AcDbEntity
  8
C-_CONC----_ED
 62
     6
420
 16711935
100
AcDbCircle
 10
107247.2233860452
 20
-4112.472388385159
 30
-1633.571692674235
 40
20.0
  0
CIRCLE
  5
1951
330
1F
100
AcDbEntity
  8
C-_CONC----_ED
 62
     6
420
 16711935
100
AcDbCircle
 10
107099.9292908642
 20
-4197.512673887944
 30
-1633.571692674235
 40
20.0
  0
CIRCLE
  5
1952
330
1F
100
AcDbEntity
  8
C-_CONC----_ED
 62
     6
420
 16711935
100
AcDbCircle
 10
106952.6351956831
 20
-4282.552959390795
 30
-1633.571692674235
 40
20.0
  0
CIRCLE
  5
1953
330
1F
100
AcDbEntity
  8
C-_CONC----_ED
 62
     6
420
 16711935
100
AcDbCircle
 10
105947.1719047852
 20
-4863.057461051001
 30
-1633.571692674235
 40
20.0
  0
CIRCLE
  5
1954
330
1F
100
AcDbEntity
  8
C-_CONC----_ED
 62
     6
420
 16711935
100
AcDbCircle
 10
105799.8778096042
 20
-4948.097746553786
 30
-1633.571692674235
 40
20.0
  0
CIRCLE
  5
1955
330
1F
100
AcDbEntity
  8
C-_CONC----_ED
 62
     6
420
 16711935
100
AcDbCircle
 10
105652.5837144231
 20
-5033.138032056638
 30
-1633.571692674235
 40
20.0
  0
CIRCLE
  5
1956
330
1F
100
AcDbEntity
  8
C-_CONC----_ED
 62
     6
420
 16711935
100
AcDbCircle
 10
105505.2896192421
 20
-5118.178317559455
 30
-1633.571692674235
 40
20.0
  0
CIRCLE
  5
1957
330
1F
100
AcDbEntity
  8
C-_CONC----_ED
 62
     6
420
 16711935
100
AcDbCircle
 10
105357.995524061
 20
-5203.218603062273
 30
-1633.571692674235
 40
20.0
  0
CIRCLE
  5
1958
330
1F
100
AcDbEntity
  8
C-_CONC----_ED
 62
     6
420
 16711935
100
AcDbCircle
 10
109405.3407037207
 20
-2866.482774082463
 30
-1633.571692674236
 40
20.0
  0
CIRCLE
  5
1959
330
1F
100
AcDbEntity
  8
C-_CONC----_ED
 62
     6
420
 16711935
100
AcDbCircle
 10
110141.8111559574
 20
-2996.659795644943
 30
0.0000000000009095
 40
20.0
  0
CIRCLE
  5
195A
330
1F
100
AcDbEntity
  8
C-_CONC----_ED
 62
     6
420
 16711935
100
AcDbCircle
 10
109994.5170607764
 20
-3081.700081147762
 30
0.0000000000009095
 40
20.0
  0
CIRCLE
  5
195B
330
1F
100
AcDbEntity
  8
C-_CONC----_ED
 62
     6
420
 16711935
100
AcDbCircle
 10
109847.2229655953
 20
-3166.740366650613
 30
0.0000000000009095
 40
20.0
  0
CIRCLE
  5
195C
330
1F
100
AcDbEntity
  8
C-_CONC----_ED
 62
     6
420
 16711935
100
AcDbCircle
 10
109699.9288704143
 20
-3251.780652153398
 30
0.0000000000009095
 40
20.0
  0
CIRCLE
  5
195D
330
1F
100
AcDbEntity
  8
C-_CONC----_ED
 62
     6
420
 16711935
100
AcDbCircle
 10
109552.6347752332
 20
-3336.82093765625
 30
0.0000000000009095
 40
20.0
  0
CIRCLE
  5
195E
330
1F
100
AcDbEntity
  8
C-_CONC----_ED
 62
     6
420
 16711935
100
AcDbCircle
 10
109405.3406800521
 20
-3421.861223159068
 30
0.0000000000009095
 40
20.0
  0
CIRCLE
  5
195F
330
1F
100
AcDbEntity
  8
C-_CONC----_ED
 62
     6
420
 16711935
100
AcDbCircle
 10
109258.0465848711
 20
-3506.901508661885
 30
0.0000000000009095
 40
20.0
  0
CIRCLE
  5
1960
330
1F
100
AcDbEntity
  8
C-_CONC----_ED
 62
     6
420
 16711935
100
AcDbCircle
 10
110141.8111559574
 20
-3078.659795644943
 30
0.0000000000009095
 40
20.0
  0
CIRCLE
  5
1961
330
1F
100
AcDbEntity
  8
C-_CONC----_ED
 62
     6
420
 16711935
100
AcDbCircle
 10
109994.5170607764
 20
-3163.700081147762
 30
0.0000000000009095
 40
20.0
  0
CIRCLE
  5
1962
330
1F
100
AcDbEntity
  8
C-_CONC----_ED
 62
     6
420
 16711935
100
AcDbCircle
 10
109847.2229655953
 20
-3248.740366650614
 30
0.0000000000009095
 40
20.0
  0
CIRCLE
  5
1963
330
1F
100
AcDbEntity
  8
C-_CONC----_ED
 62
     6
420
 16711935
100
AcDbCircle
 10
109699.9288704143
 20
-3333.780652153398
 30
0.0000000000009095
 40
20.0
  0
CIRCLE
  5
1964
330
1F
100
AcDbEntity
  8
C-_CONC----_ED
 62
     6
420
 16711935
100
AcDbCircle
 10
109552.6347752332
 20
-3418.82093765625
 30
0.0000000000009095
 40
20.0
  0
CIRCLE
  5
1965
330
1F
100
AcDbEntity
  8
C-_CONC----_ED
 62
     6
420
 16711935
100
AcDbCircle
 10
109405.3406798729
 20
-3503.861223262575
 30
0.0000000000004547
 40
20.0
  0
CIRCLE
  5
1966
330
1F
100
AcDbEntity
  8
C-_CONC----_ED
 62
     6
420
 16711935
100
AcDbCircle
 10
109258.0465848711
 20
-3588.901508661886
 30
0.0000000000009095
 40
20.0
  0
CIRCLE
  5
1967
330
1F
100
AcDbEntity
  8
C-_CONC----_ED
 62
     6
420
 16711935
100
AcDbCircle
 10
108694.4653683862
 20
-3832.285275709628
 30
0.0000000000009095
 40
20.0
  0
CIRCLE
  5
1968
330
1F
100
AcDbEntity
  8
C-_CONC----_ED
 62
     6
420
 16711935
100
AcDbCircle
 10
108547.1712732051
 20
-3917.325561212447
 30
0.0000000000009095
 40
20.0
  0
CIRCLE
  5
1969
330
1F
100
AcDbEntity
  8
C-_CONC----_ED
 62
     6
420
 16711935
100
AcDbCircle
 10
108399.877178024
 20
-4002.365846715298
 30
0.0000000000009095
 40
20.0
  0
CIRCLE
  5
196A
330
1F
100
AcDbEntity
  8
C-_CONC----_ED
 62
     6
420
 16711935
100
AcDbCircle
 10
108252.583082843
 20
-4087.406132218084
 30
0.0000000000009095
 40
20.0
  0
CIRCLE
  5
196B
330
1F
100
AcDbEntity
  8
C-_CONC----_ED
 62
     6
420
 16711935
100
AcDbCircle
 10
108105.2889876619
 20
-4172.446417720935
 30
0.0000000000009095
 40
20.0
  0
CIRCLE
  5
196C
330
1F
100
AcDbEntity
  8
C-_CONC----_ED
 62
     6
420
 16711935
100
AcDbCircle
 10
107957.9948924809
 20
-4257.486703223753
 30
0.0000000000009095
 40
20.0
  0
CIRCLE
  5
196D
330
1F
100
AcDbEntity
  8
C-_CONC----_ED
 62
     6
420
 16711935
100
AcDbCircle
 10
108694.4653683862
 20
-3914.285275709628
 30
0.0000000000009095
 40
20.0
  0
CIRCLE
  5
196E
330
1F
100
AcDbEntity
  8
C-_CONC----_ED
 62
     6
420
 16711935
100
AcDbCircle
 10
108547.1712732051
 20
-3999.325561212446
 30
0.0000000000009095
 40
20.0
  0
CIRCLE
  5
196F
330
1F
100
AcDbEntity
  8
C-_CONC----_ED
 62
     6
420
 16711935
100
AcDbCircle
 10
108399.877178024
 20
-4084.365846715298
 30
0.0000000000009095
 40
20.0
  0
CIRCLE
  5
1970
330
1F
100
AcDbEntity
  8
C-_CONC----_ED
 62
     6
420
 16711935
100
AcDbCircle
 10
108252.583082843
 20
-4169.406132218084
 30
0.0000000000009095
 40
20.0
  0
CIRCLE
  5
1971
330
1F
100
AcDbEntity
  8
C-_CONC----_ED
 62
     6
420
 16711935
100
AcDbCircle
 10
108105.2889876619
 20
-4254.446417720935
 30
0.0000000000009095
 40
20.0
  0
CIRCLE
  5
1972
330
1F
100
AcDbEntity
  8
C-_CONC----_ED
 62
     6
420
 16711935
100
AcDbCircle
 10
107957.9948923016
 20
-4339.48670332726
 30
0.0000000000004547
 40
20.0
  0
CIRCLE
  5
1973
330
1F
100
AcDbEntity
  8
C-_CONC----_ED
 62
     6
420
 16711935
100
AcDbCircle
 10
107541.8115525595
 20
-4497.770266559542
 30
0.0000000000009095
 40
20.0
  0
CIRCLE
  5
1974
330
1F
100
AcDbEntity
  8
C-_CONC----_ED
 62
     6
420
 16711935
100
AcDbCircle
 10
107394.5174573785
 20
-4582.810552062361
 30
0.0000000000009095
 40
20.0
  0
CIRCLE
  5
1975
330
1F
100
AcDbEntity
  8
C-_CONC----_ED
 62
     6
420
 16711935
100
AcDbCircle
 10
107247.2233621974
 20
-4667.850837565213
 30
0.0000000000009095
 40
20.0
  0
CIRCLE
  5
1976
330
1F
100
AcDbEntity
  8
C-_CONC----_ED
 62
     6
420
 16711935
100
AcDbCircle
 10
107099.9292670164
 20
-4752.891123067999
 30
0.0000000000009095
 40
20.0
  0
CIRCLE
  5
1977
330
1F
100
AcDbEntity
  8
C-_CONC----_ED
 62
     6
420
 16711935
100
AcDbCircle
 10
106952.6351718353
 20
-4837.93140857085
 30
0.0000000000009095
 40
20.0
  0
CIRCLE
  5
1978
330
1F
100
AcDbEntity
  8
C-_CONC----_ED
 62
     6
420
 16711935
100
AcDbCircle
 10
106805.3410766542
 20
-4922.971694073667
 30
0.0000000000009095
 40
20.0
  0
CIRCLE
  5
1979
330
1F
100
AcDbEntity
  8
C-_CONC----_ED
 62
     6
420
 16711935
100
AcDbCircle
 10
107541.8115525595
 20
-4579.770266559542
 30
0.0000000000009095
 40
20.0
  0
CIRCLE
  5
197A
330
1F
100
AcDbEntity
  8
C-_CONC----_ED
 62
     6
420
 16711935
100
AcDbCircle
 10
107394.5174573785
 20
-4664.810552062362
 30
0.0000000000009095
 40
20.0
  0
CIRCLE
  5
197B
330
1F
100
AcDbEntity
  8
C-_CONC----_ED
 62
     6
420
 16711935
100
AcDbCircle
 10
107247.2233621974
 20
-4749.850837565213
 30
0.0000000000009095
 40
20.0
  0
CIRCLE
  5
197C
330
1F
100
AcDbEntity
  8
C-_CONC----_ED
 62
     6
420
 16711935
100
AcDbCircle
 10
107099.9292670164
 20
-4834.891123067999
 30
0.0000000000009095
 40
20.0
  0
CIRCLE
  5
197D
330
1F
100
AcDbEntity
  8
C-_CONC----_ED
 62
     6
420
 16711935
100
AcDbCircle
 10
106952.6351718353
 20
-4919.93140857085
 30
0.0000000000009095
 40
20.0
  0
CIRCLE
  5
197E
330
1F
100
AcDbEntity
  8
C-_CONC----_ED
 62
     6
420
 16711935
100
AcDbCircle
 10
106805.341076475
 20
-5004.971694177175
 30
0.0000000000004547
 40
20.0
  0
CIRCLE
  5
197F
330
1F
100
AcDbEntity
  8
C-_CONC----_ED
 62
     6
420
 16711935
100
AcDbCircle
 10
106241.7591119725
 20
-5248.355893093037
 30
0.0000000000009095
 40
20.0
  0
CIRCLE
  5
1980
330
1F
100
AcDbEntity
  8
C-_CONC----_ED
 62
     6
420
 16711935
100
AcDbCircle
 10
106094.4650167915
 20
-5333.396178595856
 30
0.0000000000009095
 40
20.0
  0
CIRCLE
  5
1981
330
1F
100
AcDbEntity
  8
C-_CONC----_ED
 62
     6
420
 16711935
100
AcDbCircle
 10
105947.1709216104
 20
-5418.436464098707
 30
0.0000000000009095
 40
20.0
  0
CIRCLE
  5
1982
330
1F
100
AcDbEntity
  8
C-_CONC----_ED
 62
     6
420
 16711935
100
AcDbCircle
 10
105799.8768264294
 20
-5503.476749601492
 30
0.0000000000009095
 40
20.0
  0
CIRCLE
  5
1983
330
1F
100
AcDbEntity
  8
C-_CONC----_ED
 62
     6
420
 16711935
100
AcDbCircle
 10
105652.5827312483
 20
-5588.517035104343
 30
0.0000000000009095
 40
20.0
  0
CIRCLE
  5
1984
330
1F
100
AcDbEntity
  8
C-_CONC----_ED
 62
     6
420
 16711935
100
AcDbCircle
 10
105505.2886360672
 20
-5673.557320607162
 30
0.0000000000009095
 40
20.0
  0
CIRCLE
  5
1985
330
1F
100
AcDbEntity
  8
C-_CONC----_ED
 62
     6
420
 16711935
100
AcDbCircle
 10
105357.9945408862
 20
-5758.597606109979
 30
0.0000000000009095
 40
20.0
  0
CIRCLE
  5
1986
330
1F
100
AcDbEntity
  8
C-_CONC----_ED
 62
     6
420
 16711935
100
AcDbCircle
 10
106241.7591119725
 20
-5330.355893093038
 30
0.0000000000009095
 40
20.0
  0
CIRCLE
  5
1987
330
1F
100
AcDbEntity
  8
C-_CONC----_ED
 62
     6
420
 16711935
100
AcDbCircle
 10
106094.4650167915
 20
-5415.396178595856
 30
0.0000000000009095
 40
20.0
  0
CIRCLE
  5
1988
330
1F
100
AcDbEntity
  8
C-_CONC----_ED
 62
     6
420
 16711935
100
AcDbCircle
 10
105947.1709216104
 20
-5500.436464098708
 30
0.0000000000009095
 40
20.0
  0
CIRCLE
  5
1989
330
1F
100
AcDbEntity
  8
C-_CONC----_ED
 62
     6
420
 16711935
100
AcDbCircle
 10
105799.8768264294
 20
-5585.476749601492
 30
0.0000000000009095
 40
20.0
  0
CIRCLE
  5
198A
330
1F
100
AcDbEntity
  8
C-_CONC----_ED
 62
     6
420
 16711935
100
AcDbCircle
 10
105652.5827312483
 20
-5670.517035104343
 30
0.0000000000009095
 40
20.0
  0
CIRCLE
  5
198B
330
1F
100
AcDbEntity
  8
C-_CONC----_ED
 62
     6
420
 16711935
100
AcDbCircle
 10
105505.288635888
 20
-5755.557320710668
 30
0.0000000000004547
 40
20.0
  0
CIRCLE
  5
198C
330
1F
100
AcDbEntity
  8
C-_CONC----_ED
 62
     6
420
 16711935
100
AcDbCircle
 10
105357.9945408862
 20
-5840.597606109979
 30
0.0000000000009095
 40
20.0
  0
CIRCLE
  5
198D
330
1F
100
AcDbEntity
  8
C-_CONC----_ED
 62
     6
420
 16711935
100
AcDbCircle
 10
110141.8111559574
 20
-2824.659795644943
 30
0.0000000000009095
 40
20.0
  0
CIRCLE
  5
198E
330
1F
100
AcDbEntity
  8
C-_CONC----_ED
 62
     6
420
 16711935
100
AcDbCircle
 10
109994.5170607764
 20
-2909.700081147761
 30
0.0000000000009095
 40
20.0
  0
CIRCLE
  5
198F
330
1F
100
AcDbEntity
  8
C-_CONC----_ED
 62
     6
420
 16711935
100
AcDbCircle
 10
109847.2229655953
 20
-2994.740366650613
 30
0.0000000000009095
 40
20.0
  0
CIRCLE
  5
1990
330
1F
100
AcDbEntity
  8
C-_CONC----_ED
 62
     6
420
 16711935
100
AcDbCircle
 10
109699.9288704143
 20
-3079.780652153398
 30
0.0000000000009095
 40
20.0
  0
CIRCLE
  5
1991
330
1F
100
AcDbEntity
  8
C-_CONC----_ED
 62
     6
420
 16711935
100
AcDbCircle
 10
109552.6347752332
 20
-3164.82093765625
 30
0.0000000000009095
 40
20.0
  0
CIRCLE
  5
1992
330
1F
100
AcDbEntity
  8
C-_CONC----_ED
 62
     6
420
 16711935
100
AcDbCircle
 10
109405.3406800521
 20
-3249.861223159068
 30
0.0000000000009095
 40
20.0
  0
CIRCLE
  5
1993
330
1F
100
AcDbEntity
  8
C-_CONC----_ED
 62
     6
420
 16711935
100
AcDbCircle
 10
109258.0465848711
 20
-3334.901508661885
 30
0.0000000000009095
 40
20.0
  0
CIRCLE
  5
1994
330
1F
100
AcDbEntity
  8
C-_CONC----_ED
 62
     6
420
 16711935
100
AcDbCircle
 10
110141.8111559574
 20
-2906.659795644943
 30
0.0000000000009095
 40
20.0
  0
CIRCLE
  5
1995
330
1F
100
AcDbEntity
  8
C-_CONC----_ED
 62
     6
420
 16711935
100
AcDbCircle
 10
109994.5170607764
 20
-2991.700081147762
 30
0.0000000000009095
 40
20.0
  0
CIRCLE
  5
1996
330
1F
100
AcDbEntity
  8
C-_CONC----_ED
 62
     6
420
 16711935
100
AcDbCircle
 10
109847.2229655953
 20
-3076.740366650613
 30
0.0000000000009095
 40
20.0
  0
CIRCLE
  5
1997
330
1F
100
AcDbEntity
  8
C-_CONC----_ED
 62
     6
420
 16711935
100
AcDbCircle
 10
109699.9288704143
 20
-3161.780652153398
 30
0.0000000000009095
 40
20.0
  0
CIRCLE
  5
1998
330
1F
100
AcDbEntity
  8
C-_CONC----_ED
 62
     6
420
 16711935
100
AcDbCircle
 10
109552.6347752332
 20
-3246.82093765625
 30
0.0000000000009095
 40
20.0
  0
CIRCLE
  5
1999
330
1F
100
AcDbEntity
  8
C-_CONC----_ED
 62
     6
420
 16711935
100
AcDbCircle
 10
109405.3406798729
 20
-3331.861223262574
 30
0.0000000000004547
 40
20.0
  0
CIRCLE
  5
199A
330
1F
100
AcDbEntity
  8
C-_CONC----_ED
 62
     6
420
 16711935
100
AcDbCircle
 10
109258.0465848711
 20
-3416.901508661885
 30
0.0000000000009095
 40
20.0
  0
CIRCLE
  5
199B
330
1F
100
AcDbEntity
  8
C-_CONC----_ED
 62
     6
420
 16711935
100
AcDbCircle
 10
108694.4653683862
 20
-3660.285275709628
 30
0.0000000000009095
 40
20.0
  0
CIRCLE
  5
199C
330
1F
100
AcDbEntity
  8
C-_CONC----_ED
 62
     6
420
 16711935
100
AcDbCircle
 10
108547.1712732051
 20
-3745.325561212446
 30
0.0000000000009095
 40
20.0
  0
CIRCLE
  5
199D
330
1F
100
AcDbEntity
  8
C-_CONC----_ED
 62
     6
420
 16711935
100
AcDbCircle
 10
108399.877178024
 20
-3830.365846715299
 30
0.0000000000009095
 40
20.0
  0
CIRCLE
  5
199E
330
1F
100
AcDbEntity
  8
C-_CONC----_ED
 62
     6
420
 16711935
100
AcDbCircle
 10
108252.583082843
 20
-3915.406132218084
 30
0.0000000000009095
 40
20.0
  0
CIRCLE
  5
199F
330
1F
100
AcDbEntity
  8
C-_CONC----_ED
 62
     6
420
 16711935
100
AcDbCircle
 10
108105.2889876619
 20
-4000.446417720936
 30
0.0000000000009095
 40
20.0
  0
CIRCLE
  5
19A0
330
1F
100
AcDbEntity
  8
C-_CONC----_ED
 62
     6
420
 16711935
100
AcDbCircle
 10
107957.9948924809
 20
-4085.486703223753
 30
0.0000000000009095
 40
20.0
  0
CIRCLE
  5
19A1
330
1F
100
AcDbEntity
  8
C-_CONC----_ED
 62
     6
420
 16711935
100
AcDbCircle
 10
108694.4653683862
 20
-3742.285275709628
 30
0.0000000000009095
 40
20.0
  0
CIRCLE
  5
19A2
330
1F
100
AcDbEntity
  8
C-_CONC----_ED
 62
     6
420
 16711935
100
AcDbCircle
 10
108547.1712732051
 20
-3827.325561212447
 30
0.0000000000009095
 40
20.0
  0
CIRCLE
  5
19A3
330
1F
100
AcDbEntity
  8
C-_CONC----_ED
 62
     6
420
 16711935
100
AcDbCircle
 10
108399.877178024
 20
-3912.365846715299
 30
0.0000000000009095
 40
20.0
  0
CIRCLE
  5
19A4
330
1F
100
AcDbEntity
  8
C-_CONC----_ED
 62
     6
420
 16711935
100
AcDbCircle
 10
108252.583082843
 20
-3997.406132218085
 30
0.0000000000009095
 40
20.0
  0
CIRCLE
  5
19A5
330
1F
100
AcDbEntity
  8
C-_CONC----_ED
 62
     6
420
 16711935
100
AcDbCircle
 10
108105.2889876619
 20
-4082.446417720936
 30
0.0000000000009095
 40
20.0
  0
CIRCLE
  5
19A6
330
1F
100
AcDbEntity
  8
C-_CONC----_ED
 62
     6
420
 16711935
100
AcDbCircle
 10
107957.9948923016
 20
-4167.48670332726
 30
0.0000000000004547
 40
20.0
  0
CIRCLE
  5
19A7
330
1F
100
AcDbEntity
  8
C-_CONC----_ED
 62
     6
420
 16711935
100
AcDbCircle
 10
107541.8115525595
 20
-4325.770266559542
 30
0.0000000000009095
 40
20.0
  0
CIRCLE
  5
19A8
330
1F
100
AcDbEntity
  8
C-_CONC----_ED
 62
     6
420
 16711935
100
AcDbCircle
 10
107394.5174573785
 20
-4410.81055206236
 30
0.0000000000009095
 40
20.0
  0
CIRCLE
  5
19A9
330
1F
100
AcDbEntity
  8
C-_CONC----_ED
 62
     6
420
 16711935
100
AcDbCircle
 10
107247.2233621974
 20
-4495.850837565213
 30
0.0000000000009095
 40
20.0
  0
CIRCLE
  5
19AA
330
1F
100
AcDbEntity
  8
C-_CONC----_ED
 62
     6
420
 16711935
100
AcDbCircle
 10
107099.9292670164
 20
-4580.891123067998
 30
0.0000000000009095
 40
20.0
  0
CIRCLE
  5
19AB
330
1F
100
AcDbEntity
  8
C-_CONC----_ED
 62
     6
420
 16711935
100
AcDbCircle
 10
106952.6351718353
 20
-4665.93140857085
 30
0.0000000000009095
 40
20.0
  0
CIRCLE
  5
19AC
330
1F
100
AcDbEntity
  8
C-_CONC----_ED
 62
     6
420
 16711935
100
AcDbCircle
 10
106805.3410766542
 20
-4750.971694073667
 30
0.0000000000009095
 40
20.0
  0
CIRCLE
  5
19AD
330
1F
100
AcDbEntity
  8
C-_CONC----_ED
 62
     6
420
 16711935
100
AcDbCircle
 10
107541.8115525595
 20
-4407.770266559542
 30
0.0000000000009095
 40
20.0
  0
CIRCLE
  5
19AE
330
1F
100
AcDbEntity
  8
C-_CONC----_ED
 62
     6
420
 16711935
100
AcDbCircle
 10
107394.5174573785
 20
-4492.810552062361
 30
0.0000000000009095
 40
20.0
  0
CIRCLE
  5
19AF
330
1F
100
AcDbEntity
  8
C-_CONC----_ED
 62
     6
420
 16711935
100
AcDbCircle
 10
107247.2233621974
 20
-4577.850837565213
 30
0.0000000000009095
 40
20.0
  0
CIRCLE
  5
19B0
330
1F
100
AcDbEntity
  8
C-_CONC----_ED
 62
     6
420
 16711935
100
AcDbCircle
 10
107099.9292670164
 20
-4662.891123067999
 30
0.0000000000009095
 40
20.0
  0
CIRCLE
  5
19B1
330
1F
100
AcDbEntity
  8
C-_CONC----_ED
 62
     6
420
 16711935
100
AcDbCircle
 10
106952.6351718353
 20
-4747.93140857085
 30
0.0000000000009095
 40
20.0
  0
CIRCLE
  5
19B2
330
1F
100
AcDbEntity
  8
C-_CONC----_ED
 62
     6
420
 16711935
100
AcDbCircle
 10
106805.341076475
 20
-4832.971694177174
 30
0.0000000000004547
 40
20.0
  0
CIRCLE
  5
19B3
330
1F
100
AcDbEntity
  8
C-_CONC----_ED
 62
     6
420
 16711935
100
AcDbCircle
 10
106241.7591119725
 20
-5076.355893093038
 30
0.0000000000009095
 40
20.0
  0
CIRCLE
  5
19B4
330
1F
100
AcDbEntity
  8
C-_CONC----_ED
 62
     6
420
 16711935
100
AcDbCircle
 10
106094.4650167915
 20
-5161.396178595857
 30
0.0000000000009095
 40
20.0
  0
CIRCLE
  5
19B5
330
1F
100
AcDbEntity
  8
C-_CONC----_ED
 62
     6
420
 16711935
100
AcDbCircle
 10
105947.1709216104
 20
-5246.436464098708
 30
0.0000000000009095
 40
20.0
  0
CIRCLE
  5
19B6
330
1F
100
AcDbEntity
  8
C-_CONC----_ED
 62
     6
420
 16711935
100
AcDbCircle
 10
105799.8768264294
 20
-5331.476749601492
 30
0.0000000000009095
 40
20.0
  0
CIRCLE
  5
19B7
330
1F
100
AcDbEntity
  8
C-_CONC----_ED
 62
     6
420
 16711935
100
AcDbCircle
 10
105652.5827312483
 20
-5416.517035104344
 30
0.0000000000009095
 40
20.0
  0
CIRCLE
  5
19B8
330
1F
100
AcDbEntity
  8
C-_CONC----_ED
 62
     6
420
 16711935
100
AcDbCircle
 10
105505.2886360672
 20
-5501.557320607162
 30
0.0000000000009095
 40
20.0
  0
CIRCLE
  5
19B9
330
1F
100
AcDbEntity
  8
C-_CONC----_ED
 62
     6
420
 16711935
100
AcDbCircle
 10
105357.9945408862
 20
-5586.597606109979
 30
0.0000000000009095
 40
20.0
  0
CIRCLE
  5
19BA
330
1F
100
AcDbEntity
  8
C-_CONC----_ED
 62
     6
420
 16711935
100
AcDbCircle
 10
106241.7591119725
 20
-5158.355893093037
 30
0.0000000000009095
 40
20.0
  0
CIRCLE
  5
19BB
330
1F
100
AcDbEntity
  8
C-_CONC----_ED
 62
     6
420
 16711935
100
AcDbCircle
 10
106094.4650167915
 20
-5243.396178595856
 30
0.0000000000009095
 40
20.0
  0
CIRCLE
  5
19BC
330
1F
100
AcDbEntity
  8
C-_CONC----_ED
 62
     6
420
 16711935
100
AcDbCircle
 10
105947.1709216104
 20
-5328.436464098707
 30
0.0000000000009095
 40
20.0
  0
CIRCLE
  5
19BD
330
1F
100
AcDbEntity
  8
C-_CONC----_ED
 62
     6
420
 16711935
100
AcDbCircle
 10
105799.8768264294
 20
-5413.476749601493
 30
0.0000000000009095
 40
20.0
  0
CIRCLE
  5
19BE
330
1F
100
AcDbEntity
  8
C-_CONC----_ED
 62
     6
420
 16711935
100
AcDbCircle
 10
105652.5827312483
 20
-5498.517035104343
 30
0.0000000000009095
 40
20.0
  0
CIRCLE
  5
19BF
330
1F
100
AcDbEntity
  8
C-_CONC----_ED
 62
     6
420
 16711935
100
AcDbCircle
 10
105505.288635888
 20
-5583.557320710668
 30
0.0000000000004547
 40
20.0
  0
CIRCLE
  5
19C0
330
1F
100
AcDbEntity
  8
C-_CONC----_ED
 62
     6
420
 16711935
100
AcDbCircle
 10
105357.9945408862
 20
-5668.59760610998
 30
0.0000000000009095
 40
20.0
  0
CIRCLE
  5
1A7C
330
1F
100
AcDbEntity
  8
0
  6
ByBlock
 62
     6
370
     9
100
AcDbCircle
 10
114347.1659706951
 20
68.69115410827726
 30
0.0
 40
20.0
  0
CIRCLE
  5
1A7D
330
1F
100
AcDbEntity
  8
0
  6
ByBlock
 62
     6
370
     9
100
AcDbCircle
 10
114199.8718305819
 20
-16.3495626335432
 30
0.0
 40
20.0
  0
CIRCLE
  5
1A7E
330
1F
100
AcDbEntity
  8
0
  6
ByBlock
 62
     6
370
     9
100
AcDbCircle
 10
114052.5776904687
 20
-101.3902793753634
 30
0.0
 40
20.0
  0
CIRCLE
  5
1A7F
330
1F
100
AcDbEntity
  8
0
  6
ByBlock
 62
     6
370
     9
100
AcDbCircle
 10
113905.2835503555
 20
-186.4309961172171
 30
0.0
 40
20.0
  0
CIRCLE
  5
1A80
330
1F
100
AcDbEntity
  8
0
  6
ByBlock
 62
     6
370
     9
100
AcDbCircle
 10
113792.5269130298
 20
-251.5313812935142
 30
0.0
 40
20.0
  0
CIRCLE
  5
1A81
330
1F
100
AcDbEntity
  8
0
  6
ByBlock
 62
     6
370
     9
100
AcDbCircle
 10
113341.8077768999
 20
-511.7554360745717
 30
0.0
 40
20.0
  0
CIRCLE
  5
1A82
330
1F
100
AcDbEntity
  8
0
  6
ByBlock
 62
     6
370
     9
100
AcDbCircle
 10
113194.513681719
 20
-596.7961268746089
 30
0.0
 40
20.0
  0
CIRCLE
  5
1A83
330
1F
100
AcDbEntity
  8
0
  6
ByBlock
 62
     6
370
     9
100
AcDbCircle
 10
113047.219586538
 20
-681.8368176747005
 30
0.0
 40
20.0
  0
CIRCLE
  5
1A84
330
1F
100
AcDbEntity
  8
0
  6
ByBlock
 62
     6
370
     9
100
AcDbCircle
 10
112899.9254913571
 20
-766.8775084747712
 30
0.0
 40
20.0
  0
CIRCLE
  5
1A85
330
1F
100
AcDbEntity
  8
0
  6
ByBlock
 62
     6
370
     9
100
AcDbCircle
 10
112752.6313961761
 20
-851.918199274829
 30
0.0
 40
20.0
  0
CIRCLE
  5
1A86
330
1F
100
AcDbEntity
  8
0
  6
ByBlock
 62
     6
370
     9
100
AcDbCircle
 10
112605.3373009952
 20
-936.9588900748873
 30
0.0
 40
20.0
  0
CIRCLE
  5
1A87
330
1F
100
AcDbEntity
  8
0
  6
ByBlock
 62
     6
370
     9
100
AcDbCircle
 10
111989.0479640006
 20
-1292.775400481163
 30
0.0
 40
20.0
  0
CIRCLE
  5
1A88
330
1F
100
AcDbEntity
  8
0
  6
ByBlock
 62
     6
370
     9
100
AcDbCircle
 10
111841.7538238875
 20
-1377.816117222984
 30
0.0
 40
20.0
  0
CIRCLE
  5
1A89
330
1F
100
AcDbEntity
  8
0
  6
ByBlock
 62
     6
370
     9
100
AcDbCircle
 10
111694.4596837743
 20
-1462.856833964804
 30
0.0
 40
20.0
  0
CIRCLE
  5
1A8A
330
1F
100
AcDbEntity
  8
0
  6
ByBlock
 62
     6
370
     9
100
AcDbCircle
 10
111547.1655436611
 20
-1547.897550706625
 30
0.0
 40
20.0
  0
CIRCLE
  5
1A8B
330
1F
100
AcDbEntity
  8
0
  6
ByBlock
 62
     6
370
     9
100
AcDbCircle
 10
111399.8714035479
 20
-1632.938267448478
 30
0.0
 40
20.0
  0
CIRCLE
  5
1A8C
330
1F
100
AcDbEntity
  8
0
  6
ByBlock
 62
     6
370
     9
100
AcDbCircle
 10
111252.5772634348
 20
-1717.978984190265
 30
0.0
 40
20.0
  0
CIRCLE
  5
1A8D
330
1F
100
AcDbEntity
  8
0
  6
ByBlock
 62
     6
370
     9
100
AcDbCircle
 10
111105.2831233216
 20
-1803.019700932106
 30
0.0
 40
20.0
  0
CIRCLE
  5
1A8E
330
1F
100
AcDbEntity
  8
0
  6
ByBlock
 62
     6
370
     9
100
AcDbCircle
 10
110957.9889832084
 20
-1888.060417673927
 30
0.0
 40
20.0
  0
CIRCLE
  5
1A8F
330
1F
100
AcDbEntity
  8
0
  6
ByBlock
 62
     6
370
     9
100
AcDbCircle
 10
114494.4599207596
 20
-565.6568595981907
 30
0.0
 40
20.0
  0
CIRCLE
  5
1A90
330
1F
100
AcDbEntity
  8
0
  6
ByBlock
 62
     6
370
     9
100
AcDbCircle
 10
114347.1657806465
 20
-650.6971710424923
 30
0.0
 40
20.0
  0
CIRCLE
  5
1A91
330
1F
100
AcDbEntity
  8
0
  6
ByBlock
 62
     6
370
     9
100
AcDbCircle
 10
114199.8716405335
 20
-735.7374824867938
 30
0.0
 40
20.0
  0
CIRCLE
  5
1A92
330
1F
100
AcDbEntity
  8
0
  6
ByBlock
 62
     6
370
     9
100
AcDbCircle
 10
114052.5775004204
 20
-820.7777939310956
 30
0.0
 40
20.0
  0
CIRCLE
  5
1A93
330
1F
100
AcDbEntity
  8
0
  6
ByBlock
 62
     6
370
     9
100
AcDbCircle
 10
113905.2833603073
 20
-905.8181053754308
 30
0.0
 40
20.0
  0
CIRCLE
  5
1A94
330
1F
100
AcDbEntity
  8
0
  6
ByBlock
 62
     6
370
     9
100
AcDbCircle
 10
113792.5267229817
 20
-970.9181802882971
 30
0.0
 40
20.0
  0
CIRCLE
  5
1A95
330
1F
100
AcDbEntity
  8
0
  6
ByBlock
 62
     6
370
     9
100
AcDbCircle
 10
113341.8079669476
 20
-1231.14077541348
 30
0.0
 40
20.0
  0
CIRCLE
  5
1A96
330
1F
100
AcDbEntity
  8
0
  6
ByBlock
 62
     6
370
     9
100
AcDbCircle
 10
113194.5138717666
 20
-1316.181060916242
 30
0.0
 40
20.0
  0
CIRCLE
  5
1A97
330
1F
100
AcDbEntity
  8
0
  6
ByBlock
 62
     6
370
     9
100
AcDbCircle
 10
113047.2197765855
 20
-1401.22134641907
 30
0.0
 40
20.0
  0
CIRCLE
  5
1A98
330
1F
100
AcDbEntity
  8
0
  6
ByBlock
 62
     6
370
     9
100
AcDbCircle
 10
112899.9256814045
 20
-1486.261631921864
 30
0.0
 40
20.0
  0
CIRCLE
  5
1A99
330
1F
100
AcDbEntity
  8
0
  6
ByBlock
 62
     6
370
     9
100
AcDbCircle
 10
112752.6315862234
 20
-1571.301917424659
 30
0.0
 40
20.0
  0
CIRCLE
  5
1A9A
330
1F
100
AcDbEntity
  8
0
  6
ByBlock
 62
     6
370
     9
100
AcDbCircle
 10
112605.3374910424
 20
-1656.342202927454
 30
0.0
 40
20.0
  0
CIRCLE
  5
1A9B
330
1F
100
AcDbEntity
  8
0
  6
ByBlock
 62
     6
370
     9
100
AcDbCircle
 10
111989.0477739538
 20
-2012.15723698744
 30
0.0
 40
20.0
  0
CIRCLE
  5
1A9C
330
1F
100
AcDbEntity
  8
0
  6
ByBlock
 62
     6
370
     9
100
AcDbCircle
 10
111841.7536338407
 20
-2097.197548431742
 30
0.0
 40
20.0
  0
CIRCLE
  5
1A9D
330
1F
100
AcDbEntity
  8
0
  6
ByBlock
 62
     6
370
     9
100
AcDbCircle
 10
111694.4594937277
 20
-2182.237859876044
 30
0.0
 40
20.0
  0
CIRCLE
  5
1A9E
330
1F
100
AcDbEntity
  8
0
  6
ByBlock
 62
     6
370
     9
100
AcDbCircle
 10
111547.1653536146
 20
-2267.278171320345
 30
0.0
 40
20.0
  0
CIRCLE
  5
1A9F
330
1F
100
AcDbEntity
  8
0
  6
ByBlock
 62
     6
370
     9
100
AcDbCircle
 10
111399.8712135015
 20
-2352.318482764681
 30
0.0
 40
20.0
  0
CIRCLE
  5
1AA0
330
1F
100
AcDbEntity
  8
0
  6
ByBlock
 62
     6
370
     9
100
AcDbCircle
 10
111252.5770733885
 20
-2437.358794208961
 30
0.0
 40
20.0
  0
CIRCLE
  5
1AA1
330
1F
100
AcDbEntity
  8
0
  6
ByBlock
 62
     6
370
     9
100
AcDbCircle
 10
111105.2829332754
 20
-2522.399105653296
 30
0.0
 40
20.0
  0
CIRCLE
  5
1AA2
330
1F
100
AcDbEntity
  8
0
  6
ByBlock
 62
     6
370
     9
100
AcDbCircle
 10
110957.9887931624
 20
-2607.439417097598
 30
0.0
 40
20.0
  0
CIRCLE
  5
1AA3
330
1F
100
AcDbEntity
  8
0
  6
ByBlock
 62
     6
370
     9
100
AcDbCircle
 10
114494.4599207596
 20
-483.6568595981908
 30
0.0
 40
20.0
  0
CIRCLE
  5
1AA4
330
1F
100
AcDbEntity
  8
0
  6
ByBlock
 62
     6
370
     9
100
AcDbCircle
 10
114347.1657806465
 20
-568.6971710424923
 30
0.0
 40
20.0
  0
CIRCLE
  5
1AA5
330
1F
100
AcDbEntity
  8
0
  6
ByBlock
 62
     6
370
     9
100
AcDbCircle
 10
114199.8716405335
 20
-653.7374824867939
 30
0.0
 40
20.0
  0
CIRCLE
  5
1AA6
330
1F
100
AcDbEntity
  8
0
  6
ByBlock
 62
     6
370
     9
100
AcDbCircle
 10
114052.5775004204
 20
-738.7777939310956
 30
0.0
 40
20.0
  0
CIRCLE
  5
1AA7
330
1F
100
AcDbEntity
  8
0
  6
ByBlock
 62
     6
370
     9
100
AcDbCircle
 10
113905.2833603073
 20
-823.8181053754308
 30
0.0
 40
20.0
  0
CIRCLE
  5
1AA8
330
1F
100
AcDbEntity
  8
0
  6
ByBlock
 62
     6
370
     9
100
AcDbCircle
 10
113792.5267229817
 20
-888.9181802882971
 30
0.0
 40
20.0
  0
CIRCLE
  5
1AA9
330
1F
100
AcDbEntity
  8
0
  6
ByBlock
 62
     6
370
     9
100
AcDbCircle
 10
113341.8079669476
 20
-1149.14077541348
 30
0.0
 40
20.0
  0
CIRCLE
  5
1AAA
330
1F
100
AcDbEntity
  8
0
  6
ByBlock
 62
     6
370
     9
100
AcDbCircle
 10
113194.5138717666
 20
-1234.181060916242
 30
0.0
 40
20.0
  0
CIRCLE
  5
1AAB
330
1F
100
AcDbEntity
  8
0
  6
ByBlock
 62
     6
370
     9
100
AcDbCircle
 10
113047.2197765855
 20
-1319.22134641907
 30
0.0
 40
20.0
  0
CIRCLE
  5
1AAC
330
1F
100
AcDbEntity
  8
0
  6
ByBlock
 62
     6
370
     9
100
AcDbCircle
 10
112899.9256814045
 20
-1404.261631921865
 30
0.0
 40
20.0
  0
CIRCLE
  5
1AAD
330
1F
100
AcDbEntity
  8
0
  6
ByBlock
 62
     6
370
     9
100
AcDbCircle
 10
112752.6315862234
 20
-1489.301917424659
 30
0.0
 40
20.0
  0
CIRCLE
  5
1AAE
330
1F
100
AcDbEntity
  8
0
  6
ByBlock
 62
     6
370
     9
100
AcDbCircle
 10
112605.3374910424
 20
-1574.342202927454
 30
0.0
 40
20.0
  0
CIRCLE
  5
1AAF
330
1F
100
AcDbEntity
  8
0
  6
ByBlock
 62
     6
370
     9
100
AcDbCircle
 10
111989.0477739538
 20
-1930.15723698744
 30
0.0
 40
20.0
  0
CIRCLE
  5
1AB0
330
1F
100
AcDbEntity
  8
0
  6
ByBlock
 62
     6
370
     9
100
AcDbCircle
 10
111841.7536338407
 20
-2015.197548431742
 30
0.0
 40
20.0
  0
CIRCLE
  5
1AB1
330
1F
100
AcDbEntity
  8
0
  6
ByBlock
 62
     6
370
     9
100
AcDbCircle
 10
111694.4594937277
 20
-2100.237859876044
 30
0.0
 40
20.0
  0
CIRCLE
  5
1AB2
330
1F
100
AcDbEntity
  8
0
  6
ByBlock
 62
     6
370
     9
100
AcDbCircle
 10
111547.1653536146
 20
-2185.278171320345
 30
0.0
 40
20.0
  0
CIRCLE
  5
1AB3
330
1F
100
AcDbEntity
  8
0
  6
ByBlock
 62
     6
370
     9
100
AcDbCircle
 10
111399.8712135015
 20
-2270.318482764681
 30
0.0
 40
20.0
  0
CIRCLE
  5
1AB4
330
1F
100
AcDbEntity
  8
0
  6
ByBlock
 62
     6
370
     9
100
AcDbCircle
 10
111252.5770733885
 20
-2355.358794208961
 30
0.0
 40
20.0
  0
CIRCLE
  5
1AB5
330
1F
100
AcDbEntity
  8
0
  6
ByBlock
 62
     6
370
     9
100
AcDbCircle
 10
111105.2829332754
 20
-2440.399105653296
 30
0.0
 40
20.0
  0
CIRCLE
  5
1AB6
330
1F
100
AcDbEntity
  8
0
  6
ByBlock
 62
     6
370
     9
100
AcDbCircle
 10
110957.9887931624
 20
-2525.439417097598
 30
0.0
 40
20.0
  0
CIRCLE
  5
1AB7
330
1F
100
AcDbEntity
  8
0
  6
ByBlock
 62
     6
370
     9
100
AcDbCircle
 10
114494.4599207596
 20
-401.6568595981907
 30
0.0
 40
20.0
  0
CIRCLE
  5
1AB8
330
1F
100
AcDbEntity
  8
0
  6
ByBlock
 62
     6
370
     9
100
AcDbCircle
 10
114347.1657806465
 20
-486.6971710424922
 30
0.0
 40
20.0
  0
CIRCLE
  5
1AB9
330
1F
100
AcDbEntity
  8
0
  6
ByBlock
 62
     6
370
     9
100
AcDbCircle
 10
114199.8716405335
 20
-571.7374824867938
 30
0.0
 40
20.0
  0
CIRCLE
  5
1ABA
330
1F
100
AcDbEntity
  8
0
  6
ByBlock
 62
     6
370
     9
100
AcDbCircle
 10
114052.5775004204
 20
-656.7777939310956
 30
0.0
 40
20.0
  0
CIRCLE
  5
1ABB
330
1F
100
AcDbEntity
  8
0
  6
ByBlock
 62
     6
370
     9
100
AcDbCircle
 10
113905.2833603073
 20
-741.8181053754308
 30
0.0
 40
20.0
  0
CIRCLE
  5
1ABC
330
1F
100
AcDbEntity
  8
0
  6
ByBlock
 62
     6
370
     9
100
AcDbCircle
 10
113792.5267229817
 20
-806.9181802882972
 30
0.0
 40
20.0
  0
CIRCLE
  5
1ABD
330
1F
100
AcDbEntity
  8
0
  6
ByBlock
 62
     6
370
     9
100
AcDbCircle
 10
113341.8079669476
 20
-1067.14077541348
 30
0.0
 40
20.0
  0
CIRCLE
  5
1ABE
330
1F
100
AcDbEntity
  8
0
  6
ByBlock
 62
     6
370
     9
100
AcDbCircle
 10
113194.5138717666
 20
-1152.181060916241
 30
0.0
 40
20.0
  0
CIRCLE
  5
1ABF
330
1F
100
AcDbEntity
  8
0
  6
ByBlock
 62
     6
370
     9
100
AcDbCircle
 10
113047.2197765855
 20
-1237.22134641907
 30
0.0
 40
20.0
  0
CIRCLE
  5
1AC0
330
1F
100
AcDbEntity
  8
0
  6
ByBlock
 62
     6
370
     9
100
AcDbCircle
 10
112899.9256814045
 20
-1322.261631921864
 30
0.0
 40
20.0
  0
CIRCLE
  5
1AC1
330
1F
100
AcDbEntity
  8
0
  6
ByBlock
 62
     6
370
     9
100
AcDbCircle
 10
112752.6315862234
 20
-1407.301917424659
 30
0.0
 40
20.0
  0
CIRCLE
  5
1AC2
330
1F
100
AcDbEntity
  8
0
  6
ByBlock
 62
     6
370
     9
100
AcDbCircle
 10
112605.3374910424
 20
-1492.342202927454
 30
0.0
 40
20.0
  0
CIRCLE
  5
1AC3
330
1F
100
AcDbEntity
  8
0
  6
ByBlock
 62
     6
370
     9
100
AcDbCircle
 10
111989.0477739538
 20
-1848.15723698744
 30
0.0
 40
20.0
  0
CIRCLE
  5
1AC4
330
1F
100
AcDbEntity
  8
0
  6
ByBlock
 62
     6
370
     9
100
AcDbCircle
 10
111841.7536338407
 20
-1933.197548431742
 30
0.0
 40
20.0
  0
CIRCLE
  5
1AC5
330
1F
100
AcDbEntity
  8
0
  6
ByBlock
 62
     6
370
     9
100
AcDbCircle
 10
111694.4594937277
 20
-2018.237859876044
 30
0.0
 40
20.0
  0
CIRCLE
  5
1AC6
330
1F
100
AcDbEntity
  8
0
  6
ByBlock
 62
     6
370
     9
100
AcDbCircle
 10
111547.1653536146
 20
-2103.278171320345
 30
0.0
 40
20.0
  0
CIRCLE
  5
1AC7
330
1F
100
AcDbEntity
  8
0
  6
ByBlock
 62
     6
370
     9
100
AcDbCircle
 10
111399.8712135015
 20
-2188.31848276468
 30
0.0
 40
20.0
  0
CIRCLE
  5
1AC8
330
1F
100
AcDbEntity
  8
0
  6
ByBlock
 62
     6
370
     9
100
AcDbCircle
 10
111252.5770733885
 20
-2273.358794208961
 30
0.0
 40
20.0
  0
CIRCLE
  5
1AC9
330
1F
100
AcDbEntity
  8
0
  6
ByBlock
 62
     6
370
     9
100
AcDbCircle
 10
111105.2829332754
 20
-2358.399105653296
 30
0.0
 40
20.0
  0
CIRCLE
  5
1ACA
330
1F
100
AcDbEntity
  8
0
  6
ByBlock
 62
     6
370
     9
100
AcDbCircle
 10
110957.9887931624
 20
-2443.439417097598
 30
0.0
 40
20.0
  0
CIRCLE
  5
1ACB
330
1F
100
AcDbEntity
  8
0
  6
ByBlock
 62
     6
370
     9
100
AcDbCircle
 10
114494.4599207596
 20
-319.6568595981907
 30
0.0
 40
20.0
  0
CIRCLE
  5
1ACC
330
1F
100
AcDbEntity
  8
0
  6
ByBlock
 62
     6
370
     9
100
AcDbCircle
 10
114347.1657806465
 20
-404.6971710424923
 30
0.0
 40
20.0
  0
CIRCLE
  5
1ACD
330
1F
100
AcDbEntity
  8
0
  6
ByBlock
 62
     6
370
     9
100
AcDbCircle
 10
114199.8716405335
 20
-489.7374824867938
 30
0.0
 40
20.0
  0
CIRCLE
  5
1ACE
330
1F
100
AcDbEntity
  8
0
  6
ByBlock
 62
     6
370
     9
100
AcDbCircle
 10
114052.5775004204
 20
-574.7777939310956
 30
0.0
 40
20.0
  0
CIRCLE
  5
1ACF
330
1F
100
AcDbEntity
  8
0
  6
ByBlock
 62
     6
370
     9
100
AcDbCircle
 10
113905.2833603073
 20
-659.8181053754308
 30
0.0
 40
20.0
  0
CIRCLE
  5
1AD0
330
1F
100
AcDbEntity
  8
0
  6
ByBlock
 62
     6
370
     9
100
AcDbCircle
 10
113792.5267229817
 20
-724.9181802882972
 30
0.0
 40
20.0
  0
CIRCLE
  5
1AD1
330
1F
100
AcDbEntity
  8
0
  6
ByBlock
 62
     6
370
     9
100
AcDbCircle
 10
113341.8079669476
 20
-985.1407754134804
 30
0.0
 40
20.0
  0
CIRCLE
  5
1AD2
330
1F
100
AcDbEntity
  8
0
  6
ByBlock
 62
     6
370
     9
100
AcDbCircle
 10
113194.5138717666
 20
-1070.181060916241
 30
0.0
 40
20.0
  0
CIRCLE
  5
1AD3
330
1F
100
AcDbEntity
  8
0
  6
ByBlock
 62
     6
370
     9
100
AcDbCircle
 10
113047.2197765855
 20
-1155.22134641907
 30
0.0
 40
20.0
  0
CIRCLE
  5
1AD4
330
1F
100
AcDbEntity
  8
0
  6
ByBlock
 62
     6
370
     9
100
AcDbCircle
 10
112899.9256814045
 20
-1240.261631921864
 30
0.0
 40
20.0
  0
CIRCLE
  5
1AD5
330
1F
100
AcDbEntity
  8
0
  6
ByBlock
 62
     6
370
     9
100
AcDbCircle
 10
112752.6315862234
 20
-1325.301917424659
 30
0.0
 40
20.0
  0
CIRCLE
  5
1AD6
330
1F
100
AcDbEntity
  8
0
  6
ByBlock
 62
     6
370
     9
100
AcDbCircle
 10
112605.3374910424
 20
-1410.342202927454
 30
0.0
 40
20.0
  0
CIRCLE
  5
1AD7
330
1F
100
AcDbEntity
  8
0
  6
ByBlock
 62
     6
370
     9
100
AcDbCircle
 10
111989.0477739538
 20
-1766.15723698744
 30
0.0
 40
20.0
  0
CIRCLE
  5
1AD8
330
1F
100
AcDbEntity
  8
0
  6
ByBlock
 62
     6
370
     9
100
AcDbCircle
 10
111841.7536338407
 20
-1851.197548431742
 30
0.0
 40
20.0
  0
CIRCLE
  5
1AD9
330
1F
100
AcDbEntity
  8
0
  6
ByBlock
 62
     6
370
     9
100
AcDbCircle
 10
111694.4594937277
 20
-1936.237859876044
 30
0.0
 40
20.0
  0
CIRCLE
  5
1ADA
330
1F
100
AcDbEntity
  8
0
  6
ByBlock
 62
     6
370
     9
100
AcDbCircle
 10
111547.1653536146
 20
-2021.278171320346
 30
0.0
 40
20.0
  0
CIRCLE
  5
1ADB
330
1F
100
AcDbEntity
  8
0
  6
ByBlock
 62
     6
370
     9
100
AcDbCircle
 10
111399.8712135015
 20
-2106.318482764681
 30
0.0
 40
20.0
  0
CIRCLE
  5
1ADC
330
1F
100
AcDbEntity
  8
0
  6
ByBlock
 62
     6
370
     9
100
AcDbCircle
 10
111252.5770733885
 20
-2191.358794208961
 30
0.0
 40
20.0
  0
CIRCLE
  5
1ADD
330
1F
100
AcDbEntity
  8
0
  6
ByBlock
 62
     6
370
     9
100
AcDbCircle
 10
111105.2829332754
 20
-2276.399105653297
 30
0.0
 40
20.0
  0
CIRCLE
  5
1ADE
330
1F
100
AcDbEntity
  8
0
  6
ByBlock
 62
     6
370
     9
100
AcDbCircle
 10
110957.9887931624
 20
-2361.439417097598
 30
0.0
 40
20.0
  0
CIRCLE
  5
1ADF
330
1F
100
AcDbEntity
  8
0
  6
ByBlock
 62
     6
370
     9
100
AcDbCircle
 10
114347.1659706951
 20
-13.30884589172274
 30
0.0
 40
20.0
  0
CIRCLE
  5
1AE0
330
1F
100
AcDbEntity
  8
0
  6
ByBlock
 62
     6
370
     9
100
AcDbCircle
 10
113905.2835503555
 20
-268.4309961172171
 30
0.0
 40
20.0
  0
CIRCLE
  5
1AE1
330
1F
100
AcDbEntity
  8
0
  6
ByBlock
 62
     6
370
     9
100
AcDbCircle
 10
113792.5269130298
 20
-333.5313812935142
 30
0.0
 40
20.0
  0
CIRCLE
  5
1AE2
330
1F
100
AcDbEntity
  8
0
  6
ByBlock
 62
     6
370
     9
100
AcDbCircle
 10
113341.8077768999
 20
-593.7554360745716
 30
0.0
 40
20.0
  0
CIRCLE
  5
1AE3
330
1F
100
AcDbEntity
  8
0
  6
ByBlock
 62
     6
370
     9
100
AcDbCircle
 10
113047.219586538
 20
-763.8368176747006
 30
0.0
 40
20.0
  0
CIRCLE
  5
1AE4
330
1F
100
AcDbEntity
  8
0
  6
ByBlock
 62
     6
370
     9
100
AcDbCircle
 10
112899.9254913571
 20
-848.8775084747713
 30
0.0
 40
20.0
  0
CIRCLE
  5
1AE5
330
1F
100
AcDbEntity
  8
0
  6
ByBlock
 62
     6
370
     9
100
AcDbCircle
 10
112605.3373009952
 20
-1018.958890074887
 30
0.0
 40
20.0
  0
CIRCLE
  5
1AE6
330
1F
100
AcDbEntity
  8
0
  6
ByBlock
 62
     6
370
     9
100
AcDbCircle
 10
111989.0479640006
 20
-1374.775400481163
 30
0.0
 40
20.0
  0
CIRCLE
  5
1AE7
330
1F
100
AcDbEntity
  8
0
  6
ByBlock
 62
     6
370
     9
100
AcDbCircle
 10
111105.2831233216
 20
-1885.019700932106
 30
0.0
 40
20.0
  0
CIRCLE
  5
1AE8
330
1F
100
AcDbEntity
  8
0
  6
ByBlock
 62
     6
370
     9
100
AcDbCircle
 10
110957.9889832084
 20
-1970.060417673927
 30
0.0
 40
20.0
  0
CIRCLE
  5
1AE9
330
1F
100
AcDbEntity
  8
0
  6
ByBlock
 62
     6
370
     9
100
AcDbCircle
 10
111841.7538238875
 20
-1459.816117222984
 30
0.0
 40
20.0
  0
CIRCLE
  5
1AEA
330
1F
100
AcDbEntity
  8
0
  6
ByBlock
 62
     6
370
     9
100
AcDbCircle
 10
111547.1655436611
 20
-1629.897550706625
 30
0.0
 40
20.0
  0
CIRCLE
  5
1AEB
330
1F
100
AcDbEntity
  8
0
  6
ByBlock
 62
     6
370
     9
100
AcDbCircle
 10
111399.8714035479
 20
-1714.938267448478
 30
0.0
 40
20.0
  0
CIRCLE
  5
1B34
330
1F
100
AcDbEntity
  8
0
  6
ByBlock
 62
     6
370
     9
100
AcDbCircle
 10
116129.1587209931
 20
246.7315197927105
 30
-1633.571692674235
 40
20.0
  0
CIRCLE
  5
1B35
330
1F
100
AcDbEntity
  8
0
  6
ByBlock
 62
     6
370
     9
100
AcDbCircle
 10
116129.1587209931
 20
328.7315197927105
 30
-1633.571692674235
 40
20.0
  0
CIRCLE
  5
1B36
330
1F
100
AcDbEntity
  8
0
  6
ByBlock
 62
     6
370
     9
100
AcDbCircle
 10
116129.1587209931
 20
410.7315197927105
 30
-1633.571692674235
 40
20.0
  0
CIRCLE
  5
1B37
330
1F
100
AcDbEntity
  8
0
  6
ByBlock
 62
     6
370
     9
100
AcDbCircle
 10
116129.1587209931
 20
492.7315197927105
 30
-1633.571692674235
 40
20.0
  0
CIRCLE
  5
1B38
330
1F
100
AcDbEntity
  8
0
  6
ByBlock
 62
     6
370
     9
100
AcDbCircle
 10
115984.6936184073
 20
162.5002131430237
 30
-1633.571692674235
 40
20.0
  0
CIRCLE
  5
1B39
330
1F
100
AcDbEntity
  8
0
  6
ByBlock
 62
     6
370
     9
100
AcDbCircle
 10
115984.6936184073
 20
244.5002131430237
 30
-1633.571692674235
 40
20.0
  0
CIRCLE
  5
1B3A
330
1F
100
AcDbEntity
  8
0
  6
ByBlock
 62
     6
370
     9
100
AcDbCircle
 10
115984.6936184073
 20
326.5002131430238
 30
-1633.571692674235
 40
20.0
  0
CIRCLE
  5
1B3B
330
1F
100
AcDbEntity
  8
0
  6
ByBlock
 62
     6
370
     9
100
AcDbCircle
 10
115984.6936184073
 20
408.5002131430237
 30
-1633.571692674235
 40
20.0
  0
CIRCLE
  5
1B3C
330
1F
100
AcDbEntity
  8
0
  6
ByBlock
 62
     6
370
     9
100
AcDbCircle
 10
115673.2453193562
 20
-19.09171953373698
 30
-1633.571692674235
 40
20.0
  0
CIRCLE
  5
1B3D
330
1F
100
AcDbEntity
  8
0
  6
ByBlock
 62
     6
370
     9
100
AcDbCircle
 10
115673.2453193562
 20
62.90828046626302
 30
-1633.571692674235
 40
20.0
  0
CIRCLE
  5
1B3E
330
1F
100
AcDbEntity
  8
0
  6
ByBlock
 62
     6
370
     9
100
AcDbCircle
 10
115673.2453193562
 20
144.908280466263
 30
-1633.571692674235
 40
20.0
  0
CIRCLE
  5
1B3F
330
1F
100
AcDbEntity
  8
0
  6
ByBlock
 62
     6
370
     9
100
AcDbCircle
 10
115673.2453193562
 20
226.908280466263
 30
-1633.571692674235
 40
20.0
  0
CIRCLE
  5
1B40
330
1F
100
AcDbEntity
  8
0
  6
ByBlock
 62
     6
370
     9
100
AcDbCircle
 10
115536.2240746115
 20
-98.98283702186496
 30
-1633.571692674235
 40
20.0
  0
CIRCLE
  5
1B41
330
1F
100
AcDbEntity
  8
0
  6
ByBlock
 62
     6
370
     9
100
AcDbCircle
 10
115536.2240746115
 20
-16.98283702186495
 30
-1633.571692674235
 40
20.0
  0
CIRCLE
  5
1B42
330
1F
100
AcDbEntity
  8
0
  6
ByBlock
 62
     6
370
     9
100
AcDbCircle
 10
115536.2240746115
 20
65.01716297813505
 30
-1633.571692674235
 40
20.0
  0
CIRCLE
  5
1B43
330
1F
100
AcDbEntity
  8
0
  6
ByBlock
 62
     6
370
     9
100
AcDbCircle
 10
115536.2240746115
 20
147.0171629781352
 30
-1633.571692674235
 40
20.0
  0
CIRCLE
  5
1B44
330
1F
100
AcDbEntity
  8
0
  6
ByBlock
 62
     6
370
     9
100
AcDbCircle
 10
115398.8557889623
 20
-179.0762989400821
 30
-1633.571692674235
 40
20.0
  0
CIRCLE
  5
1B45
330
1F
100
AcDbEntity
  8
0
  6
ByBlock
 62
     6
370
     9
100
AcDbCircle
 10
115398.8557889623
 20
-97.0762989400821
 30
-1633.571692674235
 40
20.0
  0
CIRCLE
  5
1B46
330
1F
100
AcDbEntity
  8
0
  6
ByBlock
 62
     6
370
     9
100
AcDbCircle
 10
115398.8557889623
 20
-15.0762989400821
 30
-1633.571692674235
 40
20.0
  0
CIRCLE
  5
1B47
330
1F
100
AcDbEntity
  8
0
  6
ByBlock
 62
     6
370
     9
100
AcDbCircle
 10
115398.8557889623
 20
66.9237010599179
 30
-1633.571692674235
 40
20.0
  0
CIRCLE
  5
1B48
330
1F
100
AcDbEntity
  8
0
  6
ByBlock
 62
     6
370
     9
100
AcDbCircle
 10
115258.7880450706
 20
-260.743697338015
 30
-1633.571692674235
 40
20.0
  0
CIRCLE
  5
1B49
330
1F
100
AcDbEntity
  8
0
  6
ByBlock
 62
     6
370
     9
100
AcDbCircle
 10
115258.7880450706
 20
-178.7436973380149
 30
-1633.571692674235
 40
20.0
  0
CIRCLE
  5
1B4A
330
1F
100
AcDbEntity
  8
0
  6
ByBlock
 62
     6
370
     9
100
AcDbCircle
 10
115258.7880450706
 20
-96.74369733801496
 30
-1633.571692674235
 40
20.0
  0
CIRCLE
  5
1B4B
330
1F
100
AcDbEntity
  8
0
  6
ByBlock
 62
     6
370
     9
100
AcDbCircle
 10
115258.7880450706
 20
-14.74369733801495
 30
-1633.571692674235
 40
20.0
  0
CIRCLE
  5
1B4C
330
1F
100
AcDbEntity
  8
0
  6
ByBlock
 62
     6
370
     9
100
AcDbCircle
 10
115109.0302860819
 20
-348.0609213233654
 30
-1633.571692674235
 40
20.0
  0
CIRCLE
  5
1B4D
330
1F
100
AcDbEntity
  8
0
  6
ByBlock
 62
     6
370
     9
100
AcDbCircle
 10
115109.0302860819
 20
-266.0609213233654
 30
-1633.571692674235
 40
20.0
  0
CIRCLE
  5
1B4E
330
1F
100
AcDbEntity
  8
0
  6
ByBlock
 62
     6
370
     9
100
AcDbCircle
 10
115109.0302860819
 20
-184.0609213233654
 30
-1633.571692674235
 40
20.0
  0
CIRCLE
  5
1B4F
330
1F
100
AcDbEntity
  8
0
  6
ByBlock
 62
     6
370
     9
100
AcDbCircle
 10
115109.0302860819
 20
-102.0609213233654
 30
-1633.571692674235
 40
20.0
  0
CIRCLE
  5
1B50
330
1F
100
AcDbEntity
  8
0
  6
ByBlock
 62
     6
370
     9
100
AcDbCircle
 10
116127.0666877867
 20
967.5581535904475
 30
-1633.571700209777
 40
20.0
  0
CIRCLE
  5
1B51
330
1F
100
AcDbEntity
  8
0
  6
ByBlock
 62
     6
370
     9
100
AcDbCircle
 10
116127.0666877867
 20
885.5581535904475
 30
-1633.571700209777
 40
20.0
  0
CIRCLE
  5
1B52
330
1F
100
AcDbEntity
  8
0
  6
ByBlock
 62
     6
370
     9
100
AcDbCircle
 10
115984.6933566542
 20
883.9436116555461
 30
-1633.571692674239
 40
20.0
  0
CIRCLE
  5
1B53
330
1F
100
AcDbEntity
  8
0
  6
ByBlock
 62
     6
370
     9
100
AcDbCircle
 10
115984.6933566542
 20
801.9436116555462
 30
-1633.571692674239
 40
20.0
  0
CIRCLE
  5
1B54
330
1F
100
AcDbEntity
  8
0
  6
ByBlock
 62
     6
370
     9
100
AcDbCircle
 10
115673.2450575802
 20
702.4382602046034
 30
-1633.571692674239
 40
20.0
  0
CIRCLE
  5
1B55
330
1F
100
AcDbEntity
  8
0
  6
ByBlock
 62
     6
370
     9
100
AcDbCircle
 10
115673.2450575802
 20
620.4382602046035
 30
-1633.571692674239
 40
20.0
  0
CIRCLE
  5
1B56
330
1F
100
AcDbEntity
  8
0
  6
ByBlock
 62
     6
370
     9
100
AcDbCircle
 10
115536.2238128254
 20
622.5852340060046
 30
-1633.571692674239
 40
20.0
  0
CIRCLE
  5
1B57
330
1F
100
AcDbEntity
  8
0
  6
ByBlock
 62
     6
370
     9
100
AcDbCircle
 10
115398.8555271661
 20
542.5299598531219
 30
-1633.571692674239
 40
20.0
  0
CIRCLE
  5
1B58
330
1F
100
AcDbEntity
  8
0
  6
ByBlock
 62
     6
370
     9
100
AcDbCircle
 10
115398.8555271661
 20
460.5299598531218
 30
-1633.571692674239
 40
20.0
  0
CIRCLE
  5
1B59
330
1F
100
AcDbEntity
  8
0
  6
ByBlock
 62
     6
370
     9
100
AcDbCircle
 10
115258.7877832641
 20
460.901499657768
 30
-1633.571692674239
 40
20.0
  0
CIRCLE
  5
1B5A
330
1F
100
AcDbEntity
  8
0
  6
ByBlock
 62
     6
370
     9
100
AcDbCircle
 10
115109.0300242644
 20
373.6259076555998
 30
-1633.571692674239
 40
20.0
  0
CIRCLE
  5
1B5B
330
1F
100
AcDbEntity
  8
0
  6
ByBlock
 62
     6
370
     9
100
AcDbCircle
 10
114494.4601108083
 20
153.7318708501057
 30
0.0
 40
20.0
  0
CIRCLE
  5
1B5C
330
1F
100
AcDbEntity
  8
0
  6
ByBlock
 62
     6
370
     9
100
AcDbCircle
 10
114494.4601108083
 20
71.73187085010567
 30
0.0
 40
20.0
  0
CIRCLE
  5
1B5D
330
1F
100
AcDbEntity
  8
0
  6
ByBlock
 62
     6
370
     9
100
AcDbCircle
 10
114199.8718305819
 20
-98.34956263354321
 30
0.0
 40
20.0
  0
CIRCLE
  5
1BBE
330
1F
100
AcDbEntity
  8
0
  6
ByBlock
 62
     6
420
 16711935
370
     9
100
AcDbCircle
 10
120453.8632444141
 20
3442.937493439572
 30
0.0
 40
20.0
  0
CIRCLE
  5
1BBF
330
1F
100
AcDbEntity
  8
0
  6
ByBlock
 62
     6
420
 16711935
370
     9
100
AcDbCircle
 10
120453.8632444141
 20
3360.937493439572
 30
0.0
 40
20.0
  0
CIRCLE
  5
1BC0
330
1F
100
AcDbEntity
  8
0
  6
ByBlock
 62
     6
420
 16711935
370
     9
100
AcDbCircle
 10
120309.9304534879
 20
3407.398741104426
 30
0.0
 40
20.0
  0
CIRCLE
  5
1BC1
330
1F
100
AcDbEntity
  8
0
  6
ByBlock
 62
     6
420
 16711935
370
     9
100
AcDbCircle
 10
120309.9304534879
 20
3325.398741104426
 30
0.0
 40
20.0
  0
CIRCLE
  5
1BC2
330
1F
100
AcDbEntity
  8
0
  6
ByBlock
 62
     6
420
 16711935
370
     9
100
AcDbCircle
 10
120165.0693505668
 20
3320.934208675349
 30
0.0
 40
20.0
  0
CIRCLE
  5
1BC3
330
1F
100
AcDbEntity
  8
0
  6
ByBlock
 62
     6
420
 16711935
370
     9
100
AcDbCircle
 10
120165.0693505668
 20
3238.934208675349
 30
0.0
 40
20.0
  0
CIRCLE
  5
1BC4
330
1F
100
AcDbEntity
  8
0
  6
ByBlock
 62
     6
420
 16711935
370
     9
100
AcDbCircle
 10
120019.5372014501
 20
3236.078407631018
 30
0.0
 40
20.0
  0
CIRCLE
  5
1BC5
330
1F
100
AcDbEntity
  8
0
  6
ByBlock
 62
     6
420
 16711935
370
     9
100
AcDbCircle
 10
120019.5372014501
 20
3154.078407631018
 30
0.0
 40
20.0
  0
CIRCLE
  5
1BC6
330
1F
100
AcDbEntity
  8
0
  6
ByBlock
 62
     6
420
 16711935
370
     9
100
AcDbCircle
 10
119445.1640954056
 20
2901.177217017318
 30
0.0
 40
20.0
  0
CIRCLE
  5
1BC7
330
1F
100
AcDbEntity
  8
0
  6
ByBlock
 62
     6
420
 16711935
370
     9
100
AcDbCircle
 10
119445.1640954056
 20
2819.177217017318
 30
0.0
 40
20.0
  0
CIRCLE
  5
1BC8
330
1F
100
AcDbEntity
  8
0
  6
ByBlock
 62
     6
420
 16711935
370
     9
100
AcDbCircle
 10
119293.6800582897
 20
2812.851033470078
 30
0.0
 40
20.0
  0
CIRCLE
  5
1BC9
330
1F
100
AcDbEntity
  8
0
  6
ByBlock
 62
     6
420
 16711935
370
     9
100
AcDbCircle
 10
119293.6800582897
 20
2730.851033470078
 30
0.0
 40
20.0
  0
CIRCLE
  5
1BCA
330
1F
100
AcDbEntity
  8
0
  6
ByBlock
 62
     6
420
 16711935
370
     9
100
AcDbCircle
 10
119149.4767397819
 20
2728.770037075082
 30
0.0
 40
20.0
  0
CIRCLE
  5
1BCB
330
1F
100
AcDbEntity
  8
0
  6
ByBlock
 62
     6
420
 16711935
370
     9
100
AcDbCircle
 10
119009.0265057304
 20
2646.87736119801
 30
0.0
 40
20.0
  0
CIRCLE
  5
1BCC
330
1F
100
AcDbEntity
  8
0
  6
ByBlock
 62
     6
420
 16711935
370
     9
100
AcDbCircle
 10
119009.0265057304
 20
2564.87736119801
 30
0.0
 40
20.0
  0
CIRCLE
  5
1BCD
330
1F
100
AcDbEntity
  8
0
  6
ByBlock
 62
     6
420
 16711935
370
     9
100
AcDbCircle
 10
118862.0567793873
 20
2561.183348336894
 30
0.0
 40
20.0
  0
CIRCLE
  5
1BCE
330
1F
100
AcDbEntity
  8
0
  6
ByBlock
 62
     6
420
 16711935
370
     9
100
AcDbCircle
 10
118862.0567793873
 20
2479.183348336894
 30
0.0
 40
20.0
  0
CIRCLE
  5
1BCF
330
1F
100
AcDbEntity
  8
0
  6
ByBlock
 62
     6
420
 16711935
370
     9
100
AcDbCircle
 10
118418.3307977488
 20
2302.458909478064
 30
0.0
 40
20.0
  0
CIRCLE
  5
1BD0
330
1F
100
AcDbEntity
  8
0
  6
ByBlock
 62
     6
420
 16711935
370
     9
100
AcDbCircle
 10
118418.3307977488
 20
2220.458909478064
 30
0.0
 40
20.0
  0
CIRCLE
  5
1BD1
330
1F
100
AcDbEntity
  8
0
  6
ByBlock
 62
     6
420
 16711935
370
     9
100
AcDbCircle
 10
118277.8832160537
 20
2220.567780117219
 30
0.0
 40
20.0
  0
CIRCLE
  5
1BD2
330
1F
100
AcDbEntity
  8
0
  6
ByBlock
 62
     6
420
 16711935
370
     9
100
AcDbCircle
 10
118277.8832160537
 20
2138.567780117219
 30
0.0
 40
20.0
  0
CIRCLE
  5
1BD3
330
1F
100
AcDbEntity
  8
0
  6
ByBlock
 62
     6
420
 16711935
370
     9
100
AcDbCircle
 10
118138.4355727612
 20
2139.259687388836
 30
0.0
 40
20.0
  0
CIRCLE
  5
1BD4
330
1F
100
AcDbEntity
  8
0
  6
ByBlock
 62
     6
420
 16711935
370
     9
100
AcDbCircle
 10
118138.4355727612
 20
2057.259687388835
 30
0.0
 40
20.0
  0
CIRCLE
  5
1BD5
330
1F
100
AcDbEntity
  8
0
  6
ByBlock
 62
     6
420
 16711935
370
     9
100
AcDbCircle
 10
117997.1524987664
 20
2056.881405403726
 30
0.0
 40
20.0
  0
CIRCLE
  5
1BD6
330
1F
100
AcDbEntity
  8
0
  6
ByBlock
 62
     6
420
 16711935
370
     9
100
AcDbCircle
 10
117997.1524987664
 20
1974.881405403726
 30
0.0
 40
20.0
  0
CIRCLE
  5
1BD7
330
1F
100
AcDbEntity
  8
0
  6
ByBlock
 62
     6
420
 16711935
370
     9
100
AcDbCircle
 10
117405.1412219583
 20
1711.695881615631
 30
0.0
 40
20.0
  0
CIRCLE
  5
1BD8
330
1F
100
AcDbEntity
  8
0
  6
ByBlock
 62
     6
420
 16711935
370
     9
100
AcDbCircle
 10
117405.1412219583
 20
1629.695881615631
 30
0.0
 40
20.0
  0
CIRCLE
  5
1BD9
330
1F
100
AcDbEntity
  8
0
  6
ByBlock
 62
     6
420
 16711935
370
     9
100
AcDbCircle
 10
117258.2669804496
 20
1626.057543340213
 30
0.0
 40
20.0
  0
CIRCLE
  5
1BDA
330
1F
100
AcDbEntity
  8
0
  6
ByBlock
 62
     6
420
 16711935
370
     9
100
AcDbCircle
 10
117258.2669804496
 20
1544.057543340213
 30
0.0
 40
20.0
  0
CIRCLE
  5
1BDB
330
1F
100
AcDbEntity
  8
0
  6
ByBlock
 62
     6
420
 16711935
370
     9
100
AcDbCircle
 10
117116.5727911964
 20
1543.439551333706
 30
0.0
 40
20.0
  0
CIRCLE
  5
1BDC
330
1F
100
AcDbEntity
  8
0
  6
ByBlock
 62
     6
420
 16711935
370
     9
100
AcDbCircle
 10
117116.5727911964
 20
1461.439551333706
 30
0.0
 40
20.0
  0
CIRCLE
  5
1BDD
330
1F
100
AcDbEntity
  8
0
  6
ByBlock
 62
     6
420
 16711935
370
     9
100
AcDbCircle
 10
116973.868054115
 20
1460.232336629806
 30
0.0
 40
20.0
  0
CIRCLE
  5
1BDE
330
1F
100
AcDbEntity
  8
0
  6
ByBlock
 62
     6
420
 16711935
370
     9
100
AcDbCircle
 10
116973.868054115
 20
1378.232336629806
 30
0.0
 40
20.0
  0
CIRCLE
  5
1BDF
330
1F
100
AcDbEntity
  8
0
  6
ByBlock
 62
     6
420
 16711935
370
     9
100
AcDbCircle
 10
116973.86824453
 20
821.4566971310619
 30
0.0
 40
20.0
  0
CIRCLE
  5
1BE0
330
1F
100
AcDbEntity
  8
0
  6
ByBlock
 62
     6
420
 16711935
370
     9
100
AcDbCircle
 10
116973.86824453
 20
739.4566971310618
 30
0.0
 40
20.0
  0
CIRCLE
  5
1BE1
330
1F
100
AcDbEntity
  8
0
  6
ByBlock
 62
     6
420
 16711935
370
     9
100
AcDbCircle
 10
116973.86824453
 20
903.4566971310619
 30
0.0
 40
20.0
  0
CIRCLE
  5
1BE2
330
1F
100
AcDbEntity
  8
0
  6
ByBlock
 62
     6
420
 16711935
370
     9
100
AcDbCircle
 10
116973.86824453
 20
985.4566971310619
 30
0.0
 40
20.0
  0
CIRCLE
  5
1BE3
330
1F
100
AcDbEntity
  8
0
  6
ByBlock
 62
     6
420
 16711935
370
     9
100
AcDbCircle
 10
117116.5729816187
 20
904.6365937384623
 30
0.0
 40
20.0
  0
CIRCLE
  5
1BE4
330
1F
100
AcDbEntity
  8
0
  6
ByBlock
 62
     6
420
 16711935
370
     9
100
AcDbCircle
 10
117116.5729816187
 20
822.6365937384624
 30
0.0
 40
20.0
  0
CIRCLE
  5
1BE5
330
1F
100
AcDbEntity
  8
0
  6
ByBlock
 62
     6
420
 16711935
370
     9
100
AcDbCircle
 10
117116.5729816187
 20
986.6365937384623
 30
0.0
 40
20.0
  0
CIRCLE
  5
1BE6
330
1F
100
AcDbEntity
  8
0
  6
ByBlock
 62
     6
420
 16711935
370
     9
100
AcDbCircle
 10
117116.5729816187
 20
1068.636593738462
 30
0.0
 40
20.0
  0
CIRCLE
  5
1BE7
330
1F
100
AcDbEntity
  8
0
  6
ByBlock
 62
     6
420
 16711935
370
     9
100
AcDbCircle
 10
117258.267170879
 20
987.2274610985479
 30
0.0
 40
20.0
  0
CIRCLE
  5
1BE8
330
1F
100
AcDbEntity
  8
0
  6
ByBlock
 62
     6
420
 16711935
370
     9
100
AcDbCircle
 10
117258.267170879
 20
905.2274610985479
 30
0.0
 40
20.0
  0
CIRCLE
  5
1BE9
330
1F
100
AcDbEntity
  8
0
  6
ByBlock
 62
     6
420
 16711935
370
     9
100
AcDbCircle
 10
117258.267170879
 20
1069.227461098548
 30
0.0
 40
20.0
  0
CIRCLE
  5
1BEA
330
1F
100
AcDbEntity
  8
0
  6
ByBlock
 62
     6
420
 16711935
370
     9
100
AcDbCircle
 10
117258.267170879
 20
1151.227461098548
 30
0.0
 40
20.0
  0
CIRCLE
  5
1BEB
330
1F
100
AcDbEntity
  8
0
  6
ByBlock
 62
     6
420
 16711935
370
     9
100
AcDbCircle
 10
117405.1414123951
 20
1072.837683105483
 30
0.0
 40
20.0
  0
CIRCLE
  5
1BEC
330
1F
100
AcDbEntity
  8
0
  6
ByBlock
 62
     6
420
 16711935
370
     9
100
AcDbCircle
 10
117405.1414123951
 20
990.8376831054832
 30
0.0
 40
20.0
  0
CIRCLE
  5
1BED
330
1F
100
AcDbEntity
  8
0
  6
ByBlock
 62
     6
420
 16711935
370
     9
100
AcDbCircle
 10
117405.1414123951
 20
1154.837683105483
 30
0.0
 40
20.0
  0
CIRCLE
  5
1BEE
330
1F
100
AcDbEntity
  8
0
  6
ByBlock
 62
     6
420
 16711935
370
     9
100
AcDbCircle
 10
117405.1414123951
 20
1236.837683105483
 30
0.0
 40
20.0
  0
CIRCLE
  5
1BEF
330
1F
100
AcDbEntity
  8
0
  6
ByBlock
 62
     6
420
 16711935
370
     9
100
AcDbCircle
 10
117997.1526892332
 20
1417.909877641015
 30
0.0
 40
20.0
  0
CIRCLE
  5
1BF0
330
1F
100
AcDbEntity
  8
0
  6
ByBlock
 62
     6
420
 16711935
370
     9
100
AcDbCircle
 10
117997.1526892332
 20
1335.909877641015
 30
0.0
 40
20.0
  0
CIRCLE
  5
1BF1
330
1F
100
AcDbEntity
  8
0
  6
ByBlock
 62
     6
420
 16711935
370
     9
100
AcDbCircle
 10
117997.1526892332
 20
1499.909877641015
 30
0.0
 40
20.0
  0
CIRCLE
  5
1BF2
330
1F
100
AcDbEntity
  8
0
  6
ByBlock
 62
     6
420
 16711935
370
     9
100
AcDbCircle
 10
117997.1526892332
 20
1581.909877641015
 30
0.0
 40
20.0
  0
CIRCLE
  5
1BF3
330
1F
100
AcDbEntity
  8
0
  6
ByBlock
 62
     6
420
 16711935
370
     9
100
AcDbCircle
 10
118138.4357632351
 20
1500.261113679864
 30
0.0
 40
20.0
  0
CIRCLE
  5
1BF4
330
1F
100
AcDbEntity
  8
0
  6
ByBlock
 62
     6
420
 16711935
370
     9
100
AcDbCircle
 10
118138.4357632351
 20
1418.261113679864
 30
0.0
 40
20.0
  0
CIRCLE
  5
1BF5
330
1F
100
AcDbEntity
  8
0
  6
ByBlock
 62
     6
420
 16711935
370
     9
100
AcDbCircle
 10
118138.4357632351
 20
1582.261113679864
 30
0.0
 40
20.0
  0
CIRCLE
  5
1BF6
330
1F
100
AcDbEntity
  8
0
  6
ByBlock
 62
     6
420
 16711935
370
     9
100
AcDbCircle
 10
118138.4357632351
 20
1664.261113679864
 30
0.0
 40
20.0
  0
CIRCLE
  5
1BF7
330
1F
100
AcDbEntity
  8
0
  6
ByBlock
 62
     6
420
 16711935
370
     9
100
AcDbCircle
 10
118277.8834065347
 20
1581.542511820156
 30
0.0
 40
20.0
  0
CIRCLE
  5
1BF8
330
1F
100
AcDbEntity
  8
0
  6
ByBlock
 62
     6
420
 16711935
370
     9
100
AcDbCircle
 10
118277.8834065347
 20
1499.542511820157
 30
0.0
 40
20.0
  0
CIRCLE
  5
1BF9
330
1F
100
AcDbEntity
  8
0
  6
ByBlock
 62
     6
420
 16711935
370
     9
100
AcDbCircle
 10
118277.8834065347
 20
1663.542511820156
 30
0.0
 40
20.0
  0
CIRCLE
  5
1BFA
330
1F
100
AcDbEntity
  8
0
  6
ByBlock
 62
     6
420
 16711935
370
     9
100
AcDbCircle
 10
118277.8834065347
 20
1745.542511820157
 30
0.0
 40
20.0
  0
CIRCLE
  5
1BFB
330
1F
100
AcDbEntity
  8
0
  6
ByBlock
 62
     6
420
 16711935
370
     9
100
AcDbCircle
 10
118418.3309882369
 20
1663.406755173791
 30
0.0
 40
20.0
  0
CIRCLE
  5
1BFC
330
1F
100
AcDbEntity
  8
0
  6
ByBlock
 62
     6
420
 16711935
370
     9
100
AcDbCircle
 10
118418.3309882369
 20
1581.406755173791
 30
0.0
 40
20.0
  0
CIRCLE
  5
1BFD
330
1F
100
AcDbEntity
  8
0
  6
ByBlock
 62
     6
420
 16711935
370
     9
100
AcDbCircle
 10
118418.3309882369
 20
1745.406755173791
 30
0.0
 40
20.0
  0
CIRCLE
  5
1BFE
330
1F
100
AcDbEntity
  8
0
  6
ByBlock
 62
     6
420
 16711935
370
     9
100
AcDbCircle
 10
118418.3309882369
 20
1827.406755173791
 30
0.0
 40
20.0
  0
CIRCLE
  5
1BFF
330
1F
100
AcDbEntity
  8
0
  6
ByBlock
 62
     6
420
 16711935
370
     9
100
AcDbCircle
 10
118862.0569698978
 20
1922.046251167835
 30
0.0
 40
20.0
  0
CIRCLE
  5
1C00
330
1F
100
AcDbEntity
  8
0
  6
ByBlock
 62
     6
420
 16711935
370
     9
100
AcDbCircle
 10
118862.0569698978
 20
1840.046251167835
 30
0.0
 40
20.0
  0
CIRCLE
  5
1C01
330
1F
100
AcDbEntity
  8
0
  6
ByBlock
 62
     6
420
 16711935
370
     9
100
AcDbCircle
 10
118862.0569698978
 20
2004.046251167835
 30
0.0
 40
20.0
  0
CIRCLE
  5
1C02
330
1F
100
AcDbEntity
  8
0
  6
ByBlock
 62
     6
420
 16711935
370
     9
100
AcDbCircle
 10
118862.0569698978
 20
2086.046251167835
 30
0.0
 40
20.0
  0
CIRCLE
  5
1C03
330
1F
100
AcDbEntity
  8
0
  6
ByBlock
 62
     6
420
 16711935
370
     9
100
AcDbCircle
 10
119009.0266962483
 20
2007.712129481705
 30
0.0
 40
20.0
  0
CIRCLE
  5
1C04
330
1F
100
AcDbEntity
  8
0
  6
ByBlock
 62
     6
420
 16711935
370
     9
100
AcDbCircle
 10
119009.0266962483
 20
1925.712129481705
 30
0.0
 40
20.0
  0
CIRCLE
  5
1C05
330
1F
100
AcDbEntity
  8
0
  6
ByBlock
 62
     6
420
 16711935
370
     9
100
AcDbCircle
 10
119009.0266962483
 20
2089.712129481705
 30
0.0
 40
20.0
  0
CIRCLE
  5
1C06
330
1F
100
AcDbEntity
  8
0
  6
ByBlock
 62
     6
420
 16711935
370
     9
100
AcDbCircle
 10
119009.0266962483
 20
2171.712129481705
 30
0.0
 40
20.0
  0
CIRCLE
  5
1C07
330
1F
100
AcDbEntity
  8
0
  6
ByBlock
 62
     6
420
 16711935
370
     9
100
AcDbCircle
 10
119149.4769303069
 20
2089.577918843835
 30
0.0
 40
20.0
  0
CIRCLE
  5
1C08
330
1F
100
AcDbEntity
  8
0
  6
ByBlock
 62
     6
420
 16711935
370
     9
100
AcDbCircle
 10
119149.4769303069
 20
2007.577918843836
 30
0.0
 40
20.0
  0
CIRCLE
  5
1C09
330
1F
100
AcDbEntity
  8
0
  6
ByBlock
 62
     6
420
 16711935
370
     9
100
AcDbCircle
 10
119149.4769303069
 20
2171.577918843835
 30
0.0
 40
20.0
  0
CIRCLE
  5
1C0A
330
1F
100
AcDbEntity
  8
0
  6
ByBlock
 62
     6
420
 16711935
370
     9
100
AcDbCircle
 10
119149.4769303069
 20
2253.577918843836
 30
0.0
 40
20.0
  0
CIRCLE
  5
1C0B
330
1F
100
AcDbEntity
  8
0
  6
ByBlock
 62
     6
420
 16711935
370
     9
100
AcDbCircle
 10
119293.680248822
 20
2173.631310267531
 30
0.0
 40
20.0
  0
CIRCLE
  5
1C0C
330
1F
100
AcDbEntity
  8
0
  6
ByBlock
 62
     6
420
 16711935
370
     9
100
AcDbCircle
 10
119293.680248822
 20
2091.63131026753
 30
0.0
 40
20.0
  0
CIRCLE
  5
1C0D
330
1F
100
AcDbEntity
  8
0
  6
ByBlock
 62
     6
420
 16711935
370
     9
100
AcDbCircle
 10
119293.680248822
 20
2255.63131026753
 30
0.0
 40
20.0
  0
CIRCLE
  5
1C0E
330
1F
100
AcDbEntity
  8
0
  6
ByBlock
 62
     6
420
 16711935
370
     9
100
AcDbCircle
 10
119293.680248822
 20
2337.63131026753
 30
0.0
 40
20.0
  0
CIRCLE
  5
1C0F
330
1F
100
AcDbEntity
  8
0
  6
ByBlock
 62
     6
420
 16711935
370
     9
100
AcDbCircle
 10
119445.1642859456
 20
2261.928495088945
 30
0.0
 40
20.0
  0
CIRCLE
  5
1C10
330
1F
100
AcDbEntity
  8
0
  6
ByBlock
 62
     6
420
 16711935
370
     9
100
AcDbCircle
 10
119445.1642859456
 20
2179.928495088945
 30
0.0
 40
20.0
  0
CIRCLE
  5
1C11
330
1F
100
AcDbEntity
  8
0
  6
ByBlock
 62
     6
420
 16711935
370
     9
100
AcDbCircle
 10
119445.1642859456
 20
2343.928495088945
 30
0.0
 40
20.0
  0
CIRCLE
  5
1C12
330
1F
100
AcDbEntity
  8
0
  6
ByBlock
 62
     6
420
 16711935
370
     9
100
AcDbCircle
 10
119445.1642859456
 20
2425.928495088945
 30
0.0
 40
20.0
  0
CIRCLE
  5
1C13
330
1F
100
AcDbEntity
  8
0
  6
ByBlock
 62
     6
420
 16711935
370
     9
100
AcDbCircle
 10
120019.5373920192
 20
2596.719732941024
 30
0.0
 40
20.0
  0
CIRCLE
  5
1C14
330
1F
100
AcDbEntity
  8
0
  6
ByBlock
 62
     6
420
 16711935
370
     9
100
AcDbCircle
 10
120019.5373920192
 20
2514.719732941025
 30
0.0
 40
20.0
  0
CIRCLE
  5
1C15
330
1F
100
AcDbEntity
  8
0
  6
ByBlock
 62
     6
420
 16711935
370
     9
100
AcDbCircle
 10
120019.5373920192
 20
2678.719732941024
 30
0.0
 40
20.0
  0
CIRCLE
  5
1C16
330
1F
100
AcDbEntity
  8
0
  6
ByBlock
 62
     6
420
 16711935
370
     9
100
AcDbCircle
 10
120019.5373920192
 20
2760.719732941024
 30
0.0
 40
20.0
  0
CIRCLE
  5
1C17
330
1F
100
AcDbEntity
  8
0
  6
ByBlock
 62
     6
420
 16711935
370
     9
100
AcDbCircle
 10
120165.0695411432
 20
2681.547674634833
 30
0.0
 40
20.0
  0
CIRCLE
  5
1C18
330
1F
100
AcDbEntity
  8
0
  6
ByBlock
 62
     6
420
 16711935
370
     9
100
AcDbCircle
 10
120165.0695411432
 20
2599.547674634833
 30
0.0
 40
20.0
  0
CIRCLE
  5
1C19
330
1F
100
AcDbEntity
  8
0
  6
ByBlock
 62
     6
420
 16711935
370
     9
100
AcDbCircle
 10
120165.0695411432
 20
2763.547674634833
 30
0.0
 40
20.0
  0
CIRCLE
  5
1C1A
330
1F
100
AcDbEntity
  8
0
  6
ByBlock
 62
     6
420
 16711935
370
     9
100
AcDbCircle
 10
120165.0695411432
 20
2845.547674634833
 30
0.0
 40
20.0
  0
CIRCLE
  5
1C1B
330
1F
100
AcDbEntity
  8
0
  6
ByBlock
 62
     6
420
 16711935
370
     9
100
AcDbCircle
 10
120309.9306440716
 20
2767.984476172343
 30
0.0
 40
20.0
  0
CIRCLE
  5
1C1C
330
1F
100
AcDbEntity
  8
0
  6
ByBlock
 62
     6
420
 16711935
370
     9
100
AcDbCircle
 10
120309.9306440716
 20
2685.984476172344
 30
0.0
 40
20.0
  0
CIRCLE
  5
1C1D
330
1F
100
AcDbEntity
  8
0
  6
ByBlock
 62
     6
420
 16711935
370
     9
100
AcDbCircle
 10
120309.9306440716
 20
2849.984476172343
 30
0.0
 40
20.0
  0
CIRCLE
  5
1C1E
330
1F
100
AcDbEntity
  8
0
  6
ByBlock
 62
     6
420
 16711935
370
     9
100
AcDbCircle
 10
120309.9306440716
 20
2931.984476172344
 30
0.0
 40
20.0
  0
CIRCLE
  5
1C1F
330
1F
100
AcDbEntity
  8
0
  6
ByBlock
 62
     6
420
 16711935
370
     9
100
AcDbCircle
 10
120453.8634222228
 20
2851.880174726448
 30
0.0
 40
20.0
  0
CIRCLE
  5
1C20
330
1F
100
AcDbEntity
  8
0
  6
ByBlock
 62
     6
420
 16711935
370
     9
100
AcDbCircle
 10
120453.8634222228
 20
2769.880174726448
 30
0.0
 40
20.0
  0
CIRCLE
  5
1C21
330
1F
100
AcDbEntity
  8
0
  6
ByBlock
 62
     6
420
 16711935
370
     9
100
AcDbCircle
 10
120453.8634222228
 20
2933.880174726449
 30
0.0
 40
20.0
  0
CIRCLE
  5
1C22
330
1F
100
AcDbEntity
  8
0
  6
ByBlock
 62
     6
420
 16711935
370
     9
100
AcDbCircle
 10
120453.8634222228
 20
3015.880174726448
 30
0.0
 40
20.0
  0
CIRCLE
  5
1C60
330
1F
100
AcDbEntity
  8
0
  6
ByBlock
 62
     6
370
     9
100
AcDbCircle
 10
123770.137141936
 20
4003.948620708585
 30
0.0
 40
20.0
  0
CIRCLE
  5
1C61
330
1F
100
AcDbEntity
  8
0
  6
ByBlock
 62
     6
370
     9
100
AcDbCircle
 10
123618.6531048627
 20
3915.46104870774
 30
0.0
 40
20.0
  0
CIRCLE
  5
1C62
330
1F
100
AcDbEntity
  8
0
  6
ByBlock
 62
     6
370
     9
100
AcDbCircle
 10
123474.4497863955
 20
3831.226420609887
 30
0.0
 40
20.0
  0
CIRCLE
  5
1C63
330
1F
100
AcDbEntity
  8
0
  6
ByBlock
 62
     6
370
     9
100
AcDbCircle
 10
123333.9995523836
 20
3749.184111500733
 30
0.0
 40
20.0
  0
CIRCLE
  5
1C64
330
1F
100
AcDbEntity
  8
0
  6
ByBlock
 62
     6
370
     9
100
AcDbCircle
 10
123187.0298260819
 20
3663.333519654047
 30
0.0
 40
20.0
  0
CIRCLE
  5
1C65
330
1F
100
AcDbEntity
  8
0
  6
ByBlock
 62
     6
370
     9
100
AcDbCircle
 10
122740.4587589953
 20
3404.136342866095
 30
0.0
 40
20.0
  0
CIRCLE
  5
1C66
330
1F
100
AcDbEntity
  8
0
  6
ByBlock
 62
     6
370
     9
100
AcDbCircle
 10
122602.8562629127
 20
3322.095583098955
 30
0.0
 40
20.0
  0
CIRCLE
  5
1C67
330
1F
100
AcDbEntity
  8
0
  6
ByBlock
 62
     6
370
     9
100
AcDbCircle
 10
122463.4086196594
 20
3240.638925281211
 30
0.0
 40
20.0
  0
CIRCLE
  5
1C68
330
1F
100
AcDbEntity
  8
0
  6
ByBlock
 62
     6
370
     9
100
AcDbCircle
 10
122322.1255457044
 20
3158.110122770868
 30
0.0
 40
20.0
  0
CIRCLE
  5
1C69
330
1F
100
AcDbEntity
  8
0
  6
ByBlock
 62
     6
370
     9
100
AcDbCircle
 10
121730.114267632
 20
2819.710402130223
 30
0.0
 40
20.0
  0
CIRCLE
  5
1C6A
330
1F
100
AcDbEntity
  8
0
  6
ByBlock
 62
     6
370
     9
100
AcDbCircle
 10
121607.1031610193
 20
2819.710363328876
 30
-1633.571692674226
 40
20.0
  0
CIRCLE
  5
1C6B
330
1F
100
AcDbEntity
  8
0
  6
ByBlock
 62
     6
370
     9
100
AcDbCircle
 10
121441.54579242
 20
2819.710325896
 30
-1633.571692674239
 40
20.0
  0
CIRCLE
  5
1C6C
330
1F
100
AcDbEntity
  8
0
  6
ByBlock
 62
     6
370
     9
100
AcDbCircle
 10
121298.8410333568
 20
2819.710288196157
 30
-1633.571692674231
 40
20.0
  0
CIRCLE
  5
1C6D
330
1F
100
AcDbEntity
  8
0
  6
ByBlock
 62
     6
370
     9
100
AcDbCircle
 10
121730.114267632
 20
2901.710402130223
 30
0.0
 40
20.0
  0
CIRCLE
  5
1C6E
330
1F
100
AcDbEntity
  8
0
  6
ByBlock
 62
     6
370
     9
100
AcDbCircle
 10
121607.1031610193
 20
2901.710363328876
 30
-1633.571692674226
 40
20.0
  0
CIRCLE
  5
1C6F
330
1F
100
AcDbEntity
  8
0
  6
ByBlock
 62
     6
370
     9
100
AcDbCircle
 10
121441.54579242
 20
2901.710325896
 30
-1633.571692674239
 40
20.0
  0
CIRCLE
  5
1C70
330
1F
100
AcDbEntity
  8
0
  6
ByBlock
 62
     6
370
     9
100
AcDbCircle
 10
121298.8410333568
 20
2901.710288196158
 30
-1633.571692674231
 40
20.0
  0
CIRCLE
  5
1C71
330
1F
100
AcDbEntity
  8
0
  6
ByBlock
 62
     6
370
     9
100
AcDbCircle
 10
121730.114267632
 20
2983.710402130223
 30
0.0
 40
20.0
  0
CIRCLE
  5
1C72
330
1F
100
AcDbEntity
  8
0
  6
ByBlock
 62
     6
370
     9
100
AcDbCircle
 10
121607.1031610193
 20
2983.710363328876
 30
-1633.571692674226
 40
20.0
  0
CIRCLE
  5
1C73
330
1F
100
AcDbEntity
  8
0
  6
ByBlock
 62
     6
370
     9
100
AcDbCircle
 10
121441.54579242
 20
2983.710325896
 30
-1633.571692674239
 40
20.0
  0
CIRCLE
  5
1C74
330
1F
100
AcDbEntity
  8
0
  6
ByBlock
 62
     6
370
     9
100
AcDbCircle
 10
121298.8410333568
 20
2983.710288196157
 30
-1633.571692674231
 40
20.0
  0
CIRCLE
  5
1C75
330
1F
100
AcDbEntity
  8
0
  6
ByBlock
 62
     6
370
     9
100
AcDbCircle
 10
121730.114267632
 20
3065.710402130223
 30
0.0
 40
20.0
  0
CIRCLE
  5
1C76
330
1F
100
AcDbEntity
  8
0
  6
ByBlock
 62
     6
370
     9
100
AcDbCircle
 10
121607.1031610193
 20
3065.710363328876
 30
-1633.571692674226
 40
20.0
  0
CIRCLE
  5
1C77
330
1F
100
AcDbEntity
  8
0
  6
ByBlock
 62
     6
370
     9
100
AcDbCircle
 10
121441.54579242
 20
3065.710325896001
 30
-1633.571692674239
 40
20.0
  0
CIRCLE
  5
1C78
330
1F
100
AcDbEntity
  8
0
  6
ByBlock
 62
     6
370
     9
100
AcDbCircle
 10
121298.8410333568
 20
3065.710288196158
 30
-1633.571692674231
 40
20.0
  0
CIRCLE
  5
1C79
330
1F
100
AcDbEntity
  8
0
  6
ByBlock
 62
     6
370
     9
100
AcDbCircle
 10
122602.8560720702
 20
4044.489359285362
 30
0.0
 40
20.0
  0
CIRCLE
  5
1C7A
330
1F
100
AcDbEntity
  8
0
  6
ByBlock
 62
     6
370
     9
100
AcDbCircle
 10
122463.4084288403
 20
3962.944170542073
 30
0.0
 40
20.0
  0
CIRCLE
  5
1C7B
330
1F
100
AcDbEntity
  8
0
  6
ByBlock
 62
     6
370
     9
100
AcDbCircle
 10
122322.125354909
 20
3880.325671848929
 30
0.0
 40
20.0
  0
CIRCLE
  5
1C7C
330
1F
100
AcDbEntity
  8
0
  6
ByBlock
 62
     6
370
     9
100
AcDbCircle
 10
121730.1140783668
 20
3536.133580210797
 30
0.0
 40
20.0
  0
CIRCLE
  5
1C7D
330
1F
100
AcDbEntity
  8
0
  6
ByBlock
 62
     6
370
     9
100
AcDbCircle
 10
121607.1029944441
 20
3450.245518838372
 30
0.0
 40
20.0
  0
CIRCLE
  5
1C7E
330
1F
100
AcDbEntity
  8
0
  6
ByBlock
 62
     6
370
     9
100
AcDbCircle
 10
121441.5456277754
 20
3442.937493439601
 30
0.0
 40
20.0
  0
CIRCLE
  5
1C7F
330
1F
100
AcDbEntity
  8
0
  6
ByBlock
 62
     6
370
     9
100
AcDbCircle
 10
121298.8408687122
 20
3442.937493439601
 30
0.0
 40
20.0
  0
CIRCLE
  5
1C80
330
1F
100
AcDbEntity
  8
0
  6
ByBlock
 62
     6
370
     9
100
AcDbCircle
 10
122740.4585770873
 20
4092.710400928802
 30
0.0
 40
20.0
  0
CIRCLE
  5
1C81
330
1F
100
AcDbEntity
  8
0
  6
ByBlock
 62
     6
370
     9
100
AcDbCircle
 10
123770.137141936
 20
4085.948620708585
 30
0.0
 40
20.0
  0
CIRCLE
  5
1C82
330
1F
100
AcDbEntity
  8
0
  6
ByBlock
 62
     6
370
     9
100
AcDbCircle
 10
123618.6531048627
 20
3997.461048707741
 30
0.0
 40
20.0
  0
CIRCLE
  5
1C83
330
1F
100
AcDbEntity
  8
0
  6
ByBlock
 62
     6
370
     9
100
AcDbCircle
 10
123474.4497863955
 20
3913.226420609886
 30
0.0
 40
20.0
  0
CIRCLE
  5
1C84
330
1F
100
AcDbEntity
  8
0
  6
ByBlock
 62
     6
370
     9
100
AcDbCircle
 10
123333.9995523836
 20
3831.184111500732
 30
0.0
 40
20.0
  0
CIRCLE
  5
1C85
330
1F
100
AcDbEntity
  8
0
  6
ByBlock
 62
     6
370
     9
100
AcDbCircle
 10
123187.0298260819
 20
3745.333519654046
 30
0.0
 40
20.0
  0
CIRCLE
  5
1C86
330
1F
100
AcDbEntity
  8
0
  6
ByBlock
 62
     6
370
     9
100
AcDbCircle
 10
122740.4587589953
 20
3486.136342866095
 30
0.0
 40
20.0
  0
CIRCLE
  5
1C87
330
1F
100
AcDbEntity
  8
0
  6
ByBlock
 62
     6
370
     9
100
AcDbCircle
 10
122602.8562629127
 20
3404.095583098956
 30
0.0
 40
20.0
  0
CIRCLE
  5
1C88
330
1F
100
AcDbEntity
  8
0
  6
ByBlock
 62
     6
370
     9
100
AcDbCircle
 10
122463.4086196594
 20
3322.638925281211
 30
0.0
 40
20.0
  0
CIRCLE
  5
1C89
330
1F
100
AcDbEntity
  8
0
  6
ByBlock
 62
     6
370
     9
100
AcDbCircle
 10
122322.1255457044
 20
3240.110122770868
 30
0.0
 40
20.0
  0
CIRCLE
  5
1C8A
330
1F
100
AcDbEntity
  8
0
  6
ByBlock
 62
     6
370
     9
100
AcDbCircle
 10
123618.6531048627
 20
4079.461048707741
 30
0.0
 40
20.0
  0
CIRCLE
  5
1C8B
330
1F
100
AcDbEntity
  8
0
  6
ByBlock
 62
     6
370
     9
100
AcDbCircle
 10
123474.4497863955
 20
3995.226420609886
 30
0.0
 40
20.0
  0
CIRCLE
  5
1C8C
330
1F
100
AcDbEntity
  8
0
  6
ByBlock
 62
     6
370
     9
100
AcDbCircle
 10
123333.9995523836
 20
3913.184111500733
 30
0.0
 40
20.0
  0
CIRCLE
  5
1C8D
330
1F
100
AcDbEntity
  8
0
  6
ByBlock
 62
     6
370
     9
100
AcDbCircle
 10
123187.0298260819
 20
3827.333519654047
 30
0.0
 40
20.0
  0
CIRCLE
  5
1C8E
330
1F
100
AcDbEntity
  8
0
  6
ByBlock
 62
     6
370
     9
100
AcDbCircle
 10
122740.4587589953
 20
3568.136342866095
 30
0.0
 40
20.0
  0
CIRCLE
  5
1C8F
330
1F
100
AcDbEntity
  8
0
  6
ByBlock
 62
     6
370
     9
100
AcDbCircle
 10
122602.8562629127
 20
3486.095583098955
 30
0.0
 40
20.0
  0
CIRCLE
  5
1C90
330
1F
100
AcDbEntity
  8
0
  6
ByBlock
 62
     6
370
     9
100
AcDbCircle
 10
122463.4086196594
 20
3404.638925281211
 30
0.0
 40
20.0
  0
CIRCLE
  5
1C91
330
1F
100
AcDbEntity
  8
0
  6
ByBlock
 62
     6
370
     9
100
AcDbCircle
 10
122322.1255457044
 20
3322.110122770868
 30
0.0
 40
20.0
  0
CIRCLE
  5
1C92
330
1F
100
AcDbEntity
  8
0
  6
ByBlock
 62
     6
370
     9
100
AcDbCircle
 10
123474.4497863955
 20
4077.226420609886
 30
0.0
 40
20.0
  0
CIRCLE
  5
1C93
330
1F
100
AcDbEntity
  8
0
  6
ByBlock
 62
     6
370
     9
100
AcDbCircle
 10
123333.9995523836
 20
3995.184111500733
 30
0.0
 40
20.0
  0
CIRCLE
  5
1C94
330
1F
100
AcDbEntity
  8
0
  6
ByBlock
 62
     6
370
     9
100
AcDbCircle
 10
123187.0298260819
 20
3909.333519654047
 30
0.0
 40
20.0
  0
CIRCLE
  5
1C95
330
1F
100
AcDbEntity
  8
0
  6
ByBlock
 62
     6
370
     9
100
AcDbCircle
 10
122740.4587589953
 20
3650.136342866095
 30
0.0
 40
20.0
  0
CIRCLE
  5
1C96
330
1F
100
AcDbEntity
  8
0
  6
ByBlock
 62
     6
370
     9
100
AcDbCircle
 10
122602.8562629127
 20
3568.095583098955
 30
0.0
 40
20.0
  0
CIRCLE
  5
1C97
330
1F
100
AcDbEntity
  8
0
  6
ByBlock
 62
     6
370
     9
100
AcDbCircle
 10
122463.4086196594
 20
3486.638925281211
 30
0.0
 40
20.0
  0
CIRCLE
  5
1C98
330
1F
100
AcDbEntity
  8
0
  6
ByBlock
 62
     6
370
     9
100
AcDbCircle
 10
122322.1255457044
 20
3404.110122770868
 30
0.0
 40
20.0
  0
CIRCLE
  5
1C99
330
1F
100
AcDbEntity
  8
0
  6
ByBlock
 62
     6
370
     9
100
AcDbCircle
 10
121298.8408687122
 20
3360.937493439601
 30
0.0
 40
20.0
  0
CIRCLE
  5
1C9A
330
1F
100
AcDbEntity
  8
0
  6
ByBlock
 62
     6
370
     9
100
AcDbCircle
 10
122740.4585770873
 20
4010.710400928802
 30
0.0
 40
20.0
  0
CIRCLE
  5
1C9B
330
1F
100
AcDbEntity
  8
0
  6
ByBlock
 62
     6
370
     9
100
AcDbCircle
 10
122322.125354909
 20
3798.325671848929
 30
0.0
 40
20.0
  0
CIRCLE
  5
1C9C
330
1F
100
AcDbEntity
  8
0
  6
ByBlock
 62
     6
370
     9
100
AcDbCircle
 10
121730.1140783668
 20
3454.133580210797
 30
0.0
 40
20.0
  0
CIRCLE
  5
1D24
330
1F
100
AcDbEntity
  8
0
  6
ByBlock
 62
     6
370
     9
100
AcDbCircle
 10
123917.1068682377
 20
4089.799212555271
 30
0.0
 40
20.0
  0
CIRCLE
  5
1D25
330
1F
100
AcDbEntity
  8
0
  6
ByBlock
 62
     6
370
     9
100
AcDbCircle
 10
123917.1068682377
 20
4171.799212555271
 30
0.0
 40
20.0
  0
CIRCLE
  5
1D26
330
1F
100
AcDbEntity
  8
0
  6
ByBlock
 62
     6
370
     9
100
AcDbCircle
 10
124064.0765945394
 20
4175.649804401957
 30
0.0
 40
20.0
  0
CIRCLE
  5
1D27
330
1F
100
AcDbEntity
  8
0
  6
ByBlock
 62
     6
370
     9
100
AcDbCircle
 10
124064.0765945394
 20
4257.649804401957
 30
0.0
 40
20.0
  0
CIRCLE
  5
1D28
330
1F
100
AcDbEntity
  8
0
  6
ByBlock
 62
     6
370
     9
100
AcDbCircle
 10
124211.0463208411
 20
4261.500396248643
 30
0.0
 40
20.0
  0
CIRCLE
  5
1D29
330
1F
100
AcDbEntity
  8
0
  6
ByBlock
 62
     6
370
     9
100
AcDbCircle
 10
124211.0463208411
 20
4343.500396248643
 30
0.0
 40
20.0
  0
CIRCLE
  5
1D2A
330
1F
100
AcDbEntity
  8
0
  6
ByBlock
 62
     6
370
     9
100
AcDbCircle
 10
124358.0160471428
 20
4347.35098809533
 30
0.0
 40
20.0
  0
CIRCLE
  5
1D2B
330
1F
100
AcDbEntity
  8
0
  6
ByBlock
 62
     6
370
     9
100
AcDbCircle
 10
124358.0160471428
 20
4429.35098809533
 30
0.0
 40
20.0
  0
CIRCLE
  5
1D2C
330
1F
100
AcDbEntity
  8
0
  6
ByBlock
 62
     6
370
     9
100
AcDbCircle
 10
124504.9857734445
 20
4433.201579942016
 30
0.0
 40
20.0
  0
CIRCLE
  5
1D2D
330
1F
100
AcDbEntity
  8
0
  6
ByBlock
 62
     6
370
     9
100
AcDbCircle
 10
124504.9857734445
 20
4515.201579942016
 30
0.0
 40
20.0
  0
CIRCLE
  5
1D2E
330
1F
100
AcDbEntity
  8
0
  6
ByBlock
 62
     6
370
     9
100
AcDbCircle
 10
124654.9857734445
 20
4433.201579942016
 30
0.0
 40
20.0
  0
CIRCLE
  5
1D2F
330
1F
100
AcDbEntity
  8
0
  6
ByBlock
 62
     6
370
     9
100
AcDbCircle
 10
124654.9857734445
 20
4515.201579942016
 30
0.0
 40
20.0
  0
CIRCLE
  5
1D30
330
1F
100
AcDbEntity
  8
0
  6
ByBlock
 62
     6
370
     9
100
AcDbCircle
 10
124804.9857734445
 20
4433.201579942016
 30
0.0
 40
20.0
  0
CIRCLE
  5
1D31
330
1F
100
AcDbEntity
  8
0
  6
ByBlock
 62
     6
370
     9
100
AcDbCircle
 10
124804.9857734445
 20
4515.201579942016
 30
0.0
 40
20.0
  0
CIRCLE
  5
1D32
330
1F
100
AcDbEntity
  8
0
  6
ByBlock
 62
     6
370
     9
100
AcDbCircle
 10
124954.9857734445
 20
4433.201579942016
 30
0.0
 40
20.0
  0
CIRCLE
  5
1D33
330
1F
100
AcDbEntity
  8
0
  6
ByBlock
 62
     6
370
     9
100
AcDbCircle
 10
124954.9857734445
 20
4515.201579942016
 30
0.0
 40
20.0
  0
CIRCLE
  5
1D34
330
1F
100
AcDbEntity
  8
0
  6
ByBlock
 62
     6
370
     9
100
AcDbCircle
 10
125104.9857734445
 20
4433.201579942016
 30
0.0
 40
20.0
  0
CIRCLE
  5
1D35
330
1F
100
AcDbEntity
  8
0
  6
ByBlock
 62
     6
370
     9
100
AcDbCircle
 10
125104.9857734445
 20
4515.201579942016
 30
0.0
 40
20.0
  0
CIRCLE
  5
1D36
330
1F
100
AcDbEntity
  8
0
  6
ByBlock
 62
     6
370
     9
100
AcDbCircle
 10
125254.9857734445
 20
4433.201579942016
 30
0.0
 40
20.0
  0
CIRCLE
  5
1D37
330
1F
100
AcDbEntity
  8
0
  6
ByBlock
 62
     6
370
     9
100
AcDbCircle
 10
125254.9857734445
 20
4515.201579942016
 30
0.0
 40
20.0
  0
CIRCLE
  5
1D38
330
1F
100
AcDbEntity
  8
0
  6
ByBlock
 62
     6
370
     9
100
AcDbCircle
 10
125404.9857734445
 20
4433.201579942016
 30
0.0
 40
20.0
  0
CIRCLE
  5
1D39
330
1F
100
AcDbEntity
  8
0
  6
ByBlock
 62
     6
370
     9
100
AcDbCircle
 10
125404.9857734445
 20
4515.201579942016
 30
0.0
 40
20.0
  0
CIRCLE
  5
1D3A
330
1F
100
AcDbEntity
  8
0
  6
ByBlock
 62
     6
370
     9
100
AcDbCircle
 10
125554.9857734445
 20
4433.201579942016
 30
0.0
 40
20.0
  0
CIRCLE
  5
1D3B
330
1F
100
AcDbEntity
  8
0
  6
ByBlock
 62
     6
370
     9
100
AcDbCircle
 10
125554.9857734445
 20
4515.201579942016
 30
0.0
 40
20.0
  0
CIRCLE
  5
1D3C
330
1F
100
AcDbEntity
  8
0
  6
ByBlock
 62
     6
370
     9
100
AcDbCircle
 10
125704.9857734445
 20
4433.201579942016
 30
0.0
 40
20.0
  0
CIRCLE
  5
1D3D
330
1F
100
AcDbEntity
  8
0
  6
ByBlock
 62
     6
370
     9
100
AcDbCircle
 10
125704.9857734445
 20
4515.201579942016
 30
0.0
 40
20.0
  0
CIRCLE
  5
1D3E
330
1F
100
AcDbEntity
  8
0
  6
ByBlock
 62
     6
370
     9
100
AcDbCircle
 10
125854.9857734445
 20
4433.201579942016
 30
0.0
 40
20.0
  0
CIRCLE
  5
1D3F
330
1F
100
AcDbEntity
  8
0
  6
ByBlock
 62
     6
370
     9
100
AcDbCircle
 10
125854.9857734445
 20
4515.201579942016
 30
0.0
 40
20.0
  0
CIRCLE
  5
1D40
330
1F
100
AcDbEntity
  8
0
  6
ByBlock
 62
     6
370
     9
100
AcDbCircle
 10
126004.9857734445
 20
4433.201579942016
 30
0.0
 40
20.0
  0
CIRCLE
  5
1D41
330
1F
100
AcDbEntity
  8
0
  6
ByBlock
 62
     6
370
     9
100
AcDbCircle
 10
126004.9857734445
 20
4515.201579942016
 30
0.0
 40
20.0
  0
CIRCLE
  5
1D42
330
1F
100
AcDbEntity
  8
0
  6
ByBlock
 62
     6
370
     9
100
AcDbCircle
 10
126154.9857734445
 20
4433.201579942016
 30
0.0
 40
20.0
  0
CIRCLE
  5
1D43
330
1F
100
AcDbEntity
  8
0
  6
ByBlock
 62
     6
370
     9
100
AcDbCircle
 10
126154.9857734445
 20
4515.201579942016
 30
0.0
 40
20.0
  0
CIRCLE
  5
1D44
330
1F
100
AcDbEntity
  8
0
  6
ByBlock
 62
     6
370
     9
100
AcDbCircle
 10
126304.9857734445
 20
4433.201579942016
 30
0.0
 40
20.0
  0
CIRCLE
  5
1D45
330
1F
100
AcDbEntity
  8
0
  6
ByBlock
 62
     6
370
     9
100
AcDbCircle
 10
126304.9857734445
 20
4515.201579942016
 30
0.0
 40
20.0
  0
CIRCLE
  5
1D46
330
1F
100
AcDbEntity
  8
0
  6
ByBlock
 62
     6
370
     9
100
AcDbCircle
 10
126454.9857734445
 20
4433.201579942016
 30
0.0
 40
20.0
  0
CIRCLE
  5
1D47
330
1F
100
AcDbEntity
  8
0
  6
ByBlock
 62
     6
370
     9
100
AcDbCircle
 10
126454.9857734445
 20
4515.201579942016
 30
0.0
 40
20.0
  0
CIRCLE
  5
1D48
330
1F
100
AcDbEntity
  8
0
  6
ByBlock
 62
     6
370
     9
100
AcDbCircle
 10
126604.9857734445
 20
4433.201579942016
 30
0.0
 40
20.0
  0
CIRCLE
  5
1D49
330
1F
100
AcDbEntity
  8
0
  6
ByBlock
 62
     6
370
     9
100
AcDbCircle
 10
126604.9857734445
 20
4515.201579942016
 30
0.0
 40
20.0
  0
CIRCLE
  5
1D4A
330
1F
100
AcDbEntity
  8
0
  6
ByBlock
 62
     6
370
     9
100
AcDbCircle
 10
126754.9857734445
 20
4433.201579942016
 30
0.0
 40
20.0
  0
CIRCLE
  5
1D4B
330
1F
100
AcDbEntity
  8
0
  6
ByBlock
 62
     6
370
     9
100
AcDbCircle
 10
126754.9857734445
 20
4515.201579942016
 30
0.0
 40
20.0
  0
CIRCLE
  5
1D4C
330
1F
100
AcDbEntity
  8
0
  6
ByBlock
 62
     6
370
     9
100
AcDbCircle
 10
126904.9857734445
 20
4433.201579942016
 30
0.0
 40
20.0
  0
CIRCLE
  5
1D4D
330
1F
100
AcDbEntity
  8
0
  6
ByBlock
 62
     6
370
     9
100
AcDbCircle
 10
126904.9857734445
 20
4515.201579942016
 30
0.0
 40
20.0
  0
CIRCLE
  5
1D4E
330
1F
100
AcDbEntity
  8
0
  6
ByBlock
 62
     6
370
     9
100
AcDbCircle
 10
127054.9857734445
 20
4433.201579942016
 30
0.0
 40
20.0
  0
CIRCLE
  5
1D4F
330
1F
100
AcDbEntity
  8
0
  6
ByBlock
 62
     6
370
     9
100
AcDbCircle
 10
127054.9857734445
 20
4515.201579942016
 30
0.0
 40
20.0
  0
CIRCLE
  5
1D50
330
1F
100
AcDbEntity
  8
0
  6
ByBlock
 62
     6
370
     9
100
AcDbCircle
 10
127204.9857734445
 20
4433.201579942016
 30
0.0
 40
20.0
  0
CIRCLE
  5
1D51
330
1F
100
AcDbEntity
  8
0
  6
ByBlock
 62
     6
370
     9
100
AcDbCircle
 10
127204.9857734445
 20
4515.201579942016
 30
0.0
 40
20.0
  0
CIRCLE
  5
1D52
330
1F
100
AcDbEntity
  8
0
  6
ByBlock
 62
     6
370
     9
100
AcDbCircle
 10
127354.9857734445
 20
4433.201579942016
 30
0.0
 40
20.0
  0
CIRCLE
  5
1D53
330
1F
100
AcDbEntity
  8
0
  6
ByBlock
 62
     6
370
     9
100
AcDbCircle
 10
127354.9857734445
 20
4515.201579942016
 30
0.0
 40
20.0
  0
CIRCLE
  5
1D54
330
1F
100
AcDbEntity
  8
0
  6
ByBlock
 62
     6
370
     9
100
AcDbCircle
 10
127504.9857734445
 20
4433.201579942016
 30
0.0
 40
20.0
  0
CIRCLE
  5
1D55
330
1F
100
AcDbEntity
  8
0
  6
ByBlock
 62
     6
370
     9
100
AcDbCircle
 10
127504.9857734445
 20
4515.201579942016
 30
0.0
 40
20.0
  0
CIRCLE
  5
1D56
330
1F
100
AcDbEntity
  8
0
  6
ByBlock
 62
     6
370
     9
100
AcDbCircle
 10
127654.9857734445
 20
4433.201579942016
 30
0.0
 40
20.0
  0
CIRCLE
  5
1D57
330
1F
100
AcDbEntity
  8
0
  6
ByBlock
 62
     6
370
     9
100
AcDbCircle
 10
127654.9857734445
 20
4515.201579942016
 30
0.0
 40
20.0
  0
CIRCLE
  5
1D58
330
1F
100
AcDbEntity
  8
0
  6
ByBlock
 62
     6
370
     9
100
AcDbCircle
 10
127804.9857734445
 20
4433.201579942016
 30
0.0
 40
20.0
  0
CIRCLE
  5
1D59
330
1F
100
AcDbEntity
  8
0
  6
ByBlock
 62
     6
370
     9
100
AcDbCircle
 10
127804.9857734445
 20
4515.201579942016
 30
0.0
 40
20.0
  0
CIRCLE
  5
1D5A
330
1F
100
AcDbEntity
  8
0
  6
ByBlock
 62
     6
370
     9
100
AcDbCircle
 10
127954.9857734445
 20
4433.201579942016
 30
0.0
 40
20.0
  0
CIRCLE
  5
1D5B
330
1F
100
AcDbEntity
  8
0
  6
ByBlock
 62
     6
370
     9
100
AcDbCircle
 10
127954.9857734445
 20
4515.201579942016
 30
0.0
 40
20.0
  0
CIRCLE
  5
1D5C
330
1F
100
AcDbEntity
  8
0
  6
ByBlock
 62
     6
370
     9
100
AcDbCircle
 10
128104.9857734445
 20
4433.201579942016
 30
0.0
 40
20.0
  0
CIRCLE
  5
1D5D
330
1F
100
AcDbEntity
  8
0
  6
ByBlock
 62
     6
370
     9
100
AcDbCircle
 10
128104.9857734445
 20
4515.201579942016
 30
0.0
 40
20.0
  0
CIRCLE
  5
1D5E
330
1F
100
AcDbEntity
  8
0
  6
ByBlock
 62
     6
370
     9
100
AcDbCircle
 10
128254.9857734445
 20
4433.201579942016
 30
0.0
 40
20.0
  0
CIRCLE
  5
1D5F
330
1F
100
AcDbEntity
  8
0
  6
ByBlock
 62
     6
370
     9
100
AcDbCircle
 10
128254.9857734445
 20
4515.201579942016
 30
0.0
 40
20.0
  0
CIRCLE
  5
1D60
330
1F
100
AcDbEntity
  8
0
  6
ByBlock
 62
     6
370
     9
100
AcDbCircle
 10
128404.9857734445
 20
4433.201579942016
 30
0.0
 40
20.0
  0
CIRCLE
  5
1D61
330
1F
100
AcDbEntity
  8
0
  6
ByBlock
 62
     6
370
     9
100
AcDbCircle
 10
128404.9857734445
 20
4515.201579942016
 30
0.0
 40
20.0
  0
CIRCLE
  5
1D62
330
1F
100
AcDbEntity
  8
0
  6
ByBlock
 62
     6
370
     9
100
AcDbCircle
 10
128554.9857734445
 20
4433.201579942016
 30
0.0
 40
20.0
  0
CIRCLE
  5
1D63
330
1F
100
AcDbEntity
  8
0
  6
ByBlock
 62
     6
370
     9
100
AcDbCircle
 10
128554.9857734445
 20
4515.201579942016
 30
0.0
 40
20.0
  0
CIRCLE
  5
1D64
330
1F
100
AcDbEntity
  8
0
  6
ByBlock
 62
     6
370
     9
100
AcDbCircle
 10
128704.9857734445
 20
4433.201579942016
 30
0.0
 40
20.0
  0
CIRCLE
  5
1D65
330
1F
100
AcDbEntity
  8
0
  6
ByBlock
 62
     6
370
     9
100
AcDbCircle
 10
128704.9857734445
 20
4515.201579942016
 30
0.0
 40
20.0
  0
CIRCLE
  5
1D66
330
1F
100
AcDbEntity
  8
0
  6
ByBlock
 62
     6
370
     9
100
AcDbCircle
 10
128854.9857734445
 20
4433.201579942016
 30
0.0
 40
20.0
  0
CIRCLE
  5
1D67
330
1F
100
AcDbEntity
  8
0
  6
ByBlock
 62
     6
370
     9
100
AcDbCircle
 10
128854.9857734445
 20
4515.201579942016
 30
0.0
 40
20.0
  0
CIRCLE
  5
1D68
330
1F
100
AcDbEntity
  8
0
  6
ByBlock
 62
     6
420
 16711935
370
     9
100
AcDbCircle
 10
123021.1892943747
 20
4256.396775642295
 30
0.0
 40
20.0
  0
CIRCLE
  5
1D69
330
1F
100
AcDbEntity
  8
0
  6
ByBlock
 62
     6
420
 16711935
370
     9
100
AcDbCircle
 10
123021.1892943747
 20
4174.396775642295
 30
0.0
 40
20.0
  0
CIRCLE
  5
1D6A
330
1F
100
AcDbEntity
  8
0
  6
ByBlock
 62
     6
420
 16711935
370
     9
100
AcDbCircle
 10
122881.7416510821
 20
4175.088682913911
 30
0.0
 40
20.0
  0
CIRCLE
  5
1D6B
330
1F
100
AcDbEntity
  8
0
  6
ByBlock
 62
     6
420
 16711935
370
     9
100
AcDbCircle
 10
122881.7416510821
 20
4093.088682913911
 30
0.0
 40
20.0
  0
CIRCLE
  5
1D6C
330
1F
100
AcDbEntity
  8
0
  6
ByBlock
 62
     6
420
 16711935
370
     9
100
AcDbCircle
 10
123301.920011662
 20
4420.083150355789
 30
0.0
 40
20.0
  0
CIRCLE
  5
1D6D
330
1F
100
AcDbEntity
  8
0
  6
ByBlock
 62
     6
420
 16711935
370
     9
100
AcDbCircle
 10
123301.920011662
 20
4338.083150355788
 30
0.0
 40
20.0
  0
CIRCLE
  5
1D6E
330
1F
100
AcDbEntity
  8
0
  6
ByBlock
 62
     6
420
 16711935
370
     9
100
AcDbCircle
 10
123162.4723683694
 20
4338.775057627405
 30
0.0
 40
20.0
  0
CIRCLE
  5
1D6F
330
1F
100
AcDbEntity
  8
0
  6
ByBlock
 62
     6
420
 16711935
370
     9
100
AcDbCircle
 10
123162.4723683694
 20
4256.775057627405
 30
0.0
 40
20.0
  0
CIRCLE
  5
1D70
330
1F
100
AcDbEntity
  8
0
  6
ByBlock
 62
     6
420
 16711935
370
     9
100
AcDbCircle
 10
123582.6507289493
 20
4583.769525069281
 30
0.0
 40
20.0
  0
CIRCLE
  5
1D71
330
1F
100
AcDbEntity
  8
0
  6
ByBlock
 62
     6
420
 16711935
370
     9
100
AcDbCircle
 10
123582.6507289493
 20
4501.769525069281
 30
0.0
 40
20.0
  0
CIRCLE
  5
1D72
330
1F
100
AcDbEntity
  8
0
  6
ByBlock
 62
     6
420
 16711935
370
     9
100
AcDbCircle
 10
123443.2030856567
 20
4502.461432340897
 30
0.0
 40
20.0
  0
CIRCLE
  5
1D73
330
1F
100
AcDbEntity
  8
0
  6
ByBlock
 62
     6
420
 16711935
370
     9
100
AcDbCircle
 10
123443.2030856567
 20
4420.461432340897
 30
0.0
 40
20.0
  0
CIRCLE
  5
1D74
330
1F
100
AcDbEntity
  8
0
  6
ByBlock
 62
     6
420
 16711935
370
     9
100
AcDbCircle
 10
123863.3814462366
 20
4747.455899782774
 30
0.0
 40
20.0
  0
CIRCLE
  5
1D75
330
1F
100
AcDbEntity
  8
0
  6
ByBlock
 62
     6
420
 16711935
370
     9
100
AcDbCircle
 10
123863.3814462366
 20
4665.455899782774
 30
0.0
 40
20.0
  0
CIRCLE
  5
1D76
330
1F
100
AcDbEntity
  8
0
  6
ByBlock
 62
     6
420
 16711935
370
     9
100
AcDbCircle
 10
123723.933802944
 20
4666.14780705439
 30
0.0
 40
20.0
  0
CIRCLE
  5
1D77
330
1F
100
AcDbEntity
  8
0
  6
ByBlock
 62
     6
420
 16711935
370
     9
100
AcDbCircle
 10
123723.933802944
 20
4584.147807054391
 30
0.0
 40
20.0
  0
CIRCLE
  5
1D78
330
1F
100
AcDbEntity
  8
0
  6
ByBlock
 62
     6
420
 16711935
370
     9
100
AcDbCircle
 10
124144.1121635239
 20
4911.142274496267
 30
0.0
 40
20.0
  0
CIRCLE
  5
1D79
330
1F
100
AcDbEntity
  8
0
  6
ByBlock
 62
     6
420
 16711935
370
     9
100
AcDbCircle
 10
124144.1121635239
 20
4829.142274496267
 30
0.0
 40
20.0
  0
CIRCLE
  5
1D7A
330
1F
100
AcDbEntity
  8
0
  6
ByBlock
 62
     6
420
 16711935
370
     9
100
AcDbCircle
 10
124004.6645202313
 20
4829.834181767884
 30
0.0
 40
20.0
  0
CIRCLE
  5
1D7B
330
1F
100
AcDbEntity
  8
0
  6
ByBlock
 62
     6
420
 16711935
370
     9
100
AcDbCircle
 10
124004.6645202313
 20
4747.834181767884
 30
0.0
 40
20.0
  0
CIRCLE
  5
1D7C
330
1F
100
AcDbEntity
  8
0
  6
ByBlock
 62
     6
420
 16711935
370
     9
100
AcDbCircle
 10
124424.8428808112
 20
5074.82864920976
 30
0.0
 40
20.0
  0
CIRCLE
  5
1D7D
330
1F
100
AcDbEntity
  8
0
  6
ByBlock
 62
     6
420
 16711935
370
     9
100
AcDbCircle
 10
124424.8428808112
 20
4992.82864920976
 30
0.0
 40
20.0
  0
CIRCLE
  5
1D7E
330
1F
100
AcDbEntity
  8
0
  6
ByBlock
 62
     6
420
 16711935
370
     9
100
AcDbCircle
 10
124285.3952375186
 20
4993.520556481377
 30
0.0
 40
20.0
  0
CIRCLE
  5
1D7F
330
1F
100
AcDbEntity
  8
0
  6
ByBlock
 62
     6
420
 16711935
370
     9
100
AcDbCircle
 10
124285.3952375186
 20
4911.520556481377
 30
0.0
 40
20.0
  0
CIRCLE
  5
1D80
330
1F
100
AcDbEntity
  8
0
  6
ByBlock
 62
     6
420
 16711935
370
     9
100
AcDbCircle
 10
124574.8428808112
 20
5074.82864920976
 30
0.0
 40
20.0
  0
CIRCLE
  5
1D81
330
1F
100
AcDbEntity
  8
0
  6
ByBlock
 62
     6
420
 16711935
370
     9
100
AcDbCircle
 10
124574.8428808112
 20
4992.82864920976
 30
0.0
 40
20.0
  0
CIRCLE
  5
1D82
330
1F
100
AcDbEntity
  8
0
  6
ByBlock
 62
     6
420
 16711935
370
     9
100
AcDbCircle
 10
124724.8428808112
 20
5074.82864920976
 30
0.0
 40
20.0
  0
CIRCLE
  5
1D83
330
1F
100
AcDbEntity
  8
0
  6
ByBlock
 62
     6
420
 16711935
370
     9
100
AcDbCircle
 10
124724.8428808112
 20
4992.82864920976
 30
0.0
 40
20.0
  0
CIRCLE
  5
1D84
330
1F
100
AcDbEntity
  8
0
  6
ByBlock
 62
     6
420
 16711935
370
     9
100
AcDbCircle
 10
124874.8428808112
 20
5074.82864920976
 30
0.0
 40
20.0
  0
CIRCLE
  5
1D85
330
1F
100
AcDbEntity
  8
0
  6
ByBlock
 62
     6
420
 16711935
370
     9
100
AcDbCircle
 10
124874.8428808112
 20
4992.82864920976
 30
0.0
 40
20.0
  0
CIRCLE
  5
1D86
330
1F
100
AcDbEntity
  8
0
  6
ByBlock
 62
     6
420
 16711935
370
     9
100
AcDbCircle
 10
125024.8428808112
 20
5074.82864920976
 30
0.0
 40
20.0
  0
CIRCLE
  5
1D87
330
1F
100
AcDbEntity
  8
0
  6
ByBlock
 62
     6
420
 16711935
370
     9
100
AcDbCircle
 10
125024.8428808112
 20
4992.82864920976
 30
0.0
 40
20.0
  0
CIRCLE
  5
1D88
330
1F
100
AcDbEntity
  8
0
  6
ByBlock
 62
     6
420
 16711935
370
     9
100
AcDbCircle
 10
125174.8428808112
 20
5074.82864920976
 30
0.0
 40
20.0
  0
CIRCLE
  5
1D89
330
1F
100
AcDbEntity
  8
0
  6
ByBlock
 62
     6
420
 16711935
370
     9
100
AcDbCircle
 10
125174.8428808112
 20
4992.82864920976
 30
0.0
 40
20.0
  0
CIRCLE
  5
1D8A
330
1F
100
AcDbEntity
  8
0
  6
ByBlock
 62
     6
420
 16711935
370
     9
100
AcDbCircle
 10
125324.8428808112
 20
5074.82864920976
 30
0.0
 40
20.0
  0
CIRCLE
  5
1D8B
330
1F
100
AcDbEntity
  8
0
  6
ByBlock
 62
     6
420
 16711935
370
     9
100
AcDbCircle
 10
125324.8428808112
 20
4992.82864920976
 30
0.0
 40
20.0
  0
CIRCLE
  5
1D8C
330
1F
100
AcDbEntity
  8
0
  6
ByBlock
 62
     6
420
 16711935
370
     9
100
AcDbCircle
 10
125474.8428808112
 20
5074.82864920976
 30
0.0
 40
20.0
  0
CIRCLE
  5
1D8D
330
1F
100
AcDbEntity
  8
0
  6
ByBlock
 62
     6
420
 16711935
370
     9
100
AcDbCircle
 10
125474.8428808112
 20
4992.82864920976
 30
0.0
 40
20.0
  0
CIRCLE
  5
1D8E
330
1F
100
AcDbEntity
  8
0
  6
ByBlock
 62
     6
420
 16711935
370
     9
100
AcDbCircle
 10
125624.8428808112
 20
5074.82864920976
 30
0.0
 40
20.0
  0
CIRCLE
  5
1D8F
330
1F
100
AcDbEntity
  8
0
  6
ByBlock
 62
     6
420
 16711935
370
     9
100
AcDbCircle
 10
125624.8428808112
 20
4992.82864920976
 30
0.0
 40
20.0
  0
CIRCLE
  5
1D90
330
1F
100
AcDbEntity
  8
0
  6
ByBlock
 62
     6
420
 16711935
370
     9
100
AcDbCircle
 10
125774.8428808112
 20
5074.82864920976
 30
0.0
 40
20.0
  0
CIRCLE
  5
1D91
330
1F
100
AcDbEntity
  8
0
  6
ByBlock
 62
     6
420
 16711935
370
     9
100
AcDbCircle
 10
125774.8428808112
 20
4992.82864920976
 30
0.0
 40
20.0
  0
CIRCLE
  5
1D92
330
1F
100
AcDbEntity
  8
0
  6
ByBlock
 62
     6
420
 16711935
370
     9
100
AcDbCircle
 10
125924.8428808112
 20
5074.82864920976
 30
0.0
 40
20.0
  0
CIRCLE
  5
1D93
330
1F
100
AcDbEntity
  8
0
  6
ByBlock
 62
     6
420
 16711935
370
     9
100
AcDbCircle
 10
125924.8428808112
 20
4992.82864920976
 30
0.0
 40
20.0
  0
CIRCLE
  5
1D94
330
1F
100
AcDbEntity
  8
0
  6
ByBlock
 62
     6
420
 16711935
370
     9
100
AcDbCircle
 10
126074.8428808112
 20
5074.82864920976
 30
0.0
 40
20.0
  0
CIRCLE
  5
1D95
330
1F
100
AcDbEntity
  8
0
  6
ByBlock
 62
     6
420
 16711935
370
     9
100
AcDbCircle
 10
126074.8428808112
 20
4992.82864920976
 30
0.0
 40
20.0
  0
CIRCLE
  5
1D96
330
1F
100
AcDbEntity
  8
0
  6
ByBlock
 62
     6
420
 16711935
370
     9
100
AcDbCircle
 10
126224.8428808112
 20
5074.82864920976
 30
0.0
 40
20.0
  0
CIRCLE
  5
1D97
330
1F
100
AcDbEntity
  8
0
  6
ByBlock
 62
     6
420
 16711935
370
     9
100
AcDbCircle
 10
126224.8428808112
 20
4992.82864920976
 30
0.0
 40
20.0
  0
CIRCLE
  5
1D98
330
1F
100
AcDbEntity
  8
0
  6
ByBlock
 62
     6
420
 16711935
370
     9
100
AcDbCircle
 10
126374.8428808112
 20
5074.82864920976
 30
0.0
 40
20.0
  0
CIRCLE
  5
1D99
330
1F
100
AcDbEntity
  8
0
  6
ByBlock
 62
     6
420
 16711935
370
     9
100
AcDbCircle
 10
126374.8428808112
 20
4992.82864920976
 30
0.0
 40
20.0
  0
CIRCLE
  5
1D9A
330
1F
100
AcDbEntity
  8
0
  6
ByBlock
 62
     6
420
 16711935
370
     9
100
AcDbCircle
 10
126524.8428808112
 20
5074.82864920976
 30
0.0
 40
20.0
  0
CIRCLE
  5
1D9B
330
1F
100
AcDbEntity
  8
0
  6
ByBlock
 62
     6
420
 16711935
370
     9
100
AcDbCircle
 10
126524.8428808112
 20
4992.82864920976
 30
0.0
 40
20.0
  0
CIRCLE
  5
1D9C
330
1F
100
AcDbEntity
  8
0
  6
ByBlock
 62
     6
420
 16711935
370
     9
100
AcDbCircle
 10
126674.8428808112
 20
5074.82864920976
 30
0.0
 40
20.0
  0
CIRCLE
  5
1D9D
330
1F
100
AcDbEntity
  8
0
  6
ByBlock
 62
     6
420
 16711935
370
     9
100
AcDbCircle
 10
126674.8428808112
 20
4992.82864920976
 30
0.0
 40
20.0
  0
CIRCLE
  5
1D9E
330
1F
100
AcDbEntity
  8
0
  6
ByBlock
 62
     6
420
 16711935
370
     9
100
AcDbCircle
 10
126824.8428808112
 20
5074.82864920976
 30
0.0
 40
20.0
  0
CIRCLE
  5
1D9F
330
1F
100
AcDbEntity
  8
0
  6
ByBlock
 62
     6
420
 16711935
370
     9
100
AcDbCircle
 10
126824.8428808112
 20
4992.82864920976
 30
0.0
 40
20.0
  0
CIRCLE
  5
1DA0
330
1F
100
AcDbEntity
  8
0
  6
ByBlock
 62
     6
420
 16711935
370
     9
100
AcDbCircle
 10
126974.8428808112
 20
5074.82864920976
 30
0.0
 40
20.0
  0
CIRCLE
  5
1DA1
330
1F
100
AcDbEntity
  8
0
  6
ByBlock
 62
     6
420
 16711935
370
     9
100
AcDbCircle
 10
126974.8428808112
 20
4992.82864920976
 30
0.0
 40
20.0
  0
CIRCLE
  5
1DA2
330
1F
100
AcDbEntity
  8
0
  6
ByBlock
 62
     6
420
 16711935
370
     9
100
AcDbCircle
 10
127124.8428808112
 20
5074.82864920976
 30
0.0
 40
20.0
  0
CIRCLE
  5
1DA3
330
1F
100
AcDbEntity
  8
0
  6
ByBlock
 62
     6
420
 16711935
370
     9
100
AcDbCircle
 10
127124.8428808112
 20
4992.82864920976
 30
0.0
 40
20.0
  0
CIRCLE
  5
1DA4
330
1F
100
AcDbEntity
  8
0
  6
ByBlock
 62
     6
420
 16711935
370
     9
100
AcDbCircle
 10
127274.8428808112
 20
5074.82864920976
 30
0.0
 40
20.0
  0
CIRCLE
  5
1DA5
330
1F
100
AcDbEntity
  8
0
  6
ByBlock
 62
     6
420
 16711935
370
     9
100
AcDbCircle
 10
127274.8428808112
 20
4992.82864920976
 30
0.0
 40
20.0
  0
CIRCLE
  5
1DA6
330
1F
100
AcDbEntity
  8
0
  6
ByBlock
 62
     6
420
 16711935
370
     9
100
AcDbCircle
 10
127424.8428808112
 20
5074.82864920976
 30
0.0
 40
20.0
  0
CIRCLE
  5
1DA7
330
1F
100
AcDbEntity
  8
0
  6
ByBlock
 62
     6
420
 16711935
370
     9
100
AcDbCircle
 10
127424.8428808112
 20
4992.82864920976
 30
0.0
 40
20.0
  0
CIRCLE
  5
1DA8
330
1F
100
AcDbEntity
  8
0
  6
ByBlock
 62
     6
420
 16711935
370
     9
100
AcDbCircle
 10
127574.8428808112
 20
5074.82864920976
 30
0.0
 40
20.0
  0
CIRCLE
  5
1DA9
330
1F
100
AcDbEntity
  8
0
  6
ByBlock
 62
     6
420
 16711935
370
     9
100
AcDbCircle
 10
127574.8428808112
 20
4992.82864920976
 30
0.0
 40
20.0
  0
CIRCLE
  5
1DAA
330
1F
100
AcDbEntity
  8
0
  6
ByBlock
 62
     6
420
 16711935
370
     9
100
AcDbCircle
 10
127724.8428808112
 20
5074.82864920976
 30
0.0
 40
20.0
  0
CIRCLE
  5
1DAB
330
1F
100
AcDbEntity
  8
0
  6
ByBlock
 62
     6
420
 16711935
370
     9
100
AcDbCircle
 10
127724.8428808112
 20
4992.82864920976
 30
0.0
 40
20.0
  0
CIRCLE
  5
1DAC
330
1F
100
AcDbEntity
  8
0
  6
ByBlock
 62
     6
420
 16711935
370
     9
100
AcDbCircle
 10
127874.8428808112
 20
5074.82864920976
 30
0.0
 40
20.0
  0
CIRCLE
  5
1DAD
330
1F
100
AcDbEntity
  8
0
  6
ByBlock
 62
     6
420
 16711935
370
     9
100
AcDbCircle
 10
127874.8428808112
 20
4992.82864920976
 30
0.0
 40
20.0
  0
CIRCLE
  5
1DAE
330
1F
100
AcDbEntity
  8
0
  6
ByBlock
 62
     6
420
 16711935
370
     9
100
AcDbCircle
 10
128024.8428808112
 20
5074.82864920976
 30
0.0
 40
20.0
  0
CIRCLE
  5
1DAF
330
1F
100
AcDbEntity
  8
0
  6
ByBlock
 62
     6
420
 16711935
370
     9
100
AcDbCircle
 10
128024.8428808112
 20
4992.82864920976
 30
0.0
 40
20.0
  0
CIRCLE
  5
1DB2
330
1F
100
AcDbEntity
  8
C-_CONC----_ED
100
AcDbCircle
 10
100549.0283228114
 20
-7267.684155496303
 30
0.0
 40
12.5
  0
CIRCLE
  5
1DB3
330
1F
100
AcDbEntity
  8
C-_CONC----_ED
100
AcDbCircle
 10
100699.0283228114
 20
-7267.684155496303
 30
0.0
 40
12.5
  0
CIRCLE
  5
1DB4
330
1F
100
AcDbEntity
  8
C-_CONC----_ED
100
AcDbCircle
 10
100849.0283228114
 20
-7267.684155496303
 30
0.0
 40
12.5
  0
CIRCLE
  5
1DB5
330
1F
100
AcDbEntity
  8
C-_CONC----_ED
100
AcDbCircle
 10
101808.0913773067
 20
-7267.684155496303
 30
0.0
 40
12.5
  0
CIRCLE
  5
1DB6
330
1F
100
AcDbEntity
  8
C-_CONC----_ED
100
AcDbCircle
 10
101958.0913773067
 20
-7267.684155496303
 30
0.0
 40
12.5
  0
CIRCLE
  5
1DB7
330
1F
100
AcDbEntity
  8
C-_CONC----_ED
100
AcDbCircle
 10
102108.0913773067
 20
-7267.684155496303
 30
0.0
 40
12.5
  0
CIRCLE
  5
1DB8
330
1F
100
AcDbEntity
  8
C-_CONC----_ED
100
AcDbCircle
 10
103044.4633531506
 20
-7267.684817377478
 30
0.0
 40
12.5
  0
CIRCLE
  5
1DB9
330
1F
100
AcDbEntity
  8
C-_CONC----_ED
100
AcDbCircle
 10
103194.4633531507
 20
-7267.684817377478
 30
0.0
 40
12.5
  0
CIRCLE
  5
1DBA
330
1F
100
AcDbEntity
  8
C-_CONC----_ED
100
AcDbCircle
 10
103344.4633531507
 20
-7267.684817377478
 30
0.0
 40
12.5
  0
CIRCLE
  5
1DBB
330
1F
100
AcDbEntity
  8
C-_CONC----_ED
100
AcDbCircle
 10
105210.7004458844
 20
-5925.63789150929
 30
0.0000000000013642
 40
12.5
  0
CIRCLE
  5
1DBC
330
1F
100
AcDbEntity
  8
C-_CONC----_ED
100
AcDbCircle
 10
105063.4063508827
 20
-6010.678176908601
 30
0.000000000001819
 40
12.5
  0
CIRCLE
  5
1DBD
330
1F
100
AcDbEntity
  8
C-_CONC----_ED
100
AcDbCircle
 10
104916.1122558809
 20
-6095.718462307912
 30
0.0000000000022737
 40
12.5
  0
CIRCLE
  5
1DBE
330
1F
100
AcDbEntity
  8
C-_CONC----_ED
100
AcDbCircle
 10
104779.6434784264
 20
-6174.508747707223
 30
0.0000000000027285
 40
12.5
  0
CIRCLE
  5
1DBF
330
1F
100
AcDbEntity
  8
C-_CONC----_ED
100
AcDbCircle
 10
104632.3493834247
 20
-6259.549033106534
 30
0.0000000000031832
 40
12.5
  0
CIRCLE
  5
1DC0
330
1F
100
AcDbEntity
  8
C-_CONC----_ED
100
AcDbCircle
 10
104529.2176250006
 20
-7037.685255901888
 30
0.0000075355378613
 40
12.5
  0
CIRCLE
  5
1DC1
330
1F
100
AcDbEntity
  8
C-_CONC----_ED
100
AcDbCircle
 10
104529.2176250006
 20
-6887.685255901889
 30
0.0000075355378613
 40
12.5
  0
CIRCLE
  5
1DC2
330
1F
100
AcDbEntity
  8
C-_CONC----_ED
100
AcDbCircle
 10
104529.2176250006
 20
-6737.685255901888
 30
0.0000075355378613
 40
12.5
  0
CIRCLE
  5
1DC3
330
1F
100
AcDbEntity
  8
C-_CONC----_ED
100
AcDbCircle
 10
104529.2176250006
 20
-6587.685255901888
 30
0.0000075355378613
 40
12.5
  0
CIRCLE
  5
1DC4
330
1F
100
AcDbEntity
  8
C-_CONC----_ED
100
AcDbCircle
 10
104529.2176250006
 20
-6437.685255901889
 30
0.0000075355378613
 40
12.5
  0
CIRCLE
  5
1DC5
330
1F
100
AcDbEntity
  8
C-_CONC----_ED
100
AcDbCircle
 10
100549.0283228114
 20
-6240.998902923427
 30
0.0
 40
12.5
  0
CIRCLE
  5
1DC6
330
1F
100
AcDbEntity
  8
C-_CONC----_ED
100
AcDbCircle
 10
100699.0283228114
 20
-6240.998902923427
 30
0.0
 40
12.5
  0
CIRCLE
  5
1DC7
330
1F
100
AcDbEntity
  8
C-_CONC----_ED
100
AcDbCircle
 10
100849.0283228114
 20
-6240.998902923427
 30
0.0
 40
12.5
  0
CIRCLE
  5
1DC8
330
1F
100
AcDbEntity
  8
C-_CONC----_ED
100
AcDbCircle
 10
101808.0913773067
 20
-6240.998902922962
 30
0.0
 40
12.5
  0
CIRCLE
  5
1DC9
330
1F
100
AcDbEntity
  8
C-_CONC----_ED
100
AcDbCircle
 10
101958.0913773067
 20
-6240.998902922962
 30
0.0
 40
12.5
  0
CIRCLE
  5
1DCA
330
1F
100
AcDbEntity
  8
C-_CONC----_ED
100
AcDbCircle
 10
102108.0913773067
 20
-6240.998902922962
 30
0.0
 40
12.5
  0
CIRCLE
  5
1DCB
330
1F
100
AcDbEntity
  8
C-_CONC----_ED
100
AcDbCircle
 10
103044.4633531506
 20
-6240.999564804603
 30
0.0
 40
12.5
  0
CIRCLE
  5
1DCC
330
1F
100
AcDbEntity
  8
C-_CONC----_ED
100
AcDbCircle
 10
103194.4633531507
 20
-6240.999564804603
 30
0.0
 40
12.5
  0
CIRCLE
  5
1DCD
330
1F
100
AcDbEntity
  8
C-_CONC----_ED
100
AcDbCircle
 10
103344.4633531507
 20
-6240.999564804603
 30
0.0
 40
12.5
  0
CIRCLE
  5
1DCE
330
1F
100
AcDbEntity
  8
0
100
AcDbCircle
 10
106389.0532071536
 20
-5245.315607590219
 30
0.0000000000009095
 40
12.5
  0
CIRCLE
  5
1DCF
330
1F
100
AcDbEntity
  8
0
100
AcDbCircle
 10
106536.3473023346
 20
-5160.2753220874
 30
0.0000000000009095
 40
12.5
  0
CIRCLE
  5
1DD0
330
1F
100
AcDbEntity
  8
0
100
AcDbCircle
 10
106683.6413975157
 20
-5075.235036584581
 30
0.0000000000009095
 40
12.5
  0
CIRCLE
  5
1DD1
330
1F
100
AcDbEntity
  8
0
100
AcDbCircle
 10
107689.1056477406
 20
-4494.729981056724
 30
0.0000000000009095
 40
12.5
  0
CIRCLE
  5
1DD2
330
1F
100
AcDbEntity
  8
0
100
AcDbCircle
 10
107836.3997429216
 20
-4409.689695553905
 30
0.0000000000009095
 40
12.5
  0
CIRCLE
  5
1DD3
330
1F
100
AcDbEntity
  8
0
100
AcDbCircle
 10
108841.7594635672
 20
-3829.244990206809
 30
0.0000000000009095
 40
12.5
  0
CIRCLE
  5
1DD4
330
1F
100
AcDbEntity
  8
0
100
AcDbCircle
 10
108989.0535587483
 20
-3744.204704703991
 30
0.0000000000009095
 40
12.5
  0
CIRCLE
  5
1DD5
330
1F
100
AcDbEntity
  8
0
100
AcDbCircle
 10
109136.3476539293
 20
-3659.164419201172
 30
0.0000000000009095
 40
12.5
  0
CIRCLE
  5
1DD6
330
1F
100
AcDbEntity
  8
0
100
AcDbCircle
 10
110289.1052511385
 20
-2993.619510142124
 30
0.0000000000009095
 40
12.5
  0
CIRCLE
  5
1DD7
330
1F
100
AcDbEntity
  8
0
100
AcDbCircle
 10
110436.3993463195
 20
-2908.579224639306
 30
0.0000000000009095
 40
12.5
  0
CIRCLE
  5
1DD8
330
1F
100
AcDbEntity
  8
0
100
AcDbCircle
 10
110583.6934415005
 20
-2823.538939136487
 30
0.0000000000009095
 40
12.5
  0
CIRCLE
  5
1DD9
330
1F
100
AcDbEntity
  8
0
100
AcDbCircle
 10
112136.3418691348
 20
-1927.116951484621
 30
0.0
 40
12.5
  0
CIRCLE
  5
1DDA
330
1F
100
AcDbEntity
  8
0
100
AcDbCircle
 10
112283.6359643159
 20
-1842.076665981803
 30
0.0
 40
12.5
  0
CIRCLE
  5
1DDB
330
1F
100
AcDbEntity
  8
0
100
AcDbCircle
 10
112430.9300594969
 20
-1757.036380478984
 30
0.0
 40
12.5
  0
CIRCLE
  5
1DDC
330
1F
100
AcDbEntity
  8
0
100
AcDbCircle
 10
113489.1020621286
 20
-1146.100489910662
 30
0.0
 40
12.5
  0
CIRCLE
  5
1DDD
330
1F
100
AcDbEntity
  8
0
100
AcDbCircle
 10
113636.3961573097
 20
-1061.060204407843
 30
0.0
 40
12.5
  0
CIRCLE
  5
1DDE
330
1F
100
AcDbEntity
  8
0
100
AcDbCircle
 10
114641.7540159406
 20
-480.616574095372
 30
0.0
 40
12.5
  0
CIRCLE
  5
1DDF
330
1F
100
AcDbEntity
  8
0
100
AcDbCircle
 10
114789.0481111217
 20
-395.5762885925533
 30
0.0
 40
12.5
  0
CIRCLE
  5
1DE0
330
1F
100
AcDbEntity
  8
0
100
AcDbCircle
 10
114936.3422063027
 20
-310.5360030897346
 30
0.0
 40
12.5
  0
CIRCLE
  5
1DE1
330
1F
100
AcDbEntity
  8
0
100
AcDbCircle
 10
116276.4528161742
 20
331.7718052955297
 30
-1633.571692674235
 40
12.5
  0
CIRCLE
  5
1DE2
330
1F
100
AcDbEntity
  8
0
100
AcDbCircle
 10
116423.7469113552
 20
416.8120907983484
 30
-1633.571692674235
 40
12.5
  0
CIRCLE
  5
1DE3
330
1F
100
AcDbEntity
  8
0
100
AcDbCircle
 10
116571.0410065362
 20
501.8523763011671
 30
-1633.571692674235
 40
12.5
  0
CIRCLE
  5
1DE4
330
1F
100
AcDbEntity
  8
0
100
AcDbCircle
 10
115820.5394145373
 20
65.94856596908176
 30
-1633.571692674235
 40
12.5
  0
CIRCLE
  5
1DE5
330
1F
100
AcDbEntity
  8
0
100
AcDbCircle
 10
117552.4355075762
 20
1075.877968608301
 30
0.0
 40
12.5
  0
CIRCLE
  5
1DE6
330
1F
100
AcDbEntity
  8
0
100
AcDbCircle
 10
117699.7296027572
 20
1160.91825411112
 30
0.0
 40
12.5
  0
CIRCLE
  5
1DE7
330
1F
100
AcDbEntity
  8
0
100
AcDbCircle
 10
117847.0236979383
 20
1245.958539613939
 30
0.0
 40
12.5
  0
CIRCLE
  5
1DE8
330
1F
100
AcDbEntity
  8
0
100
AcDbCircle
 10
118565.6250834179
 20
1666.44704067661
 30
0.0
 40
12.5
  0
CIRCLE
  5
1DE9
330
1F
100
AcDbEntity
  8
0
100
AcDbCircle
 10
118712.919178599
 20
1751.487326179429
 30
0.0
 40
12.5
  0
CIRCLE
  5
1DEA
330
1F
100
AcDbEntity
  8
0
100
AcDbCircle
 10
119592.4583811266
 20
2264.968780591764
 30
0.0
 40
12.5
  0
CIRCLE
  5
1DEB
330
1F
100
AcDbEntity
  8
0
100
AcDbCircle
 10
119739.7524763077
 20
2350.009066094583
 30
0.0
 40
12.5
  0
CIRCLE
  5
1DEC
330
1F
100
AcDbEntity
  8
0
100
AcDbCircle
 10
119887.0465714887
 20
2435.049351597401
 30
0.0
 40
12.5
  0
CIRCLE
  5
1DED
330
1F
100
AcDbEntity
  8
0
100
AcDbCircle
 10
120603.8634222228
 20
2769.880174726448
 30
0.0
 40
12.5
  0
CIRCLE
  5
1DEE
330
1F
100
AcDbEntity
  8
0
100
AcDbCircle
 10
120753.8634222228
 20
2769.880174726448
 30
0.0
 40
12.5
  0
CIRCLE
  5
1DEF
330
1F
100
AcDbEntity
  8
0
100
AcDbCircle
 10
120903.8634222228
 20
2769.880174726448
 30
0.0
 40
12.5
  0
CIRCLE
  5
1DF0
330
1F
100
AcDbEntity
  8
0
100
AcDbCircle
 10
121053.8634222228
 20
2769.880174726448
 30
0.0
 40
12.5
  0
CIRCLE
  5
1DF1
330
1F
100
AcDbEntity
  8
0
100
AcDbCircle
 10
122180.8424717495
 20
3075.581320260525
 30
0.0
 40
12.5
  0
CIRCLE
  5
1DF2
330
1F
100
AcDbEntity
  8
0
100
AcDbCircle
 10
122039.5593977945
 20
2993.052517750181
 30
0.0
 40
12.5
  0
CIRCLE
  5
1DF3
330
1F
100
AcDbEntity
  8
0
100
AcDbCircle
 10
121898.2763238396
 20
2910.523715239838
 30
0.0
 40
12.5
  0
CIRCLE
  5
1DF4
330
1F
100
AcDbEntity
  8
0
100
AcDbCircle
 10
122887.7528541764
 20
3489.176628368915
 30
0.0
 40
12.5
  0
CIRCLE
  5
1DF5
330
1F
100
AcDbEntity
  8
0
100
AcDbCircle
 10
123035.0469493574
 20
3574.216913871733
 30
0.0
 40
12.5
  0
CIRCLE
  5
1DF6
330
1F
100
AcDbEntity
  8
0
100
AcDbCircle
 10
122180.842280954
 20
3797.796869338585
 30
0.0
 40
12.5
  0
CIRCLE
  5
1DF7
330
1F
100
AcDbEntity
  8
0
100
AcDbCircle
 10
122039.5592069991
 20
3715.268066828242
 30
0.0
 40
12.5
  0
CIRCLE
  5
1DF8
330
1F
100
AcDbEntity
  8
0
100
AcDbCircle
 10
121898.2761330442
 20
3632.739264317899
 30
0.0
 40
12.5
  0
CIRCLE
  5
1DF9
330
1F
100
AcDbEntity
  8
0
100
AcDbCircle
 10
120603.8632444141
 20
3442.937493439572
 30
0.0
 40
12.5
  0
CIRCLE
  5
1DFA
330
1F
100
AcDbEntity
  8
0
100
AcDbCircle
 10
120753.8632444141
 20
3442.937493439572
 30
0.0
 40
12.5
  0
CIRCLE
  5
1DFB
330
1F
100
AcDbEntity
  8
0
100
AcDbCircle
 10
120903.8632444141
 20
3442.937493439572
 30
0.0
 40
12.5
  0
CIRCLE
  5
1DFC
330
1F
100
AcDbEntity
  8
0
100
AcDbCircle
 10
121053.8632444141
 20
3442.937493439572
 30
0.0
 40
12.5
  0
CIRCLE
  5
1DFD
330
1F
100
AcDbEntity
  8
0
100
AcDbCircle
 10
119592.4581905866
 20
2986.217502520137
 30
0.0
 40
12.5
  0
CIRCLE
  5
1DFE
330
1F
100
AcDbEntity
  8
0
100
AcDbCircle
 10
119739.7522857677
 20
3071.257788022956
 30
0.0
 40
12.5
  0
CIRCLE
  5
1DFF
330
1F
100
AcDbEntity
  8
0
100
AcDbCircle
 10
119887.0463809487
 20
3156.298073525775
 30
0.0
 40
12.5
  0
CIRCLE
  5
1E00
330
1F
100
AcDbEntity
  8
0
100
AcDbCircle
 10
118565.6250834179
 20
2387.499194980883
 30
0.0
 40
12.5
  0
CIRCLE
  5
1E01
330
1F
100
AcDbEntity
  8
0
100
AcDbCircle
 10
118712.9191785989
 20
2472.539480483702
 30
0.0
 40
12.5
  0
CIRCLE
  5
1E02
330
1F
100
AcDbEntity
  8
0
100
AcDbCircle
 10
117552.4353171394
 20
1796.73616711845
 30
0.0
 40
12.5
  0
CIRCLE
  5
1E03
330
1F
100
AcDbEntity
  8
0
100
AcDbCircle
 10
117699.7294123204
 20
1881.776452621268
 30
0.0
 40
12.5
  0
CIRCLE
  5
1E04
330
1F
100
AcDbEntity
  8
0
100
AcDbCircle
 10
117847.0235075014
 20
1966.816738124087
 30
0.0
 40
12.5
  0
CIRCLE
  5
1E05
330
1F
100
AcDbEntity
  8
0
100
AcDbCircle
 10
116718.3351017173
 20
586.8926618039859
 30
-1633.571692674235
 40
12.5
  0
CIRCLE
  5
1E06
330
1F
100
AcDbEntity
  8
0
100
AcDbCircle
 10
116865.6291968983
 20
671.9329473068046
 30
-1633.571692674235
 40
12.5
  0
CIRCLE
  5
1E07
330
1F
100
AcDbEntity
  8
0
100
AcDbCircle
 10
116274.3607829678
 20
1052.598439093267
 30
-1633.571700209777
 40
12.5
  0
CIRCLE
  5
1E08
330
1F
100
AcDbEntity
  8
0
100
AcDbCircle
 10
116421.6548781488
 20
1137.638724596085
 30
-1633.571700209777
 40
12.5
  0
CIRCLE
  5
1E09
330
1F
100
AcDbEntity
  8
0
100
AcDbCircle
 10
116568.9489733298
 20
1222.679010098904
 30
-1633.571700209777
 40
12.5
  0
CIRCLE
  5
1E0A
330
1F
100
AcDbEntity
  8
0
100
AcDbCircle
 10
116716.2430685109
 20
1307.719295601723
 30
-1633.571700209777
 40
12.5
  0
CIRCLE
  5
1E0B
330
1F
100
AcDbEntity
  8
0
100
AcDbCircle
 10
116863.5371636919
 20
1392.759581104542
 30
-1633.571700209777
 40
12.5
  0
CIRCLE
  5
1E0C
330
1F
100
AcDbEntity
  8
0
100
AcDbCircle
 10
115820.5391527612
 20
787.4785457074222
 30
-1633.571692674239
 40
12.5
  0
CIRCLE
  5
1E0D
330
1F
100
AcDbEntity
  8
0
100
AcDbCircle
 10
114641.7542059893
 20
238.7721563529244
 30
0.0
 40
12.5
  0
CIRCLE
  5
1E0E
330
1F
100
AcDbEntity
  8
0
100
AcDbCircle
 10
114789.0483011703
 20
323.8124418557431
 30
0.0
 40
12.5
  0
CIRCLE
  5
1E0F
330
1F
100
AcDbEntity
  8
0
100
AcDbCircle
 10
114936.3423963514
 20
327.1247594778956
 30
0.0
 40
12.5
  0
CIRCLE
  5
1E10
330
1F
100
AcDbEntity
  8
0
100
AcDbCircle
 10
113489.101872081
 20
-426.7151505717531
 30
0.0
 40
12.5
  0
CIRCLE
  5
1E11
330
1F
100
AcDbEntity
  8
0
100
AcDbCircle
 10
113636.395967262
 20
-341.6748650689344
 30
0.0
 40
12.5
  0
CIRCLE
  5
1E12
330
1F
100
AcDbEntity
  8
0
100
AcDbCircle
 10
112136.3418691349
 20
-1207.735114978345
 30
0.0
 40
12.5
  0
CIRCLE
  5
1E13
330
1F
100
AcDbEntity
  8
0
100
AcDbCircle
 10
112283.6359643159
 20
-1122.694829475526
 30
0.0
 40
12.5
  0
CIRCLE
  5
1E14
330
1F
100
AcDbEntity
  8
0
100
AcDbCircle
 10
112430.930059497
 20
-1037.654543972707
 30
0.0
 40
12.5
  0
CIRCLE
  5
1E15
330
1F
100
AcDbEntity
  8
0
100
AcDbCircle
 10
110289.1052749863
 20
-2274.241060962013
 30
-1633.571692674235
 40
12.5
  0
CIRCLE
  5
1E16
330
1F
100
AcDbEntity
  8
0
100
AcDbCircle
 10
110436.3993701673
 20
-2189.200775459194
 30
-1633.571692674235
 40
12.5
  0
CIRCLE
  5
1E17
330
1F
100
AcDbEntity
  8
0
100
AcDbCircle
 10
110583.6934653484
 20
-2104.160489956376
 30
-1633.571692674235
 40
12.5
  0
CIRCLE
  5
1E18
330
1F
100
AcDbEntity
  8
0
100
AcDbCircle
 10
108841.7596985452
 20
-3109.866419130674
 30
-1633.571692674235
 40
12.5
  0
CIRCLE
  5
1E19
330
1F
100
AcDbEntity
  8
0
100
AcDbCircle
 10
108989.0537937262
 20
-3024.826133627856
 30
-1633.571692674235
 40
12.5
  0
CIRCLE
  5
1E1A
330
1F
100
AcDbEntity
  8
0
100
AcDbCircle
 10
109136.3478889073
 20
-2939.785848125037
 30
-1633.571692674235
 40
12.5
  0
CIRCLE
  5
1E1B
330
1F
100
AcDbEntity
  8
0
100
AcDbCircle
 10
107689.1056715884
 20
-3775.351531876669
 30
-1633.571692674235
 40
12.5
  0
CIRCLE
  5
1E1C
330
1F
100
AcDbEntity
  8
0
100
AcDbCircle
 10
107836.3997667695
 20
-3690.311246373851
 30
-1633.571692674235
 40
12.5
  0
CIRCLE
  5
1E1D
330
1F
100
AcDbEntity
  8
0
100
AcDbCircle
 10
106241.7600951473
 20
-4610.976890045331
 30
-1633.571692674235
 40
12.5
  0
CIRCLE
  5
1E1E
330
1F
100
AcDbEntity
  8
0
100
AcDbCircle
 10
106389.0541903284
 20
-4525.936604542512
 30
-1633.571692674235
 40
12.5
  0
CIRCLE
  5
1E1F
330
1F
100
AcDbEntity
  8
0
100
AcDbCircle
 10
106536.3482855094
 20
-4440.896319039693
 30
-1633.571692674235
 40
12.5
  0
CIRCLE
  5
1E20
330
1F
100
AcDbEntity
  8
C-_CONC----_ED
100
AcDbCircle
 10
105210.7014290593
 20
-5206.258888461584
 30
-1633.571692674234
 40
12.5
  0
CIRCLE
  5
1E21
330
1F
100
AcDbEntity
  8
C-_CONC----_ED
100
AcDbCircle
 10
105063.4073340575
 20
-5291.299173860895
 30
-1633.571692674234
 40
12.5
  0
CIRCLE
  5
1E22
330
1F
100
AcDbEntity
  8
C-_CONC----_ED
100
AcDbCircle
 10
104916.1132390557
 20
-5376.339459260206
 30
-1633.571692674233
 40
12.5
  0
CIRCLE
  5
1E23
330
1F
100
AcDbEntity
  8
C-_CONC----_ED
100
AcDbCircle
 10
104779.6444616013
 20
-5455.129744659517
 30
-1633.571692674233
 40
12.5
  0
CIRCLE
  5
1E24
330
1F
100
AcDbEntity
  8
C-_CONC----_ED
100
AcDbCircle
 10
104643.1756841468
 20
-5533.920030058828
 30
-1633.571692674232
 40
12.5
  0
LWPOLYLINE
  5
1E2F
330
1F
100
AcDbEntity
  8
0
100
AcDbPolyline
 90
        2
 70
     0
 43
0.0
 10
99368.7226593915
 20
-6240.998630537186
 10
103789.3447202287
 20
-6241.000198788941
  0
MTEXT
  5
1E57
330
1F
100
AcDbEntity
  8
0
100
AcDbMText
 10
101579.0336898101
 20
-6240.999414663064
 30
0.0
 40
2.5
 41
0.0
 46
0.0
 71
     1
 72
     5
  1
L 4700 ROT 270 PLANE XZ POS Y 6600 STRAIGHT
 73
     1
 44
1.0
  0
LWPOLYLINE
  5
1E63
330
1F
100
AcDbEntity
  8
0
100
AcDbPolyline
 90
        2
 70
     0
 43
0.0
 10
103936.6356664441
 20
-5941.715629657265
 10
107400.8189268512
 20
-3941.857050078435
  0
MTEXT
  5
1E64
330
1F
100
AcDbEntity
  8
0
100
AcDbMText
 10
105668.7272966476
 20
-4941.786339867849
 30
0.0
 40
2.5
 41
0.0
 46
0.0
 71
     1
 72
     5
  1
L 4700 ROT 270 PLANE XZ POS Y 6600 STRAIGHT
 73
     1
 44
1.0
  0
LWPOLYLINE
  5
1E65
330
1F
100
AcDbEntity
  8
0
100
AcDbPolyline
 90
        2
 70
     0
 43
0.0
 38
-1633.571692674235
 10
107541.8115764074
 20
-3860.391817379488
 10
111005.9948368145
 20
-1860.533237800658
  0
MTEXT
  5
1E66
330
1F
100
AcDbEntity
  8
0
100
AcDbMText
 10
109273.9032066109
 20
-2860.462527590073
 30
-1633.571692674235
 40
2.5
 41
0.0
 46
0.0
 71
     1
 72
     5
  1
L 4700 ROT 270 PLANE XZ POS Y 6600 STRAIGHT
 73
     1
 44
1.0
  0
LWPOLYLINE
  5
1E67
330
1F
100
AcDbEntity
  8
0
100
AcDbPolyline
 90
        2
 70
     0
 43
0.0
 10
111105.2831233216
 20
-1803.019700932106
 10
114494.4601108083
 20
153.7318708501057
  0
MTEXT
  5
1E68
330
1F
100
AcDbEntity
  8
0
100
AcDbMText
 10
112837.3747535251
 20
-803.0904111426908
 30
0.0
 40
2.5
 41
0.0
 46
0.0
 71
     1
 72
     5
  1
L 4700 ROT 270 PLANE XZ POS Y 6600 STRAIGHT
 73
     1
 44
1.0
  0
LWPOLYLINE
  5
1E69
330
1F
100
AcDbEntity
  8
0
100
AcDbPolyline
 90
        2
 70
     0
 43
0.0
 38
-1633.571692674239
 10
115109.0300242644
 20
373.6259076555998
 10
118418.3307977488
 20
2302.458909478064
  0
MTEXT
  5
1E6A
330
1F
100
AcDbEntity
  8
0
100
AcDbMText
 10
116763.6804110066
 20
1338.042408566832
 30
-1633.571692674239
 40
2.5
 41
0.0
 46
0.0
 71
     1
 72
     5
  1
L 4700 ROT 270 PLANE XZ POS Y 6600 STRAIGHT
 73
     1
 44
1.0
  0
LWPOLYLINE
  5
1E6B
330
1F
100
AcDbEntity
  8
0
100
AcDbPolyline
 90
        2
 70
     0
 43
0.0
 10
118712.9191785989
 20
2472.539480483702
 10
120309.9304534879
 20
3407.398741104426
  0
MTEXT
  5
1E6C
330
1F
100
AcDbEntity
  8
0
100
AcDbMText
 10
119511.4248160434
 20
2939.969110794064
 30
0.0
 40
2.5
 41
0.0
 46
0.0
 71
     1
 72
     5
  1
L 4700 ROT 270 PLANE XZ POS Y 6600 STRAIGHT
 73
     1
 44
1.0
  0
LWPOLYLINE
  5
1E73
330
1F
100
AcDbEntity
  8
0
100
AcDbPolyline
 90
        2
 70
     0
 43
0.0
 10
120453.8632444141
 20
3442.937493439572
 10
121730.1140783668
 20
3454.133580210797
  0
MTEXT
  5
1E74
330
1F
100
AcDbEntity
  8
0
100
AcDbMText
 10
121091.9886613904
 20
3448.535536825184
 30
0.0
 40
2.5
 41
0.0
 46
0.0
 71
     1
 72
     5
  1
L 4700 ROT 270 PLANE XZ POS Y 6600 STRAIGHT
 73
     1
 44
1.0
  0
LWPOLYLINE
  5
1E75
330
1F
100
AcDbEntity
  8
0
100
AcDbPolyline
 90
        2
 70
     0
 43
0.0
 10
121730.1140783668
 20
3536.133580210797
 10
124424.8428808112
 20
5074.82864920976
  0
MTEXT
  5
1E76
330
1F
100
AcDbEntity
  8
0
100
AcDbMText
 10
123077.478479589
 20
4305.481114710278
 30
0.0
 40
2.5
 41
0.0
 46
0.0
 71
     1
 72
     5
  1
L 4700 ROT 270 PLANE XZ POS Y 6600 STRAIGHT
 73
     1
 44
1.0
  0
LWPOLYLINE
  5
1E77
330
1F
100
AcDbEntity
  8
0
100
AcDbPolyline
 90
        2
 70
     0
 43
0.0
 10
124574.8428808112
 20
5074.82864920976
 10
128024.8428808112
 20
5074.82864920976
  0
MTEXT
  5
1E78
330
1F
100
AcDbEntity
  8
0
100
AcDbMText
 10
126299.8428808112
 20
5074.82864920976
 30
0.0
 40
2.5
 41
0.0
 46
0.0
 71
     1
 72
     5
  1
L 4700 ROT 270 PLANE XZ POS Y 6600 STRAIGHT
 73
     1
 44
1.0
  0
LWPOLYLINE
  5
1E79
330
1F
100
AcDbEntity
  8
0
100
AcDbPolyline
 90
        2
 70
     0
 43
0.0
 10
99368.7226593915
 20
-7267.683883110061
 10
104529.2176250006
 20
-7267.685255901888
  0
MTEXT
  5
1E7A
330
1F
100
AcDbEntity
  8
0
100
AcDbMText
 10
101948.970142196
 20
-7267.684569505975
 30
0.0
 40
2.5
 41
0.0
 46
0.0
 71
     1
 72
     5
  1
L 3150 ROT 270 PLANE XZ POS Y 6600 STRAIGHT
 73
     1
 44
1.0
  0
LWPOLYLINE
  5
1E7B
330
1F
100
AcDbEntity
  8
0
100
AcDbPolyline
 90
        2
 70
     0
 43
0.0
 10
104632.3493834247
 20
-6259.549033106534
 10
108096.4509985625
 20
-4259.549033106583
  0
MTEXT
  5
1E7C
330
1F
100
AcDbEntity
  8
0
100
AcDbMText
 10
106364.4001909936
 20
-5259.549033106559
 30
0.0
 40
2.5
 41
0.0
 46
0.0
 71
     1
 72
     5
  1
L 3750 ROT 270 PLANE XZ POS Y 6600 STRAIGHT
 73
     1
 44
1.0
  0
LWPOLYLINE
  5
1E7D
330
1F
100
AcDbEntity
  8
0
100
AcDbPolyline
 90
        2
 70
     0
 43
0.0
 10
108252.583082843
 20
-4169.406132218084
 10
111716.6846979808
 20
-2169.406132218133
  0
MTEXT
  5
1E7E
330
1F
100
AcDbEntity
  8
0
100
AcDbMText
 10
109984.6338904119
 20
-3169.406132218109
 30
0.0000000000009095
 40
2.5
 41
0.0
 46
0.0
 71
     1
 72
     5
  1
L 3750 ROT 270 PLANE XZ POS Y 6600 STRAIGHT
 73
     1
 44
1.0
  0
LWPOLYLINE
  5
1E7F
330
1F
100
AcDbEntity
  8
0
100
AcDbPolyline
 90
        2
 70
     0
 43
0.0
 10
111841.7536338407
 20
-2097.197548431743
 10
114936.3422063027
 20
-310.5360030897346
  0
MTEXT
  5
1E80
330
1F
100
AcDbEntity
  8
0
100
AcDbMText
 10
113389.0479200717
 20
-1203.866775760739
 30
0.0
 40
2.5
 41
0.0
 46
0.0
 71
     1
 72
     5
  1
L 3750 ROT 270 PLANE XZ POS Y 6600 STRAIGHT
 73
     1
 44
1.0
  0
LWPOLYLINE
  5
1E81
330
1F
100
AcDbEntity
  8
0
100
AcDbPolyline
 90
        2
 70
     0
 43
0.0
 38
-1633.571692674235
 10
115109.0302860819
 20
-348.0609213233656
 10
118418.3309882369
 20
1581.406755173791
  0
MTEXT
  5
1E82
330
1F
100
AcDbEntity
  8
0
100
AcDbMText
 10
116763.6806371594
 20
616.6729169252127
 30
-1633.571692674235
 40
2.5
 41
0.0
 46
0.0
 71
     1
 72
     5
  1
L 3750 ROT 270 PLANE XZ POS Y 6600 STRAIGHT
 73
     1
 44
1.0
  0
LWPOLYLINE
  5
1E83
330
1F
100
AcDbEntity
  8
0
100
AcDbPolyline
 90
        2
 70
     0
 43
0.0
 10
118723.7838333954
 20
1757.668691413315
 10
120453.8634222228
 20
2769.880174726448
  0
MTEXT
  5
1E84
330
1F
100
AcDbEntity
  8
0
100
AcDbMText
 10
119588.8236278091
 20
2263.774433069881
 30
0.0
 40
2.5
 41
0.0
 46
0.0
 71
     1
 72
     5
  1
L 3750 ROT 270 PLANE XZ POS Y 6600 STRAIGHT
 73
     1
 44
1.0
  0
LWPOLYLINE
  5
1E90
330
1F
100
AcDbEntity
  8
0
100
AcDbPolyline
 90
        2
 70
     0
 43
0.0
 10
120603.8634222228
 20
2769.880174726448
 10
121730.114267632
 20
2819.710402130223
  0
MTEXT
  5
1E91
330
1F
100
AcDbEntity
  8
0
100
AcDbMText
 10
121166.9888449274
 20
2794.795288428336
 30
0.0
 40
2.5
 41
0.0
 46
0.0
 71
     1
 72
     5
  1
L 3750 ROT 270 PLANE XZ POS Y 6600 STRAIGHT
 73
     1
 44
1.0
  0
LWPOLYLINE
  5
1E92
330
1F
100
AcDbEntity
  8
0
100
AcDbPolyline
 90
        2
 70
     0
 43
0.0
 10
121898.2763238396
 20
2910.523715239838
 10
124504.9857734445
 20
4433.201579942016
  0
MTEXT
  5
1E93
330
1F
100
AcDbEntity
  8
0
100
AcDbMText
 10
123201.631048642
 20
3671.862647590927
 30
0.0
 40
2.5
 41
0.0
 46
0.0
 71
     1
 72
     5
  1
L 3750 ROT 270 PLANE XZ POS Y 6600 STRAIGHT
 73
     1
 44
1.0
  0
LWPOLYLINE
  5
1E94
330
1F
100
AcDbEntity
  8
0
100
AcDbPolyline
 90
        2
 70
     0
 43
0.0
 10
124654.9857734445
 20
4433.201579942016
 10
128854.9857734445
 20
4433.201579942016
  0
MTEXT
  5
1E95
330
1F
100
AcDbEntity
  8
0
100
AcDbMText
 10
126754.9857734445
 20
4433.201579942016
 30
0.0
 40
2.5
 41
0.0
 46
0.0
 71
     1
 72
     5
  1
L 3750 ROT 270 PLANE XZ POS Y 6600 STRAIGHT
 73
     1
 44
1.0
  0
ENDSEC
  0
SECTION
  2
OBJECTS
  0
DICTIONARY
  5
C
330
0
100
AcDbDictionary
281
     1
  3
ACAD_CIP_PREVIOUS_PRODUCT_INFO
350
216
  3
ACAD_COLOR
350
6B
  3
ACAD_DETAILVIEWSTYLE
350
21B
  3
ACAD_GROUP
350
D
  3
ACAD_LAST_SAVED_VERSION_INFO
350
466
  3
ACAD_LAYOUT
350
1A
  3
ACAD_MATERIAL
350
6A
  3
ACAD_MLEADERSTYLE
350
12D
  3
ACAD_MLINESTYLE
350
17
  3
ACAD_PLOTSETTINGS
350
19
  3
ACAD_PLOTSTYLENAME
350
E
  3
ACAD_SCALELIST
350
10C
  3
ACAD_SECTIONVIEWSTYLE
350
219
  3
ACAD_TABLESTYLE
350
7E
  3
ACAD_VISUALSTYLE
350
EF
  3
ACDB_RECOMPOSE_DATA
350
1EAC
  3
ACDBVARIABLEDICTIONARY
350
1E30
  3
AEC_PROPERTY_SET_DEFS
350
3A4
  3
EZDXF_META
350
47E
  0
DICTIONARY
  5
1FF
330
2
100
AcDbDictionary
280
     1
281
     1
  3
ACAD_LAYERSTATES
360
200
  0
DICTIONARY
  5
13C
330
10
100
AcDbDictionary
280
     1
281
     1
  0
DICTIONARY
  5
1CE
330
1F
100
AcDbDictionary
280
     1
281
     1
  0
DICTIONARY
  5
11C1
330
11C0
100
AcDbDictionary
280
     1
281
     1
  3
ACAD_SORTENTS
360
11C2
  0
XRECORD
  5
216
102
{ACAD_REACTORS
330
C
102
}
330
C
100
AcDbXrecord
280
     1
300
ACDLT
300
2024
300

  0
DICTIONARY
  5
6B
102
{ACAD_REACTORS
330
C
102
}
330
C
100
AcDbDictionary
281
     1
  0
DICTIONARY
  5
21B
102
{ACAD_REACTORS
330
C
102
}
330
C
100
AcDbDictionary
281
     1
  3
Imperial24
350
324
  3
Metric50
350
21C
  0
DICTIONARY
  5
D
102
{ACAD_REACTORS
330
C
102
}
330
C
100
AcDbDictionary
281
     1
  0
XRECORD
  5
466
102
{ACAD_REACTORS
330
C
102
}
330
C
100
AcDbXrecord
280
     1
300
{574E1FBC-4191-D046-A77F-BE9F971BAD5C}
301
{ABA9F92C-E766-A248-A558-2BFBA538AB39}
302
{574E1FBC-4191-D046-A77F-BE9F971BAD5C}
303
C:\Users\Michael Ocampo\Documents\P_Files\barbending\inputs\starter_bars.dxf
  0
DICTIONARY
  5
1A
102
{ACAD_REACTORS
330
C
102
}
330
C
100
AcDbDictionary
281
     1
  3
Layout1
350
D3
  3
Layout2
350
D7
  3
Model
350
22
  0
DICTIONARY
  5
6A
102
{ACAD_REACTORS
330
C
102
}
330
C
100
AcDbDictionary
281
     1
  3
ByBlock
350
ED
  3
ByLayer
350
EC
  3
Global
350
EE
  0
DICTIONARY
  5
12D
102
{ACAD_REACTORS
330
C
102
}
330
C
100
AcDbDictionary
281
     1
  3
Standard
350
12E
  0
DICTIONARY
  5
17
102
{ACAD_REACTORS
330
C
102
}
330
C
100
AcDbDictionary
281
     1
  3
Standard
350
18
  0
DICTIONARY
  5
19
102
{ACAD_REACTORS
330
C
102
}
330
C
100
AcDbDictionary
281
     1
  0
ACDBDICTIONARYWDFLT
  5
E
102
{ACAD_REACTORS
330
C
102
}
330
C
100
AcDbDictionary
281
     1
  3
Normal
350
F
100
AcDbDictionaryWithDefault
340
F
  0
DICTIONARY
  5
10C
102
{ACAD_REACTORS
330
C
102
}
330
C
100
AcDbDictionary
281
     1
  3
*A1
350
322
  3
A0
350
10D
  3
A1
350
1BE
  3
A2
350
1BF
  3
A3
350
1C0
  3
A4
350
1C1
  3
A5
350
1C2
  3
A6
350
1C3
  3
A7
350
1C4
  3
A8
350
1C5
  3
A9
350
1C6
  3
B0
350
1C7
  3
B1
350
1C8
  3
B2
350
1C9
  3
B3
350
1CA
  3
B4
350
1CB
  3
B5
350
1CC
  3
B6
350
1CD
  0
DICTIONARY
  5
219
102
{ACAD_REACTORS
330
C
102
}
330
C
100
AcDbDictionary
281
     1
  3
Imperial24
350
323
  3
Metric50
350
21A
  0
DICTIONARY
  5
7E
102
{ACAD_REACTORS
330
C
102
}
330
C
100
AcDbDictionary
281
     1
  3
Standard
350
7F
  0
DICTIONARY
  5
EF
102
{ACAD_REACTORS
330
C
102
}
330
C
100
AcDbDictionary
281
     1
  3
2dWireframe
350
F5
  3
Basic
350
F4
  3
Brighten
350
FB
  3
ColorChange
350
FF
  3
Conceptual
350
F8
  3
Dim
350
FA
  3
EdgeColorOff
350
1E6
  3
Facepattern
350
FE
  3
Flat
350
F0
  3
FlatWithEdges
350
F1
  3
Gouraud
350
F2
  3
GouraudWithEdges
350
F3
  3
Hidden
350
F7
  3
JitterOff
350
1E4
  3
Linepattern
350
FD
  3
OverhangOff
350
1E5
  3
Realistic
350
F9
  3
Shaded
350
1F3
  3
Shaded with edges
350
1F2
  3
Shades of Gray
350
1EF
  3
Sketchy
350
1F0
  3
Thicken
350
FC
  3
Wireframe
350
F6
  3
X-Ray
350
1F1
  0
XRECORD
  5
1EAC
102
{ACAD_REACTORS
330
C
102
}
330
C
100
AcDbXrecord
280
     1
 90
        1
330
7F
  0
DICTIONARY
  5
1E30
102
{ACAD_REACTORS
330
C
102
}
330
C
100
AcDbDictionary
281
     2
  3
#COMPAREDIFFTOTAL
350
1E31
  3
#REVCLOUDAPPROXARCLEN
350
1E32
  3
ANNOALLVISIBLE
350
1E33
  3
CANNOSCALE
350
1E34
  3
CMLEADERSTYLE
350
1E35
  3
CTABLESTYLE
350
1E36
  3
CVIEWDETAILSTYLE
350
1E37
  3
CVIEWSECTIONSTYLE
350
1E38
  3
DIMADEC
350
1E39
  3
DIMASSOC
350
1E3A
  3
DIMLAYER
350
1E3B
  3
DWFFRAME
350
1E3C
  3
EXPORTPAPERSPACE
350
1E3D
  3
GEOMARKERVISIBILITY
350
1E3E
  3
HIDETEXT
350
1E3F
  3
HPCOLOR
350
1E40
  3
HPLAYER
350
1E41
  3
HPORIGIN
350
1E42
  3
HPTRANSPARENCY
350
1E43
  3
INDEXCTL
350
1E44
  3
LAYEREVAL
350
1E45
  3
LAYERNOTIFY
350
1E46
  3
LIGHTINGUNITS
350
1E47
  3
MLEADERSCALE
350
1E49
  3
MSLTSCALE
350
1E4A
  3
MSOLESCALE
350
1E4B
  3
OLEFRAME
350
1E4C
  3
PDFFRAME
350
1E4D
  3
POINTCLOUDCLIPFRAME
350
1E4E
  3
PROJECTNAME
350
1E4F
  3
SORTENTS
350
1E50
  0
DICTIONARY
  5
3A4
102
{ACAD_REACTORS
330
C
102
}
330
C
100
AcDbDictionary
281
     1
  0
DICTIONARY
  5
47E
330
C
100
AcDbDictionary
280
     1
281
     1
  3
WRITTEN_BY_EZDXF
360
47F
  0
DICTIONARY
  5
200
102
{ACAD_REACTORS
330
1FF
102
}
330
1FF
100
AcDbDictionary
281
     1
  0
SORTENTSTABLE
  5
11C2
102
{ACAD_REACTORS
330
11C1
102
}
330
11C1
100
AcDbSortentsTable
330
11C0
  0
ACDBDETAILVIEWSTYLE
  5
324
102
{ACAD_REACTORS
330
21B
102
}
330
21B
100
AcDbModelDocViewStyle
 70
     0
  3
Imperial24
290
     0
300
Imperial24
 90
        0
100
AcDbDetailViewStyle
 70
     0
 71
     0
 90
        3
 71
     1
340
11
 62
   256
 40
0.24
340
0
 62
   256
 40
0.24
300

 40
0.36
280
     3
 71
     2
340
16
 90
       25
 62
   256
 71
     3
340
11
 62
   256
 40
0.24
 90
        1
 40
0.75
 90
        1
300
%<\AcVar ViewType \f "%tc1">% %<\AcVar ViewDetailId>%\PSCALE %<\AcVar ViewScale \f "%sn">%
 71
     4
340
16
 90
       25
 62
   256
340
16
 90
       25
 62
   256
280
     0
  0
ACDBDETAILVIEWSTYLE
  5
21C
102
{ACAD_REACTORS
330
21B
102
}
330
21B
100
AcDbModelDocViewStyle
 70
     0
  3
Metric50
290
     0
300
Metric50
 90
        0
100
AcDbDetailViewStyle
 70
     0
 71
     0
 90
        3
 71
     1
340
11
 62
   256
 40
5.0
340
0
 62
   256
 40
5.0
300

 40
0.0
280
     1
 71
     2
340
16
 90
       25
 62
   256
 71
     3
340
11
 62
   256
 40
5.0
 90
        0
 40
15.0
 90
        1
300
%<\AcVar ViewDetailId>% (%<\AcVar ViewScale \f "%sn">%)
 71
     4
340
16
 90
       25
 62
   256
340
16
 90
       25
 62
   256
280
     0
  0
LAYOUT
  5
D3
102
{ACAD_REACTORS
330
1A
102
}
330
1A
100
AcDbPlotSettings
  1

  2
C:\Documents and Settings\basas\Application Data\Autodesk\AutoCAD 2005\R16.1\enu\plotters\Default Windows System Printer.pc3
  4

  6

 40
0.0
 41
0.0
 42
0.0
 43
0.0
 44
0.0
 45
0.0
 46
0.0
 47
0.0
 48
0.0
 49
0.0
140
0.0
141
0.0
142
1.0
143
1.0
 70
   688
 72
     0
 73
     0
 74
     5
  7

 75
    16
147
1.0
 76
     0
 77
     2
 78
   300
148
0.0
149
0.0
100
AcDbLayout
  1
Layout1
 70
     1
 71
     1
 10
0.0
 20
0.0
 11
12.0
 21
9.0
 12
0.0
 22
0.0
 32
0.0
 14
0.0
 24
0.0
 34
0.0
 15
0.0
 25
0.0
 35
0.0
146
0.0
 13
0.0
 23
0.0
 33
0.0
 16
1.0
 26
0.0
 36
0.0
 17
0.0
 27
1.0
 37
0.0
 76
     0
330
D2
  0
LAYOUT
  5
D7
102
{ACAD_REACTORS
330
1A
102
}
330
1A
100
AcDbPlotSettings
  1

  2
C:\Documents and Settings\basas\Application Data\Autodesk\AutoCAD 2005\R16.1\enu\plotters\Default Windows System Printer.pc3
  4

  6

 40
0.0
 41
0.0
 42
0.0
 43
0.0
 44
0.0
 45
0.0
 46
0.0
 47
0.0
 48
0.0
 49
0.0
140
0.0
141
0.0
142
1.0
143
1.0
 70
   688
 72
     0
 73
     0
 74
     5
  7

 75
    16
147
1.0
 76
     0
 77
     2
 78
   300
148
0.0
149
0.0
100
AcDbLayout
  1
Layout2
 70
     1
 71
     2
 10
0.0
 20
0.0
 11
12.0
 21
9.0
 12
0.0
 22
0.0
 32
0.0
 14
0.0
 24
0.0
 34
0.0
 15
0.0
 25
0.0
 35
0.0
146
0.0
 13
0.0
 23
0.0
 33
0.0
 16
1.0
 26
0.0
 36
0.0
 17
0.0
 27
1.0
 37
0.0
 76
     0
330
D6
  0
LAYOUT
  5
22
102
{ACAD_XDICTIONARY
360
205
102
}
102
{ACAD_REACTORS
330
1A
102
}
330
1A
100
AcDbPlotSettings
  1

  2
none_device
  4
ISO_A4_(210.00_x_297.00_MM)
  6

 40
7.5
 41
20.0
 42
7.5
 43
20.0
 44
210.0
 45
297.0
 46
11.54999923706054
 47
-13.65000009536743
 48
0.0
 49
0.0
140
0.0
141
0.0
142
1.0
143
8.704084754739808
 70
 11952
 72
     1
 73
     0
 74
     0
  7

 75
     0
147
0.1148885871608098
 76
     0
 77
     2
 78
   300
148
0.0
149
0.0
100
AcDbLayout
  1
Model
 70
     1
 71
     0
 10
0.0
 20
0.0
 11
12.0
 21
9.0
 12
0.0
 22
0.0
 32
0.0
 14
0.0
 24
0.0
 34
0.0
 15
0.0
 25
0.0
 35
0.0
146
0.0
 13
0.0
 23
0.0
 33
0.0
 16
1.0
 26
0.0
 36
0.0
 17
0.0
 27
1.0
 37
0.0
 76
     0
330
1F
331
EA
1001
ACAD_PSEXT
1000
None
1000
None
1000
Not applicable
1000
The layout will not be plotted unless a new plotter configuration name is selected.
1070
     0
  0
MATERIAL
  5
ED
102
{ACAD_XDICTIONARY
360
1F9
102
}
102
{ACAD_REACTORS
330
6A
102
}
330
6A
100
AcDbMaterial
  1
ByBlock
 91
-1023410177
 73
     1
 78
     1
172
     1
176
     1
270
     1
273
     1
274
     1
 94
       63
  0
MATERIAL
  5
EC
102
{ACAD_XDICTIONARY
360
1F7
102
}
102
{ACAD_REACTORS
330
6A
102
}
330
6A
100
AcDbMaterial
  1
ByLayer
 91
-1023410177
 73
     1
 78
     1
172
     1
176
     1
270
     1
273
     1
274
     1
 94
       63
  0
MATERIAL
  5
EE
102
{ACAD_XDICTIONARY
360
173
102
}
102
{ACAD_REACTORS
330
6A
102
}
330
6A
100
AcDbMaterial
  1
Global
 91
-1023410177
 73
     1
 43
0.0007999999797903
 43
0.0
 43
0.0
 43
0.0
 43
0.0
 43
0.0007999999797903
 43
0.0
 43
0.0
 43
0.0
 43
0.0
 43
1.0
 43
0.0
 43
0.0
 43
0.0
 43
0.0
 43
1.0
 78
     1
172
     1
 49
0.0007999999797903
 49
0.0
 49
0.0
 49
0.0
 49
0.0
 49
0.0007999999797903
 49
0.0
 49
0.0
 49
0.0
 49
0.0
 49
1.0
 49
0.0
 49
0.0
 49
0.0
 49
0.0
 49
1.0
176
     1
142
0.0007999999797903
142
0.0
142
0.0
142
0.0
142
0.0
142
0.0007999999797903
142
0.0
142
0.0
142
0.0
142
0.0
142
1.0
142
0.0
142
0.0
142
0.0
142
0.0
142
1.0
270
     1
144
0.0007999999797903
144
0.0
144
0.0
144
0.0
144
0.0
144
0.0007999999797903
144
0.0
144
0.0
144
0.0
144
0.0
144
1.0
144
0.0
144
0.0
144
0.0
144
0.0
144
1.0
273
     1
274
     1
 94
       63
1001
ACAD
1070
    -1
1070
     3
1070
     0
1000

1071
        0
1070
     0
  0
MLEADERSTYLE
  5
12E
102
{ACAD_REACTORS
330
12D
102
}
330
12D
100
AcDbMLeaderStyle
179
     2
170
     2
171
     1
172
     0
 90
        2
 40
0.0
 41
0.0
173
     1
 91
-1056964608
340
14
 92
       -2
290
     1
 42
2.0
291
     1
 43
8.0
  3
Standard
 44
4.0
300

342
11
174
     1
178
     1
175
     1
176
     0
 93
-1056964608
 45
4.0
292
     0
297
     0
 46
4.0
 94
-1056964608
 47
1.0
 49
1.0
140
1.0
293
     1
141
0.0
294
     1
177
     0
142
1.0
295
     0
296
     0
143
3.75
271
     0
272
     9
273
     9
298
     0
  0
MLINESTYLE
  5
18
102
{ACAD_REACTORS
330
17
102
}
330
17
100
AcDbMlineStyle
  2
STANDARD
 70
     0
  3

 62
   256
 51
90.0
 52
90.0
 71
     2
 49
0.5
 62
   256
  6
BYLAYER
 49
-0.5
 62
   256
  6
BYLAYER
  0
ACDBPLACEHOLDER
  5
F
102
{ACAD_REACTORS
330
E
102
}
330
E
  0
SCALE
  5
322
102
{ACAD_REACTORS
330
10C
102
}
330
10C
100
AcDbScale
 70
     0
300
1:25
140
1.0
141
25.0
290
     0
  0
SCALE
  5
10D
102
{ACAD_REACTORS
330
10C
102
}
330
10C
100
AcDbScale
 70
     0
300
1:1
140
1.0
141
1.0
290
     1
  0
SCALE
  5
1BE
102
{ACAD_REACTORS
330
10C
102
}
330
10C
100
AcDbScale
 70
     0
300
1:2
140
1.0
141
2.0
290
     0
  0
SCALE
  5
1BF
102
{ACAD_REACTORS
330
10C
102
}
330
10C
100
AcDbScale
 70
     0
300
1:4
140
1.0
141
4.0
290
     0
  0
SCALE
  5
1C0
102
{ACAD_REACTORS
330
10C
102
}
330
10C
100
AcDbScale
 70
     0
300
1:5
140
1.0
141
5.0
290
     0
  0
SCALE
  5
1C1
102
{ACAD_REACTORS
330
10C
102
}
330
10C
100
AcDbScale
 70
     0
300
1:8
140
1.0
141
8.0
290
     0
  0
SCALE
  5
1C2
102
{ACAD_REACTORS
330
10C
102
}
330
10C
100
AcDbScale
 70
     0
300
1:10
140
1.0
141
10.0
290
     0
  0
SCALE
  5
1C3
102
{ACAD_REACTORS
330
10C
102
}
330
10C
100
AcDbScale
 70
     0
300
1:16
140
1.0
141
16.0
290
     0
  0
SCALE
  5
1C4
102
{ACAD_REACTORS
330
10C
102
}
330
10C
100
AcDbScale
 70
     0
300
1:20
140
1.0
141
20.0
290
     0
  0
SCALE
  5
1C5
102
{ACAD_REACTORS
330
10C
102
}
330
10C
100
AcDbScale
 70
     0
300
1:30
140
1.0
141
30.0
290
     0
  0
SCALE
  5
1C6
102
{ACAD_REACTORS
330
10C
102
}
330
10C
100
AcDbScale
 70
     0
300
1:40
140
1.0
141
40.0
290
     0
  0
SCALE
  5
1C7
102
{ACAD_REACTORS
330
10C
102
}
330
10C
100
AcDbScale
 70
     0
300
1:50
140
1.0
141
50.0
290
     0
  0
SCALE
  5
1C8
102
{ACAD_REACTORS
330
10C
102
}
330
10C
100
AcDbScale
 70
     0
300
1:100
140
1.0
141
100.0
290
     0
  0
SCALE
  5
1C9
102
{ACAD_REACTORS
330
10C
102
}
330
10C
100
AcDbScale
 70
     0
300
2:1
140
2.0
141
1.0
290
     0
  0
SCALE
  5
1CA
102
{ACAD_REACTORS
330
10C
102
}
330
10C
100
AcDbScale
 70
     0
300
4:1
140
4.0
141
1.0
290
     0
  0
SCALE
  5
1CB
102
{ACAD_REACTORS
330
10C
102
}
330
10C
100
AcDbScale
 70
     0
300
8:1
140
8.0
141
1.0
290
     0
  0
SCALE
  5
1CC
102
{ACAD_REACTORS
330
10C
102
}
330
10C
100
AcDbScale
 70
     0
300
10:1
140
10.0
141
1.0
290
     0
  0
SCALE
  5
1CD
102
{ACAD_REACTORS
330
10C
102
}
330
10C
100
AcDbScale
 70
     0
300
100:1
140
100.0
141
1.0
290
     0
  0
ACDBSECTIONVIEWSTYLE
  5
323
102
{ACAD_REACTORS
330
219
102
}
330
219
100
AcDbModelDocViewStyle
 70
     0
  3
Imperial24
290
     0
300
Imperial24
 90
        0
100
AcDbSectionViewStyle
 70
     0
 71
     0
 90
       78
 71
     1
340
11
 62
   256
 40
0.24
340
0
340
0
 62
   256
 40
0.24
300
I, O, Q, S, X, Z
 40
0.48
 90
        3
 40
0.18
 90
        1
 71
     2
340
16
 90
       25
 62
   256
340
16
 90
       50
 62
   256
 40
0.24
 40
0.0
 40
0.24
 71
     3
340
11
 62
   256
 40
0.24
 90
        1
 40
0.75
 90
        1
300
%<\AcVar ViewType \f "%tc1">% %<\AcVar ViewSectionStartId>%-%<\AcVar ViewSectionEndId>%\PSCALE %<\AcVar ViewScale \f "%sn">%
 71
     4
 62
   256
 62
   257
300
ANSI31
 40
1.0
 90
        0
290
     0
290
     0
 90
        6
 40
0.0
 40
1.570796326794896
 40
0.2617993877991494
 40
1.308996938995747
 40
-0.2617993877991494
 40
1.832595714594044
  0
ACDBSECTIONVIEWSTYLE
  5
21A
102
{ACAD_REACTORS
330
219
102
}
330
219
100
AcDbModelDocViewStyle
 70
     0
  3
Metric50
290
     0
300
Metric50
 90
        0
100
AcDbSectionViewStyle
 70
     0
 71
     0
 90
      102
 71
     1
340
11
 62
   256
 40
5.0
340
0
340
0
 62
   256
 40
5.0
300
I, O, Q, S, X, Z
 40
10.0
 90
        0
 40
2.5
 90
        0
 71
     2
340
16
 90
       25
 62
   256
340
16
 90
       50
 62
   256
 40
5.0
 40
2.5
 40
5.0
 71
     3
340
11
 62
   256
 40
5.0
 90
        0
 40
15.0
 90
        1
300
%<\AcVar ViewSectionStartId>%-%<\AcVar ViewSectionEndId>% (%<\AcVar ViewScale \f "%sn">%)
 71
     4
 62
   256
 62
   257
300
ANSI31
 40
1.0
 90
        0
290
     0
290
     0
 90
        6
 40
0.0
 40
1.570796326794896
 40
0.2617993877991494
 40
1.308996938995747
 40
-0.2617993877991494
 40
1.832595714594044
  0
TABLESTYLE
  5
7F
102
{ACAD_XDICTIONARY
360
162
102
}
102
{ACAD_REACTORS
330
7E
102
}
330
7E
100
AcDbTableStyle
280
     0
  3
Standard
 70
     0
 71
     0
 40
1.5
 41
1.5
280
     0
281
     0
  7
Standard
140
4.5
170
     2
 62
     0
 63
     7
283
     0
 90
      512
 91
        0
  1

274
    -2
284
     1
 64
     0
275
    -2
285
     1
 65
     0
276
    -2
286
     1
 66
     0
277
    -2
287
     1
 67
     0
278
    -2
288
     1
 68
     0
279
    -2
289
     1
 69
     0
  7
Standard
140
6.0
170
     5
 62
     0
 63
     7
283
     0
 90
      512
 91
        0
  1

274
    -2
284
     1
 64
     0
275
    -2
285
     1
 65
     0
276
    -2
286
     1
 66
     0
277
    -2
287
     1
 67
     0
278
    -2
288
     1
 68
     0
279
    -2
289
     1
 69
     0
  7
Standard
140
4.5
170
     5
 62
     0
 63
     7
283
     0
 90
      512
 91
        0
  1

274
    -2
284
     1
 64
     0
275
    -2
285
     1
 65
     0
276
    -2
286
     1
 66
     0
277
    -2
287
     1
 67
     0
278
    -2
288
     1
 68
     0
279
    -2
289
     1
 69
     0
  0
VISUALSTYLE
  5
F5
102
{ACAD_REACTORS
330
EF
102
}
330
EF
100
AcDbVisualStyle
  2
2dWireframe
 70
     4
177
     3
291
     0
 70
    58
 90
        0
176
     1
 90
        2
176
     1
 90
        1
176
     1
 90
        0
176
     1
 40
0.6
176
     1
 40
30.0
176
     1
 62
     7
420
 16777215
176
     1
 90
        1
176
     1
 90
        4
176
     1
 62
     7
176
     1
 62
   257
176
     1
 90
        1
176
     1
 90
        1
176
     1
 40
1.0
176
     1
 90
        0
176
     1
 62
   257
176
     1
 40
1.0
176
     1
 90
        1
176
     1
 90
        6
176
     1
 90
        2
176
     1
 62
     7
176
     1
 90
        5
176
     1
 90
        0
176
     1
 90
        0
176
     1
290
     0
176
     1
 90
        1
176
     1
 40
0.0
176
     1
 90
        0
176
     1
290
     1
176
     1
290
     1
176
     1
290
     0
176
     1
290
     0
176
     1
290
     0
176
     1
290
     0
176
     1
290
     0
176
     1
290
     0
176
     1
290
     0
176
     1
 90
       50
176
     1
 40
0.0
176
     1
 40
1.0
176
     1
 90
        0
176
     1
 62
    18
176
     1
 90
       50
176
     1
 90
        3
176
     1
 62
     5
420
      255
176
     1
290
     0
176
     1
 90
       50
176
     1
 90
       50
176
     1
 90
       50
176
     1
290
     0
176
     1
 90
       50
176
     1
 62
   256
176
     0
 40
1.0
176
     0
 90
        2
176
     1
  1
strokes_ogs.tif
176
     1
290
     0
176
     1
 40
1.0
176
     1
 40
1.0
176
     1
  0
VISUALSTYLE
  5
F4
102
{ACAD_REACTORS
330
EF
102
}
330
EF
100
AcDbVisualStyle
  2
Basic
 70
     7
177
     3
291
     1
 70
    58
 90
        1
176
     1
 90
        0
176
     1
 90
        1
176
     1
 90
        0
176
     1
 40
0.6
176
     1
 40
30.0
176
     1
 62
     7
420
 16777215
176
     1
 90
        0
176
     1
 90
        4
176
     1
 62
     7
176
     1
 62
   257
176
     1
 90
        1
176
     1
 90
        1
176
     1
 40
1.0
176
     1
 90
        8
176
     1
 62
     7
176
     1
 40
1.0
176
     1
 90
        1
176
     1
 90
        6
176
     1
 90
        2
176
     1
 62
     7
176
     1
 90
        5
176
     1
 90
        0
176
     1
 90
        0
176
     1
290
     0
176
     1
 90
        1
176
     1
 40
0.0
176
     1
 90
        0
176
     1
290
     0
176
     1
290
     1
176
     1
290
     1
176
     1
290
     0
176
     1
290
     0
176
     1
290
     0
176
     1
290
     0
176
     1
290
     0
176
     1
290
     0
176
     1
 90
       50
176
     1
 40
0.0
176
     1
 40
1.0
176
     1
 90
        0
176
     1
 62
    18
176
     1
 90
       50
176
     1
 90
        3
176
     1
 62
     5
420
      255
176
     1
290
     0
176
     1
 90
       50
176
     1
 90
       50
176
     1
 90
       50
176
     1
290
     0
176
     1
 90
       50
176
     1
 62
   256
176
     0
 40
1.0
176
     0
 90
        2
176
     1
  1
strokes_ogs.tif
176
     1
290
     0
176
     1
 40
1.0
176
     1
 40
1.0
176
     1
  0
VISUALSTYLE
  5
FB
102
{ACAD_REACTORS
330
EF
102
}
330
EF
100
AcDbVisualStyle
  2
Brighten
 70
    12
177
     3
291
     1
 70
    58
 90
        2
176
     1
 90
        2
176
     1
 90
        1
176
     1
 90
        0
176
     1
 40
0.6
176
     1
 40
30.0
176
     1
 62
     7
420
 16777215
176
     1
 90
        1
176
     1
 90
        4
176
     1
 62
     7
176
     1
 62
   257
176
     1
 90
        1
176
     1
 90
        1
176
     1
 40
1.0
176
     1
 90
        8
176
     1
 62
     7
176
     1
 40
1.0
176
     1
 90
        1
176
     1
 90
        6
176
     1
 90
        2
176
     1
 62
     7
176
     1
 90
        5
176
     1
 90
        0
176
     1
 90
        0
176
     1
290
     0
176
     1
 90
        1
176
     1
 40
50.0
176
     1
 90
        0
176
     1
290
     0
176
     1
290
     1
176
     1
290
     1
176
     1
290
     0
176
     1
290
     0
176
     1
290
     0
176
     1
290
     0
176
     1
290
     0
176
     1
290
     0
176
     1
 90
       50
176
     1
 40
0.0
176
     1
 40
1.0
176
     1
 90
        0
176
     1
 62
    18
176
     1
 90
       50
176
     1
 90
        3
176
     1
 62
     5
420
      255
176
     1
290
     0
176
     1
 90
       50
176
     1
 90
       50
176
     1
 90
       50
176
     1
290
     0
176
     1
 90
       50
176
     1
 62
   256
176
     0
 40
1.0
176
     0
 90
        2
176
     1
  1
strokes_ogs.tif
176
     1
290
     0
176
     1
 40
1.0
176
     1
 40
1.0
176
     1
  0
VISUALSTYLE
  5
FF
102
{ACAD_REACTORS
330
EF
102
}
330
EF
100
AcDbVisualStyle
  2
ColorChange
 70
    16
177
     3
291
     1
 70
    58
 90
        2
176
     1
 90
        2
176
     1
 90
        3
176
     1
 90
        0
176
     1
 40
0.6
176
     1
 40
30.0
176
     1
 62
     8
420
  8421504
176
     1
 90
        1
176
     1
 90
        4
176
     1
 62
     7
176
     1
 62
   257
176
     1
 90
        1
176
     1
 90
        1
176
     1
 40
1.0
176
     1
 90
        8
176
     1
 62
     8
420
  8421504
176
     1
 40
1.0
176
     1
 90
        1
176
     1
 90
        6
176
     1
 90
        2
176
     1
 62
     7
176
     1
 90
        5
176
     1
 90
        0
176
     1
 90
        0
176
     1
290
     0
176
     1
 90
        1
176
     1
 40
0.0
176
     1
 90
        0
176
     1
290
     0
176
     1
290
     1
176
     1
290
     1
176
     1
290
     0
176
     1
290
     0
176
     1
290
     0
176
     1
290
     0
176
     1
290
     0
176
     1
290
     0
176
     1
 90
       50
176
     1
 40
0.0
176
     1
 40
1.0
176
     1
 90
        0
176
     1
 62
    18
176
     1
 90
       50
176
     1
 90
        3
176
     1
 62
     5
420
      255
176
     1
290
     0
176
     1
 90
       50
176
     1
 90
       50
176
     1
 90
       50
176
     1
290
     0
176
     1
 90
       50
176
     1
 62
   256
176
     0
 40
1.0
176
     0
 90
        2
176
     1
  1
strokes_ogs.tif
176
     1
290
     0
176
     1
 40
1.0
176
     1
 40
1.0
176
     1
  0
VISUALSTYLE
  5
F8
102
{ACAD_REACTORS
330
EF
102
}
330
EF
100
AcDbVisualStyle
  2
Conceptual
 70
     9
177
     3
291
     0
 70
    58
 90
        3
176
     1
 90
        2
176
     1
 90
        1
176
     1
 90
        0
176
     1
 40
0.6
176
     1
 40
30.0
176
     1
 62
     7
420
 16777215
176
     1
 90
        2
176
     1
 90
        2
176
     1
 62
     7
176
     1
 62
   257
176
     1
 90
        1
176
     1
 90
        1
176
     1
 40
40.0
176
     1
 90
        8
176
     1
 62
     7
176
     1
 40
1.0
176
     1
 90
        1
176
     1
 90
        6
176
     1
 90
        2
176
     1
 62
     7
176
     1
 90
        3
176
     1
 90
        0
176
     1
 90
        0
176
     1
290
     0
176
     1
 90
        1
176
     1
 40
0.0
176
     1
 90
        0
176
     1
290
     0
176
     1
290
     1
176
     1
290
     1
176
     1
290
     0
176
     1
290
     0
176
     1
290
     0
176
     1
290
     0
176
     1
290
     0
176
     1
290
     0
176
     1
 90
       50
176
     1
 40
0.0
176
     1
 40
1.0
176
     1
 90
        0
176
     1
 62
    18
176
     1
 90
       50
176
     1
 90
        3
176
     1
 62
     5
420
      255
176
     1
290
     0
176
     1
 90
       50
176
     1
 90
       50
176
     1
 90
       50
176
     1
290
     0
176
     1
 90
       50
176
     1
 62
   256
176
     0
 40
1.0
176
     0
 90
        2
176
     1
  1
strokes_ogs.tif
176
     1
290
     0
176
     1
 40
1.0
176
     1
 40
1.0
176
     1
  0
VISUALSTYLE
  5
FA
102
{ACAD_REACTORS
330
EF
102
}
330
EF
100
AcDbVisualStyle
  2
Dim
 70
    11
177
     3
291
     1
 70
    58
 90
        2
176
     1
 90
        2
176
     1
 90
        1
176
     1
 90
        0
176
     1
 40
0.6
176
     1
 40
30.0
176
     1
 62
     7
420
 16777215
176
     1
 90
        1
176
     1
 90
        4
176
     1
 62
     7
176
     1
 62
   257
176
     1
 90
        1
176
     1
 90
        1
176
     1
 40
1.0
176
     1
 90
        8
176
     1
 62
     7
176
     1
 40
1.0
176
     1
 90
        1
176
     1
 90
        6
176
     1
 90
        2
176
     1
 62
     7
176
     1
 90
        5
176
     1
 90
        0
176
     1
 90
        0
176
     1
290
     0
176
     1
 90
        1
176
     1
 40
-50.0
176
     1
 90
        0
176
     1
290
     0
176
     1
290
     1
176
     1
290
     1
176
     1
290
     0
176
     1
290
     0
176
     1
290
     0
176
     1
290
     0
176
     1
290
     0
176
     1
290
     0
176
     1
 90
       50
176
     1
 40
0.0
176
     1
 40
1.0
176
     1
 90
        0
176
     1
 62
    18
176
     1
 90
       50
176
     1
 90
        3
176
     1
 62
     5
420
      255
176
     1
290
     0
176
     1
 90
       50
176
     1
 90
       50
176
     1
 90
       50
176
     1
290
     0
176
     1
 90
       50
176
     1
 62
   256
176
     0
 40
1.0
176
     0
 90
        2
176
     1
  1
strokes_ogs.tif
176
     1
290
     0
176
     1
 40
1.0
176
     1
 40
1.0
176
     1
  0
VISUALSTYLE
  5
1E6
102
{ACAD_REACTORS
330
EF
102
}
330
EF
100
AcDbVisualStyle
  2
EdgeColorOff
 70
    22
177
     3
291
     1
 70
    58
 90
        2
176
     0
 90
        2
176
     0
 90
        0
176
     0
 90
        0
176
     0
 40
0.6
176
     0
 40
30.0
176
     0
 62
     7
420
 16777215
176
     0
 90
        1
176
     0
 90
        4
176
     0
 62
     7
176
     0
 62
   257
176
     0
 90
        1
176
     0
 90
        1
176
     0
 40
1.0
176
     0
 90
        8
176
     2
 62
     7
176
     0
 40
1.0
176
     0
 90
        1
176
     0
 90
        6
176
     0
 90
        2
176
     0
 62
     7
176
     0
 90
        5
176
     0
 90
        0
176
     0
 90
        0
176
     0
290
     0
176
     0
 90
        1
176
     0
 40
0.0
176
     0
 90
        0
176
     0
290
     0
176
     1
290
     1
176
     1
290
     1
176
     1
290
     0
176
     1
290
     0
176
     1
290
     0
176
     1
290
     0
176
     1
290
     0
176
     1
290
     0
176
     1
 90
       50
176
     1
 40
0.0
176
     1
 40
1.0
176
     1
 90
        0
176
     1
 62
    18
176
     1
 90
       50
176
     1
 90
        3
176
     1
 62
     5
420
      255
176
     1
290
     0
176
     1
 90
       50
176
     1
 90
       50
176
     1
 90
       50
176
     1
290
     0
176
     1
 90
       50
176
     1
 62
   256
176
     0
 40
1.0
176
     0
 90
        2
176
     1
  1
strokes_ogs.tif
176
     1
290
     0
176
     1
 40
1.0
176
     1
 40
1.0
176
     1
  0
VISUALSTYLE
  5
FE
102
{ACAD_REACTORS
330
EF
102
}
330
EF
100
AcDbVisualStyle
  2
Facepattern
 70
    15
177
     3
291
     1
 70
    58
 90
        2
176
     1
 90
        2
176
     1
 90
        1
176
     1
 90
        0
176
     1
 40
0.6
176
     1
 40
30.0
176
     1
 62
     7
420
 16777215
176
     1
 90
        1
176
     1
 90
        4
176
     1
 62
     7
176
     1
 62
   257
176
     1
 90
        1
176
     1
 90
        1
176
     1
 40
1.0
176
     1
 90
        8
176
     1
 62
     7
176
     1
 40
1.0
176
     1
 90
        1
176
     1
 90
        6
176
     1
 90
        2
176
     1
 62
     7
176
     1
 90
        5
176
     1
 90
        0
176
     1
 90
        0
176
     1
290
     0
176
     1
 90
        1
176
     1
 40
0.0
176
     1
 90
        0
176
     1
290
     0
176
     1
290
     1
176
     1
290
     1
176
     1
290
     0
176
     1
290
     0
176
     1
290
     0
176
     1
290
     0
176
     1
290
     0
176
     1
290
     0
176
     1
 90
       50
176
     1
 40
0.0
176
     1
 40
1.0
176
     1
 90
        0
176
     1
 62
    18
176
     1
 90
       50
176
     1
 90
        3
176
     1
 62
     5
420
      255
176
     1
290
     0
176
     1
 90
       50
176
     1
 90
       50
176
     1
 90
       50
176
     1
290
     0
176
     1
 90
       50
176
     1
 62
   256
176
     0
 40
1.0
176
     0
 90
        2
176
     1
  1
strokes_ogs.tif
176
     1
290
     0
176
     1
 40
1.0
176
     1
 40
1.0
176
     1
  0
VISUALSTYLE
  5
F0
102
{ACAD_REACTORS
330
EF
102
}
330
EF
100
AcDbVisualStyle
  2
Flat
 70
     0
177
     3
291
     1
 70
    58
 90
        2
176
     1
 90
        1
176
     1
 90
        1
176
     1
 90
        2
176
     1
 40
0.6
176
     1
 40
30.0
176
     1
 62
     7
420
 16777215
176
     1
 90
        0
176
     1
 90
        0
176
     1
 62
     7
176
     1
 62
   257
176
     1
 90
        1
176
     1
 90
        1
176
     1
 40
1.0
176
     1
 90
        8
176
     1
 62
     7
176
     1
 40
1.0
176
     1
 90
        1
176
     1
 90
        6
176
     1
 90
        2
176
     1
 62
     7
176
     1
 90
        5
176
     1
 90
        0
176
     1
 90
        0
176
     1
290
     0
176
     1
 90
       13
176
     1
 40
0.0
176
     1
 90
        0
176
     1
290
     0
176
     1
290
     1
176
     1
290
     1
176
     1
290
     0
176
     1
290
     0
176
     1
290
     0
176
     1
290
     0
176
     1
290
     0
176
     1
290
     0
176
     1
 90
       50
176
     1
 40
0.0
176
     1
 40
1.0
176
     1
 90
        0
176
     1
 62
    18
176
     1
 90
       50
176
     1
 90
        3
176
     1
 62
     5
420
      255
176
     1
290
     0
176
     1
 90
       50
176
     1
 90
       50
176
     1
 90
       50
176
     1
290
     0
176
     1
 90
       50
176
     1
 62
   256
176
     0
 40
1.0
176
     0
 90
        2
176
     1
  1
strokes_ogs.tif
176
     1
290
     0
176
     1
 40
1.0
176
     1
 40
1.0
176
     1
  0
VISUALSTYLE
  5
F1
102
{ACAD_REACTORS
330
EF
102
}
330
EF
100
AcDbVisualStyle
  2
FlatWithEdges
 70
     1
177
     3
291
     1
 70
    58
 90
        2
176
     1
 90
        1
176
     1
 90
        1
176
     1
 90
        2
176
     1
 40
0.6
176
     1
 40
30.0
176
     1
 62
     7
420
 16777215
176
     1
 90
        1
176
     1
 90
        0
176
     1
 62
     7
176
     1
 62
   257
176
     1
 90
        1
176
     1
 90
        1
176
     1
 40
1.0
176
     1
 90
        0
176
     1
 62
   257
176
     1
 40
1.0
176
     1
 90
        1
176
     1
 90
        6
176
     1
 90
        2
176
     1
 62
     7
176
     1
 90
        5
176
     1
 90
        0
176
     1
 90
        0
176
     1
290
     0
176
     1
 90
       13
176
     1
 40
0.0
176
     1
 90
        0
176
     1
290
     0
176
     1
290
     1
176
     1
290
     1
176
     1
290
     0
176
     1
290
     0
176
     1
290
     0
176
     1
290
     0
176
     1
290
     0
176
     1
290
     0
176
     1
 90
       50
176
     1
 40
0.0
176
     1
 40
1.0
176
     1
 90
        0
176
     1
 62
    18
176
     1
 90
       50
176
     1
 90
        3
176
     1
 62
     5
420
      255
176
     1
290
     0
176
     1
 90
       50
176
     1
 90
       50
176
     1
 90
       50
176
     1
290
     0
176
     1
 90
       50
176
     1
 62
   256
176
     0
 40
1.0
176
     0
 90
        2
176
     1
  1
strokes_ogs.tif
176
     1
290
     0
176
     1
 40
1.0
176
     1
 40
1.0
176
     1
  0
VISUALSTYLE
  5
F2
102
{ACAD_REACTORS
330
EF
102
}
330
EF
100
AcDbVisualStyle
  2
Gouraud
 70
     2
177
     3
291
     1
 70
    58
 90
        2
176
     1
 90
        2
176
     1
 90
        1
176
     1
 90
        2
176
     1
 40
0.6
176
     1
 40
30.0
176
     1
 62
     7
420
 16777215
176
     1
 90
        0
176
     1
 90
        0
176
     1
 62
     7
176
     1
 62
   257
176
     1
 90
        1
176
     1
 90
        1
176
     1
 40
1.0
176
     1
 90
        0
176
     1
 62
     7
176
     1
 40
1.0
176
     1
 90
        1
176
     1
 90
        6
176
     1
 90
        2
176
     1
 62
     7
176
     1
 90
        5
176
     1
 90
        0
176
     1
 90
        0
176
     1
290
     0
176
     1
 90
       13
176
     1
 40
0.0
176
     1
 90
        0
176
     1
290
     0
176
     1
290
     1
176
     1
290
     1
176
     1
290
     0
176
     1
290
     0
176
     1
290
     0
176
     1
290
     0
176
     1
290
     0
176
     1
290
     0
176
     1
 90
       50
176
     1
 40
0.0
176
     1
 40
1.0
176
     1
 90
        0
176
     1
 62
    18
176
     1
 90
       50
176
     1
 90
        3
176
     1
 62
     5
420
      255
176
     1
290
     0
176
     1
 90
       50
176
     1
 90
       50
176
     1
 90
       50
176
     1
290
     0
176
     1
 90
       50
176
     1
 62
   256
176
     0
 40
1.0
176
     0
 90
        2
176
     1
  1
strokes_ogs.tif
176
     1
290
     0
176
     1
 40
1.0
176
     1
 40
1.0
176
     1
  0
VISUALSTYLE
  5
F3
102
{ACAD_REACTORS
330
EF
102
}
330
EF
100
AcDbVisualStyle
  2
GouraudWithEdges
 70
     3
177
     3
291
     1
 70
    58
 90
        2
176
     1
 90
        2
176
     1
 90
        1
176
     1
 90
        2
176
     1
 40
0.6
176
     1
 40
30.0
176
     1
 62
     7
420
 16777215
176
     1
 90
        1
176
     1
 90
        0
176
     1
 62
     7
176
     1
 62
   257
176
     1
 90
        1
176
     1
 90
        1
176
     1
 40
1.0
176
     1
 90
        0
176
     1
 62
   257
176
     1
 40
1.0
176
     1
 90
        1
176
     1
 90
        6
176
     1
 90
        2
176
     1
 62
     7
176
     1
 90
        5
176
     1
 90
        0
176
     1
 90
        0
176
     1
290
     0
176
     1
 90
       13
176
     1
 40
0.0
176
     1
 90
        0
176
     1
290
     0
176
     1
290
     1
176
     1
290
     1
176
     1
290
     0
176
     1
290
     0
176
     1
290
     0
176
     1
290
     0
176
     1
290
     0
176
     1
290
     0
176
     1
 90
       50
176
     1
 40
0.0
176
     1
 40
1.0
176
     1
 90
        0
176
     1
 62
    18
176
     1
 90
       50
176
     1
 90
        3
176
     1
 62
     5
420
      255
176
     1
290
     0
176
     1
 90
       50
176
     1
 90
       50
176
     1
 90
       50
176
     1
290
     0
176
     1
 90
       50
176
     1
 62
   256
176
     0
 40
1.0
176
     0
 90
        2
176
     1
  1
strokes_ogs.tif
176
     1
290
     0
176
     1
 40
1.0
176
     1
 40
1.0
176
     1
  0
VISUALSTYLE
  5
F7
102
{ACAD_REACTORS
330
EF
102
}
330
EF
100
AcDbVisualStyle
  2
Hidden
 70
     6
177
     3
291
     0
 70
    58
 90
        1
176
     1
 90
        2
176
     1
 90
        2
176
     1
 90
        0
176
     1
 40
0.6
176
     1
 40
30.0
176
     1
 62
     7
420
 16777215
176
     1
 90
        2
176
     1
 90
        2
176
     1
 62
     7
176
     1
 62
   257
176
     1
 90
        2
176
     1
 90
        1
176
     1
 40
40.0
176
     1
 90
        0
176
     1
 62
   257
176
     1
 40
1.0
176
     1
 90
        1
176
     1
 90
        6
176
     1
 90
        2
176
     1
 62
     7
176
     1
 90
        3
176
     1
 90
        0
176
     1
 90
        0
176
     1
290
     0
176
     1
 90
        1
176
     1
 40
0.0
176
     1
 90
        0
176
     1
290
     0
176
     1
290
     1
176
     1
290
     1
176
     1
290
     0
176
     1
290
     0
176
     1
290
     0
176
     1
290
     0
176
     1
290
     0
176
     1
290
     0
176
     1
 90
       50
176
     1
 40
0.0
176
     1
 40
1.0
176
     1
 90
        0
176
     1
 62
    18
176
     1
 90
       50
176
     1
 90
        3
176
     1
 62
     5
420
      255
176
     1
290
     0
176
     1
 90
       50
176
     1
 90
       50
176
     1
 90
       50
176
     1
290
     0
176
     1
 90
       50
176
     1
 62
   256
176
     0
 40
1.0
176
     0
 90
        2
176
     1
  1
strokes_ogs.tif
176
     1
290
     0
176
     1
 40
1.0
176
     1
 40
1.0
176
     1
  0
VISUALSTYLE
  5
1E4
102
{ACAD_REACTORS
330
EF
102
}
330
EF
100
AcDbVisualStyle
  2
JitterOff
 70
    20
177
     3
291
     1
 70
    58
 90
        2
176
     0
 90
        2
176
     0
 90
        0
176
     0
 90
        0
176
     0
 40
0.6
176
     0
 40
30.0
176
     0
 62
     7
420
 16777215
176
     0
 90
        1
176
     0
 90
        4
176
     0
 62
     7
176
     0
 62
   257
176
     0
 90
        1
176
     0
 90
        1
176
     0
 40
1.0
176
     0
 90
       10
176
     2
 62
     7
176
     0
 40
1.0
176
     0
 90
        1
176
     0
 90
        6
176
     0
 90
        2
176
     0
 62
     7
176
     0
 90
        5
176
     0
 90
        0
176
     0
 90
        0
176
     0
290
     0
176
     0
 90
        1
176
     0
 40
0.0
176
     0
 90
        0
176
     0
290
     0
176
     1
290
     1
176
     1
290
     1
176
     1
290
     0
176
     1
290
     0
176
     1
290
     0
176
     1
290
     0
176
     1
290
     0
176
     1
290
     0
176
     1
 90
       50
176
     1
 40
0.0
176
     1
 40
1.0
176
     1
 90
        0
176
     1
 62
    18
176
     1
 90
       50
176
     1
 90
        3
176
     1
 62
     5
420
      255
176
     1
290
     0
176
     1
 90
       50
176
     1
 90
       50
176
     1
 90
       50
176
     1
290
     0
176
     1
 90
       50
176
     1
 62
   256
176
     0
 40
1.0
176
     0
 90
        2
176
     1
  1
strokes_ogs.tif
176
     1
290
     0
176
     1
 40
1.0
176
     1
 40
1.0
176
     1
  0
VISUALSTYLE
  5
FD
102
{ACAD_REACTORS
330
EF
102
}
330
EF
100
AcDbVisualStyle
  2
Linepattern
 70
    14
177
     3
291
     1
 70
    58
 90
        2
176
     1
 90
        2
176
     1
 90
        1
176
     1
 90
        0
176
     1
 40
0.6
176
     1
 40
30.0
176
     1
 62
     7
420
 16777215
176
     1
 90
        1
176
     1
 90
        4
176
     1
 62
     7
176
     1
 62
   257
176
     1
 90
        7
176
     1
 90
        7
176
     1
 40
1.0
176
     1
 90
        8
176
     1
 62
     7
176
     1
 40
1.0
176
     1
 90
        1
176
     1
 90
        6
176
     1
 90
        2
176
     1
 62
     7
176
     1
 90
        5
176
     1
 90
        0
176
     1
 90
        0
176
     1
290
     0
176
     1
 90
        1
176
     1
 40
0.0
176
     1
 90
        0
176
     1
290
     0
176
     1
290
     1
176
     1
290
     1
176
     1
290
     0
176
     1
290
     0
176
     1
290
     0
176
     1
290
     0
176
     1
290
     0
176
     1
290
     0
176
     1
 90
       50
176
     1
 40
0.0
176
     1
 40
1.0
176
     1
 90
        0
176
     1
 62
    18
176
     1
 90
       50
176
     1
 90
        3
176
     1
 62
     5
420
      255
176
     1
290
     0
176
     1
 90
       50
176
     1
 90
       50
176
     1
 90
       50
176
     1
290
     0
176
     1
 90
       50
176
     1
 62
   256
176
     0
 40
1.0
176
     0
 90
        2
176
     1
  1
strokes_ogs.tif
176
     1
290
     0
176
     1
 40
1.0
176
     1
 40
1.0
176
     1
  0
VISUALSTYLE
  5
1E5
102
{ACAD_REACTORS
330
EF
102
}
330
EF
100
AcDbVisualStyle
  2
OverhangOff
 70
    21
177
     3
291
     1
 70
    58
 90
        2
176
     0
 90
        2
176
     0
 90
        0
176
     0
 90
        0
176
     0
 40
0.6
176
     0
 40
30.0
176
     0
 62
     7
420
 16777215
176
     0
 90
        1
176
     0
 90
        4
176
     0
 62
     7
176
     0
 62
   257
176
     0
 90
        1
176
     0
 90
        1
176
     0
 40
1.0
176
     0
 90
        9
176
     2
 62
     7
176
     0
 40
1.0
176
     0
 90
        1
176
     0
 90
        6
176
     0
 90
        2
176
     0
 62
     7
176
     0
 90
        5
176
     0
 90
        0
176
     0
 90
        0
176
     0
290
     0
176
     0
 90
        1
176
     0
 40
0.0
176
     0
 90
        0
176
     0
290
     0
176
     1
290
     1
176
     1
290
     1
176
     1
290
     0
176
     1
290
     0
176
     1
290
     0
176
     1
290
     0
176
     1
290
     0
176
     1
290
     0
176
     1
 90
       50
176
     1
 40
0.0
176
     1
 40
1.0
176
     1
 90
        0
176
     1
 62
    18
176
     1
 90
       50
176
     1
 90
        3
176
     1
 62
     5
420
      255
176
     1
290
     0
176
     1
 90
       50
176
     1
 90
       50
176
     1
 90
       50
176
     1
290
     0
176
     1
 90
       50
176
     1
 62
   256
176
     0
 40
1.0
176
     0
 90
        2
176
     1
  1
strokes_ogs.tif
176
     1
290
     0
176
     1
 40
1.0
176
     1
 40
1.0
176
     1
  0
VISUALSTYLE
  5
F9
102
{ACAD_REACTORS
330
EF
102
}
330
EF
100
AcDbVisualStyle
  2
Realistic
 70
     8
177
     3
291
     0
 70
    58
 90
        2
176
     1
 90
        3
176
     1
 90
        0
176
     1
 90
        2
176
     1
 40
0.6
176
     1
 40
30.0
176
     1
 62
     7
420
 16777215
176
     1
 90
        0
176
     1
 90
        0
176
     1
 62
     7
176
     1
 62
   257
176
     1
 90
        1
176
     1
 90
        1
176
     1
 40
1.0
176
     1
 90
        8
176
     1
 62
   257
176
     1
 40
1.0
176
     1
 90
        1
176
     1
 90
        6
176
     1
 90
        2
176
     1
 62
     7
176
     1
 90
        3
176
     1
 90
        0
176
     1
 90
        0
176
     1
290
     0
176
     1
 90
       13
176
     1
 40
0.0
176
     1
 90
        0
176
     1
290
     0
176
     1
290
     1
176
     1
290
     1
176
     1
290
     0
176
     1
290
     0
176
     1
290
     0
176
     1
290
     0
176
     1
290
     0
176
     1
290
     0
176
     1
 90
       50
176
     1
 40
0.0
176
     1
 40
1.0
176
     1
 90
        0
176
     1
 62
    18
176
     1
 90
       50
176
     1
 90
        3
176
     1
 62
     5
420
      255
176
     1
290
     0
176
     1
 90
       50
176
     1
 90
       50
176
     1
 90
       50
176
     1
290
     0
176
     1
 90
       50
176
     1
 62
   256
176
     0
 40
1.0
176
     0
 90
        2
176
     1
  1
strokes_ogs.tif
176
     1
290
     0
176
     1
 40
1.0
176
     1
 40
1.0
176
     1
  0
VISUALSTYLE
  5
1F3
102
{ACAD_REACTORS
330
EF
102
}
330
EF
100
AcDbVisualStyle
  2
Shaded
 70
    27
177
     3
291
     0
 70
    58
 90
        2
176
     1
 90
        2
176
     1
 90
        1
176
     1
 90
        2
176
     1
 40
0.6
176
     1
 40
30.0
176
     1
 62
     7
420
 16777215
176
     1
 90
        0
176
     1
 90
        4
176
     1
 62
     7
176
     1
 62
   257
176
     1
 90
        1
176
     1
 90
        1
176
     1
 40
1.0
176
     1
 90
        8
176
     1
 62
   257
176
     1
 40
1.0
176
     1
 90
        1
176
     1
 90
        6
176
     1
 90
        2
176
     1
 62
     8
420
  7895160
176
     1
 90
        3
176
     1
 90
        0
176
     1
 90
        0
176
     1
290
     0
176
     1
 90
        5
176
     1
 40
0.0
176
     1
 90
        0
176
     1
290
     0
176
     1
290
     1
176
     1
290
     1
176
     1
290
     0
176
     1
290
     0
176
     1
290
     0
176
     1
290
     0
176
     1
290
     0
176
     1
290
     0
176
     1
 90
       50
176
     1
 40
0.0
176
     1
 40
1.0
176
     1
 90
        0
176
     1
 62
    18
176
     1
 90
       50
176
     1
 90
        3
176
     1
 62
     5
420
      255
176
     1
290
     0
176
     1
 90
       50
176
     1
 90
       50
176
     1
 90
       50
176
     1
290
     0
176
     1
 90
       50
176
     1
 62
   256
176
     0
 40
1.0
176
     0
 90
        2
176
     1
  1
strokes_ogs.tif
176
     1
290
     0
176
     1
 40
1.0
176
     1
 40
1.0
176
     1
  0
VISUALSTYLE
  5
1F2
102
{ACAD_REACTORS
330
EF
102
}
330
EF
100
AcDbVisualStyle
  2
Shaded with edges
 70
    26
177
     3
291
     0
 70
    58
 90
        2
176
     1
 90
        2
176
     1
 90
        1
176
     1
 90
        2
176
     1
 40
0.6
176
     1
 40
30.0
176
     1
 62
     7
420
 16777215
176
     1
 90
        1
176
     1
 90
        2
176
     1
 62
     7
176
     1
 62
   257
176
     1
 90
        2
176
     1
 90
        1
176
     1
 40
1.0
176
     1
 90
        8
176
     1
 62
   257
176
     1
 40
1.0
176
     1
 90
        1
176
     1
 90
        6
176
     1
 90
        2
176
     1
 62
     7
176
     1
 90
        3
176
     1
 90
        0
176
     1
 90
        0
176
     1
290
     0
176
     1
 90
        5
176
     1
 40
0.0
176
     1
 90
        0
176
     1
290
     0
176
     1
290
     1
176
     1
290
     1
176
     1
290
     0
176
     1
290
     0
176
     1
290
     0
176
     1
290
     0
176
     1
290
     0
176
     1
290
     0
176
     1
 90
       50
176
     1
 40
0.0
176
     1
 40
1.0
176
     1
 90
        0
176
     1
 62
    18
176
     1
 90
       50
176
     1
 90
        3
176
     1
 62
     5
420
      255
176
     1
290
     0
176
     1
 90
       50
176
     1
 90
       50
176
     1
 90
       50
176
     1
290
     0
176
     1
 90
       50
176
     1
 62
   256
176
     0
 40
1.0
176
     0
 90
        2
176
     1
  1
strokes_ogs.tif
176
     1
290
     0
176
     1
 40
1.0
176
     1
 40
1.0
176
     1
  0
VISUALSTYLE
  5
1EF
102
{ACAD_REACTORS
330
EF
102
}
330
EF
100
AcDbVisualStyle
  2
Shades of Gray
 70
    23
177
     3
291
     0
 70
    58
 90
        2
176
     1
 90
        2
176
     1
 90
        3
176
     1
 90
        0
176
     1
 40
0.6
176
     1
 40
30.0
176
     1
 62
     7
420
 16777215
176
     1
 90
        2
176
     1
 90
        2
176
     1
 62
     7
176
     1
 62
     7
176
     1
 90
        1
176
     1
 90
        1
176
     1
 40
40.0
176
     1
 90
        8
176
     1
 62
     7
176
     1
 40
1.0
176
     1
 90
        1
176
     1
 90
        6
176
     1
 90
        2
176
     1
 62
     7
176
     1
 90
        3
176
     1
 90
        0
176
     1
 90
        0
176
     1
290
     0
176
     1
 90
        1
176
     1
 40
0.0
176
     1
 90
        0
176
     1
290
     0
176
     1
290
     1
176
     1
290
     1
176
     1
290
     0
176
     1
290
     0
176
     1
290
     0
176
     1
290
     0
176
     1
290
     0
176
     1
290
     0
176
     1
 90
       50
176
     1
 40
0.0
176
     1
 40
1.0
176
     1
 90
        0
176
     1
 62
    18
176
     1
 90
       50
176
     1
 90
        3
176
     1
 62
     5
420
      255
176
     1
290
     0
176
     1
 90
       50
176
     1
 90
       50
176
     1
 90
       50
176
     1
290
     0
176
     1
 90
       50
176
     1
 62
   256
176
     0
 40
1.0
176
     0
 90
        2
176
     1
  1
strokes_ogs.tif
176
     1
290
     0
176
     1
 40
1.0
176
     1
 40
1.0
176
     1
  0
VISUALSTYLE
  5
1F0
102
{ACAD_REACTORS
330
EF
102
}
330
EF
100
AcDbVisualStyle
  2
Sketchy
 70
    24
177
     3
291
     0
 70
    58
 90
        1
176
     1
 90
        2
176
     1
 90
        2
176
     1
 90
        0
176
     1
 40
0.6
176
     1
 40
30.0
176
     1
 62
     7
420
 16777215
176
     1
 90
        2
176
     1
 90
        2
176
     1
 62
     7
176
     1
 62
     7
176
     1
 90
        1
176
     1
 90
        1
176
     1
 40
40.0
176
     1
 90
       11
176
     1
 62
     7
176
     1
 40
1.0
176
     1
 90
        1
176
     1
 90
        6
176
     1
 90
        2
176
     1
 62
     7
176
     1
 90
        6
176
     1
 90
        0
176
     1
 90
        0
176
     1
290
     0
176
     1
 90
        1
176
     1
 40
0.0
176
     1
 90
        0
176
     1
290
     0
176
     1
290
     1
176
     1
290
     1
176
     1
290
     0
176
     1
290
     0
176
     1
290
     0
176
     1
290
     0
176
     1
290
     0
176
     1
290
     0
176
     1
 90
       50
176
     1
 40
0.0
176
     1
 40
1.0
176
     1
 90
        0
176
     1
 62
    18
176
     1
 90
       50
176
     1
 90
        3
176
     1
 62
     5
420
      255
176
     1
290
     0
176
     1
 90
       50
176
     1
 90
       50
176
     1
 90
       50
176
     1
290
     0
176
     1
 90
       50
176
     1
 62
   256
176
     0
 40
1.0
176
     0
 90
        2
176
     1
  1
strokes_ogs.tif
176
     1
290
     0
176
     1
 40
1.0
176
     1
 40
1.0
176
     1
  0
VISUALSTYLE
  5
FC
102
{ACAD_REACTORS
330
EF
102
}
330
EF
100
AcDbVisualStyle
  2
Thicken
 70
    13
177
     3
291
     1
 70
    58
 90
        2
176
     1
 90
        2
176
     1
 90
        1
176
     1
 90
        0
176
     1
 40
0.6
176
     1
 40
30.0
176
     1
 62
     7
420
 16777215
176
     1
 90
        1
176
     1
 90
        4
176
     1
 62
     7
176
     1
 62
   257
176
     1
 90
        1
176
     1
 90
        1
176
     1
 40
1.0
176
     1
 90
       12
176
     1
 62
     7
176
     1
 40
1.0
176
     1
 90
        1
176
     1
 90
        6
176
     1
 90
        2
176
     1
 62
     7
176
     1
 90
        5
176
     1
 90
        0
176
     1
 90
        0
176
     1
290
     0
176
     1
 90
        1
176
     1
 40
0.0
176
     1
 90
        0
176
     1
290
     0
176
     1
290
     1
176
     1
290
     1
176
     1
290
     0
176
     1
290
     0
176
     1
290
     0
176
     1
290
     0
176
     1
290
     0
176
     1
290
     0
176
     1
 90
       50
176
     1
 40
0.0
176
     1
 40
1.0
176
     1
 90
        0
176
     1
 62
    18
176
     1
 90
       50
176
     1
 90
        3
176
     1
 62
     5
420
      255
176
     1
290
     0
176
     1
 90
       50
176
     1
 90
       50
176
     1
 90
       50
176
     1
290
     0
176
     1
 90
       50
176
     1
 62
   256
176
     0
 40
1.0
176
     0
 90
        2
176
     1
  1
strokes_ogs.tif
176
     1
290
     0
176
     1
 40
1.0
176
     1
 40
1.0
176
     1
  0
VISUALSTYLE
  5
F6
102
{ACAD_REACTORS
330
EF
102
}
330
EF
100
AcDbVisualStyle
  2
Wireframe
 70
     5
177
     3
291
     0
 70
    58
 90
        0
176
     1
 90
        2
176
     1
 90
        0
176
     1
 90
        0
176
     1
 40
0.6
176
     1
 40
30.0
176
     1
 62
     7
420
 16777215
176
     1
 90
        1
176
     1
 90
        4
176
     1
 62
     7
176
     1
 62
   257
176
     1
 90
        1
176
     1
 90
        1
176
     1
 40
1.0
176
     1
 90
        0
176
     1
 62
   257
176
     1
 40
1.0
176
     1
 90
        1
176
     1
 90
        6
176
     1
 90
        2
176
     1
 62
     7
176
     1
 90
        3
176
     1
 90
        0
176
     1
 90
        0
176
     1
290
     0
176
     1
 90
        1
176
     1
 40
0.0
176
     1
 90
        0
176
     1
290
     0
176
     1
290
     1
176
     1
290
     1
176
     1
290
     0
176
     1
290
     0
176
     1
290
     0
176
     1
290
     0
176
     1
290
     0
176
     1
290
     0
176
     1
 90
       50
176
     1
 40
0.0
176
     1
 40
1.0
176
     1
 90
        0
176
     1
 62
    18
176
     1
 90
       50
176
     1
 90
        3
176
     1
 62
     5
420
      255
176
     1
290
     0
176
     1
 90
       50
176
     1
 90
       50
176
     1
 90
       50
176
     1
290
     0
176
     1
 90
       50
176
     1
 62
   256
176
     0
 40
1.0
176
     0
 90
        2
176
     1
  1
strokes_ogs.tif
176
     1
290
     0
176
     1
 40
1.0
176
     1
 40
1.0
176
     1
  0
VISUALSTYLE
  5
1F1
102
{ACAD_REACTORS
330
EF
102
}
330
EF
100
AcDbVisualStyle
  2
X-Ray
 70
    25
177
     3
291
     0
 70
    58
 90
        2
176
     1
 90
        2
176
     1
 90
        1
176
     1
 90
        1
176
     1
 40
0.5
176
     1
 40
30.0
176
     1
 62
     7
420
 16777215
176
     1
 90
        1
176
     1
 90
        0
176
     1
 62
     7
176
     1
 62
   257
176
     1
 90
        1
176
     1
 90
        1
176
     1
 40
1.0
176
     1
 90
        8
176
     1
 62
     7
176
     1
 40
1.0
176
     1
 90
        1
176
     1
 90
        6
176
     1
 90
        2
176
     1
 62
     7
176
     1
 90
        3
176
     1
 90
        0
176
     1
 90
        0
176
     1
290
     0
176
     1
 90
       13
176
     1
 40
0.0
176
     1
 90
        0
176
     1
290
     0
176
     1
290
     1
176
     1
290
     1
176
     1
290
     0
176
     1
290
     0
176
     1
290
     0
176
     1
290
     0
176
     1
290
     0
176
     1
290
     0
176
     1
 90
       50
176
     1
 40
0.0
176
     1
 40
1.0
176
     1
 90
        0
176
     1
 62
    18
176
     1
 90
       50
176
     1
 90
        3
176
     1
 62
     5
420
      255
176
     1
290
     0
176
     1
 90
       50
176
     1
 90
       50
176
     1
 90
       50
176
     1
290
     0
176
     1
 90
       50
176
     1
 62
   256
176
     0
 40
1.0
176
     0
 90
        2
176
     1
  1
strokes_ogs.tif
176
     1
290
     0
176
     1
 40
1.0
176
     1
 40
1.0
176
     1
  0
DICTIONARYVAR
  5
1E31
102
{ACAD_REACTORS
330
1E30
102
}
330
1E30
100
DictionaryVariables
280
     0
  1
2
  0
DICTIONARYVAR
  5
1E32
102
{ACAD_REACTORS
330
1E30
102
}
330
1E30
100
DictionaryVariables
280
     0
  1
2.500000
  0
DICTIONARYVAR
  5
1E33
102
{ACAD_REACTORS
330
1E30
102
}
330
1E30
100
DictionaryVariables
280
     0
  1
1
  0
DICTIONARYVAR
  5
1E34
102
{ACAD_REACTORS
330
1E30
102
}
330
1E30
100
DictionaryVariables
280
     0
  1
1:1
  0
DICTIONARYVAR
  5
1E35
102
{ACAD_REACTORS
330
1E30
102
}
330
1E30
100
DictionaryVariables
280
     0
  1
STANDARD
  0
DICTIONARYVAR
  5
1E36
102
{ACAD_REACTORS
330
1E30
102
}
330
1E30
100
DictionaryVariables
280
     0
  1
STANDARD
  0
DICTIONARYVAR
  5
1E37
102
{ACAD_REACTORS
330
1E30
102
}
330
1E30
100
DictionaryVariables
280
     0
  1
Metric50
  0
DICTIONARYVAR
  5
1E38
102
{ACAD_REACTORS
330
1E30
102
}
330
1E30
100
DictionaryVariables
280
     0
  1
Metric50
  0
DICTIONARYVAR
  5
1E39
102
{ACAD_REACTORS
330
1E30
102
}
330
1E30
100
DictionaryVariables
280
     0
  1
-1
  0
DICTIONARYVAR
  5
1E3A
102
{ACAD_REACTORS
330
1E30
102
}
330
1E30
100
DictionaryVariables
280
     0
  1
1
  0
DICTIONARYVAR
  5
1E3B
102
{ACAD_REACTORS
330
1E30
102
}
330
1E30
100
DictionaryVariables
280
     0
  1
S-DIM
  0
DICTIONARYVAR
  5
1E3C
102
{ACAD_REACTORS
330
1E30
102
}
330
1E30
100
DictionaryVariables
280
     0
  1
0
  0
DICTIONARYVAR
  5
1E3D
102
{ACAD_REACTORS
330
1E30
102
}
330
1E30
100
DictionaryVariables
280
     0
  1
1
  0
DICTIONARYVAR
  5
1E3E
102
{ACAD_REACTORS
330
1E30
102
}
330
1E30
100
DictionaryVariables
280
     0
  1
1
  0
DICTIONARYVAR
  5
1E3F
102
{ACAD_REACTORS
330
1E30
102
}
330
1E30
100
DictionaryVariables
280
     0
  1
1
  0
DICTIONARYVAR
  5
1E40
102
{ACAD_REACTORS
330
1E30
102
}
330
1E30
100
DictionaryVariables
280
     0
  1
BYLAYER
  0
DICTIONARYVAR
  5
1E41
102
{ACAD_REACTORS
330
1E30
102
}
330
1E30
100
DictionaryVariables
280
     0
  1
ERSS - BATCH2 WALER
  0
DICTIONARYVAR
  5
1E42
102
{ACAD_REACTORS
330
1E30
102
}
330
1E30
100
DictionaryVariables
280
     0
  1
0.000000;0.000000
  0
DICTIONARYVAR
  5
1E43
102
{ACAD_REACTORS
330
1E30
102
}
330
1E30
100
DictionaryVariables
280
     0
  1
85
  0
DICTIONARYVAR
  5
1E44
102
{ACAD_REACTORS
330
1E30
102
}
330
1E30
100
DictionaryVariables
280
     0
  1
0
  0
DICTIONARYVAR
  5
1E45
102
{ACAD_REACTORS
330
1E30
102
}
330
1E30
100
DictionaryVariables
280
     0
  1
0
  0
DICTIONARYVAR
  5
1E46
102
{ACAD_REACTORS
330
1E30
102
}
330
1E30
100
DictionaryVariables
280
     0
  1
0
  0
DICTIONARYVAR
  5
1E47
102
{ACAD_REACTORS
330
1E30
102
}
330
1E30
100
DictionaryVariables
280
     0
  1
2
  0
DICTIONARYVAR
  5
1E49
102
{ACAD_REACTORS
330
1E30
102
}
330
1E30
100
DictionaryVariables
280
     0
  1
1.000000
  0
DICTIONARYVAR
  5
1E4A
102
{ACAD_REACTORS
330
1E30
102
}
330
1E30
100
DictionaryVariables
280
     0
  1
1
  0
DICTIONARYVAR
  5
1E4B
102
{ACAD_REACTORS
330
1E30
102
}
330
1E30
100
DictionaryVariables
280
     0
  1
1.000000
  0
DICTIONARYVAR
  5
1E4C
102
{ACAD_REACTORS
330
1E30
102
}
330
1E30
100
DictionaryVariables
280
     0
  1
2
  0
DICTIONARYVAR
  5
1E4D
102
{ACAD_REACTORS
330
1E30
102
}
330
1E30
100
DictionaryVariables
280
     0
  1
1
  0
DICTIONARYVAR
  5
1E4E
102
{ACAD_REACTORS
330
1E30
102
}
330
1E30
100
DictionaryVariables
280
     0
  1
0
  0
DICTIONARYVAR
  5
1E4F
102
{ACAD_REACTORS
330
1E30
102
}
330
1E30
100
DictionaryVariables
280
     0
  1

  0
DICTIONARYVAR
  5
1E50
102
{ACAD_REACTORS
330
1E30
102
}
330
1E30
100
DictionaryVariables
280
     0
  1
127
  0
DICTIONARYVAR
  5
47F
330
47E
100
DictionaryVariables
280
     0
  1
1.4.4 @ 2026-10-06T01:23:43.327693+00:00
  0
DICTIONARY
  5
205
330
22
100
AcDbDictionary
280
     1
281
     1
  0
DICTIONARY
  5
1F9
330
ED
100
AcDbDictionary
280
     1
281
     1
  3
FBXASSET
360
1FA
  0
DICTIONARY
  5
1F7
330
EC
100
AcDbDictionary
280
     1
281
     1
  3
FBXASSET
360
1F8
  0
DICTIONARY
  5
173
330
EE
100
AcDbDictionary
280
     1
281
     1
  3
BUMPTILE
360
175
  3
DIFFUSETILE
360
174
  3
FBXASSET
360
1FB
  3
OPACITYTILE
360
176
  3
REFLECTIONTILE
360
177
  0
DICTIONARY
  5
162
330
7F
100
AcDbDictionary
280
     1
281
     1
  3
ACAD_ROUNDTRIP_2008_TABLESTYLE_CELLSTYLEMAP
360
1EAB
  0
XRECORD
  5
1FA
102
{ACAD_REACTORS
330
1F9
102
}
330
1F9
100
AcDbXrecord
280
     1
 70
     1
 90
429727718
  1
D62C5603-E3A1-4AEA-B7FB-FE5D8D0755AF
310
504B03040A0000080000CC70623B3DEE336E79000000790000001B0000006175746F6465736B2D64657369676E2D7061636B6167652E786D6C3C3F786D6C2076657273696F6E3D22312E302220656E636F64696E673D227574662D3822203F3E3C666F726D6174733E3C666F726D61743E687474703A2F2F736368656D612E
310
6175746F6465736B2E636F6D2F64657369676E2D7061636B6167652F323030393C2F666F726D61743E3C2F666F726D6174733E504B0304140006080800CC70623BD486FD9CA0000000F4000000130000005B436F6E74656E745F54797065735D2E786D6C7D8EC10E82300C865F65E91D8A1E8C310C0EEA1BF002731658846E
310
D98AC1B77784ABF1D8FE5FBFBF75BBCE937A534CCEB38643598122B6FEE978D0B0485F9C41B54DDD7D022595594E1A469170414C76A4D9A4D207E29CF43ECE46F218070CC6BECC4078ACAA135ACF422C856C0E68EA1BF5669944DDD7BCDE7B1F8E415D77AECB980613C2E4AC91FC167A2B244592486606FC29C8FD7F045B9A
310
EF7053A7E60B504B0304140006080800CC70623B853B8169EB0000007C01000008000000636F72652E786D6C8D90416EC3201045AF62CDB6C206821CC7C244919D9CA01740401C94182C03558F5F9C3852BBEB6A467FFE9B197D7EFC9E1EC5975982F5AE035262288C535E5B377690E21535501C055FBC8FBF6C503839990E
310
5619041F179FE64D52DE45E362569DD7661365082642A11EB9E920A89B99642953CC8E702F67A9EE7234257977194EC9EAE275C4EABCCF5EAD5940D4AC6F0E35A568B8F43562CD7046CD199FD07E60174276A7BE677B5EADB0E0D14EEFFB6A31321A0D82627C4084204C3F096B71DD52F6819B16635EADF63F509AF53FA164
310
5DDCD1EDDD17164090FCC8732078B56691CB33A85CD7DCC40F504B0304140006080800CC70623B55019EA25F0000007C00000007000000636E782E786D6C4DCB3B0E80201045D1AD90E915ED2CF8AC45050C11660C8261F98AB1B07AC9C97D42D718D865D3E909258CFD00CCE24AC6E326A164D74DC0B4128928FF32603847
310
2BA13128B1252AC747C6BAB984FC68F0B87FE8960A5C09FE86CFB69FBA01504B0304140006080800CC70623BDBABAAF470010000D40300000C0000006662782F636F72652E786D6CC553D16E823014FD95A6AF4B694182CC941A83FA05FB810A9511A125A5257EFE2E82712ECEB8A7F100CD39F7F69E734AF9FADC366850B6
310
AF8DCE7018308C942E4C59EB2AC3DE1D498AD15A706B8CFB56869196ADCAF00863C12B6B7C374385D14E6907A836A59A41D9F7CA615434B0C8705F7CAA5606D23BA8E84F41278B93AC54100640439DE0BDB320004D43C63716C7C399D30917DCFBBA9CD9BA8469F5B156168B24CED3F7248AC8769F27244EB73B92EED8862C
310
B7F13E0C179B3C8F979C8ECD82BBBABDAA2BAC924E9558448CBD9330242CFA08E3154B5651FCC6D215639C8EE5774DBE2B5F6CF2B5768B68963BB5F5588420E442FC700B1139D4CB01F450C1E918227C2E09DF070D8140C84E1E9AAB8F1340832A9CB13130A5F1376A908D57309505ECF2A0DF179C4E9D30F5B239B87E3823
310
7A79C6F31DE1A8A5AEC08474B03C7837EAE4938639B44E5932B833D2C6B6B279CDC613877FA26EE21F4A2A4C63EC7F29A2F301D1F9F7A0E37D145F504B0304140006080800CC70623B9C113CC27E0000009D0000000B0000006662782F636E782E786D6C4DCCDF0A83201C86E15B91DFB94BFB330DD428C8FB886521330DA7
310
6397BF1A1DECE883878F57749FCDA1B7892F1BBC047A23808C7F84D9FA55424E0BE6803A256208E9EF06C84F9B91703228B1C690F78B66B34CD9A5439DF5CF0BFBF65E35BCA1B8D6A5C6F540381E886698B5741C695F9503EBA150A2F8958E3DC3EA0B504B0304140006080800CC70623B7DF2F77C2A010000120200003100
310
00006662782F41393633353835312D344632462D344230382D423046372D3739314545314133324237412F636F72652E786D6C8D51DB8EC22014FC15C2939B0D2DB4B45643319AE817EC0F6041255A68B86CFCFC856D4D76DF7CE190393373060EDB3DC707F856CE6B6B7A480A0C81328395DA5C7B18C3057510EC3873D686
310
3F34088C18550F330C39BB3A1BA7051AAC09CA84841A2BD5020AEF55806078A44B0FFD7053A328440C89E1EFC52486BBB8AA8214A99D789CF9E05200300FC927E4FB4D5B375D43103D5527440FB843077C5AA3F5861C8F645F5787F59E95B390B318B55CE45AA638FAA2957BD7248B390B7A7CC51F9C124149C82B8C378810
310
84AB2F42B7B8DD56F413775B8C5999E9FF4471926F8AA236A1AE96B8B3CC434E5839373893369E1FAF30EA395917409EB7F26AF8801C171837A4A6AC9C89E9F9C9B1A58BA30FD6A5EF5DDDCF894B9AD9B6A59C957943A9FCAE2FD5BC4DFE03504B0304140006080800CC70623BAD7543B64E01000033030000300000006662
310
782F41393633353835312D344632462D344230382D423046372D3739314545314133324237412F636E782E786D6CD593CD6EC32010845F0571AD6CE3D48AD20813A9873E410FBD12D82434182C7EAAE6EDBB2424CD25871E7B41D6EC30B3FA84F9E67BB2E40B4234DE8DB46F1925E094D7C6ED479AD3AE5951B2113C789FEE
310
6C943839C1488B4C05DF079FE72A69D8C96C13AAD6B8631503449F83828872B949AC57D26200B826A308D316B4064D6E46FCDA41C05550DC9E483A00797BFD207EFB092A45DE9514C1BBD22178396BD39D891265658C238DEA00936C654E5E433CB65A26D9F6EDB5EBC14EBF49A45CB856E66048291F6939A9A81BB5C89177
310
38143CA680F4AA299D66A042CEB3354A2684DC9D8D178FE0D9B8B41CAAD720F880EE7EF93C0C18769E099ECC04D5A102C8049A8A05632F4DDF376CF1DE0F6BB65C2F8627B65A33C6BB62177CEBBDAD973006829F89F22E814B54F4BC2BE347F8AA8F681390B50FA73F804400B5F542E796F19FF974E7F78DB802FE05E20750
310
4B0304140006080800CC70623BE75B7789680500003C100000340000006662782F41393633353835312D344632462D344230382D423046372D3739314545314133324237412F6F626A656374732E786D6CAD575B8F9B3818FD2B887D06C22499CB8AA1CA655245D5B455A356FB305264C061D8018C6C3393D95FBFC7600890
310
A4CD5EF210B0B1BFEBF98E3F7B1FF6596ABC522E1296DF9BAE3D320D9A872C4AF2F8DE2CE5CEBA358D0FBEC719939D65A691938CDE9B6ADAF4BD98B3B2D05311DD91329583D9D5FC0F438434A7A611A644887B5384CF34233629258BA878B12322891DEFF6B66BD70BFB62634E8AE781D082709A4B588AF91C528CDA28B73F
310
1C998EEF39EABBEFA97FBD6A7C7E9553F9D3D79FE442923C3C523610337627CB87ABE99D359D4CC6D6E4FACAB5E6ABF9D2726FC6A3C5F56271377BB88362213924694B38DD99FE47C48627A1E7D49F5A8BB5E1A74C0A599ED3B0F21F1E56366B89112D681E218F0915D0D6F17AD41FBA2A369DCF6335D62ABBD39779D5DDD1
310
11D4D8DE3CBB96B2E04FB8202E41051754A1AA8E8F76B4C6DFE810B580B1547F4B84911149794252234D024EF8BBE963A95AE27B3D310A9D5C215C7960FAEE415ED75694C6AFB17BCACA5D99A60A9AA65F217B0BFC53292ACB92BF283FAD0D3621576592CB5BED907C2FA8E9DF794E35E97BEA31BED21FEB401ABB94C44839
310
DCACBF0E1C5DA8DA5B2F4DFFD32AD86F543D9E565E7056502E157C00AD2671CD534549AB752FCA9CDA00677A313F04E51B22FF19E57B300579E3C97EB29F682D92935CEC18CF901B7B54FD8C51F362B56FC72FE0B3C1EAE335EDCCBF5AEC39ADB17DC238973F804BA5E6F6BFE7AF1FB32E523BE9F3BD571418E3631DCA4D48
310
5250CF639223210A9446CA30052EDF057BD35F8329C1ECD84552BF0DC8D18BE7BCE23BFE6BD960AB4A7DE79923A103BEBD80F911CBAA2C60DB19B01CF164A5583B772EE6D3FFA56666CBCDA74DC97724A48F9A58967497E489C4D979006FD7A05E227A1EBDD0F737C623387A9C844D3709995625106D157315F8B8392CD4E0
310
A0B9A720C4BE9829CEF37EA1E13111214D53925356365ADA634861B52519DD27A00AEB808EAF0628E6F435519D446F45CF2C9CF5214F0A15B2F6D06B79DA3EE3CBF7F56780D2F4E7EF73A0F5E5B02A38D07DC852C6B7C1FBB6664213E0C39E3EBA7FF4E1AD23EA2829407C85E586727488B751B2DB9502BC7B228A3FD68B6E
310
A65A22397E690AA8D158D7E404EC8CDA235CC3B7D1898680131CEC2CDF2638C65196279577750F15884AEE19F94199155B92B13297978469D4F8D358DF0AEF7631E28DC8F0D9F437D5D39A83B2231A1D52D543813A824EF8D44BCFF2FA6A31BD1E8DAD87F1CCB526B3879935BF59CDADD5C37479BB1CDD4CA7B3556B516589
310
EF352754B706114D9C885EC9131DE6EFEB43D99AFE2391C2F958179413D7CFEF6B1B6DB1E7600F00DE6E5C67454A339A4BA2E0FBA85ED26F045D454F463DBFCE484C2F90F2E5E3666003662ED8F755951A7D1BECD5B30B550B2785C8E7320B7292A4838DDA71BBC863ED7613CAF659337A3354231D4FF4A182A54904C2898C
310
98B28C4AD0CE056CCF332A80986E571EE9DBC305BB5FEB7E509220A58D25CF042D712A806AC0AD0C657FDEF80D2D9CEAA2EE4D1C76F60BFE74219A06527D6F82DF6412526107381E55E353090704D085B52408A8913C4ED159D79BDA71BB4BC506F4831350EB6F975CD22D69BF7AC49B91A2C0A9DDA3D5CA36AD20FC478E37
310
E61844E2352865EBCB61A275A65283CAAA9DD27703B4102F5AF51EF5F573B75CBB5AD38BC845F7A49F82A0966A49C2E3EA5EA0ECD326CD965F1DB402C6FA8B51A4658C5C5E2EC9E214602E55810345408596591009A82E7E7FFACA19EEA299B14A0081A705CB3296EBC14CDF658DCD336EA6D1136881AAEB87B81AB9EE53D5
310
F5EB8BC8362082DA24122F98680A4E7930C01A0079749CEA14382A0783E5EBA5A10F8C098456A03D6A4AEB6BB881E2513747552A5DB22C7EDAF83BD5528081A365F7FF06504B0304140006080000CC70623B000000000000000000000000350000006662782F41393633353835312D344632462D344230382D423046372D37
310
39314545314133324237412F76657274696365732E62696E504B0304140006080800CC70623BF270F1330600000004000000360000006662782F41393633353835312D344632462D344230382D423046372D3739314545314133324237412F747269616E676C65732E62696E636660600000504B0304140006080000CC7062
310
3B000000000000000000000000370000006662782F41393633353835312D344632462D344230382D423046372D3739314545314133324237412F617474726962757465732E62696E504B0304140006080800CC70623B08DA0BD19000000041010000360000006662782F41393633353835312D344632462D344230382D4230
310
46372D3739314545314133324237412F6469726563746F72792E786D6C858F410AC3201045AF22B36F53E9A60B35CBEEBAE80D244E44489C6234F4F835464A48035D0DF398FF9F8AF63D0E6CC63039F212F8F9020C7D47C6792B21C5FE7403D62A1188E2E60C98D7234A5830286103A55745067B9D86B8A3CF9C7F90C11DE6
310
07FB144396D7B6A82D282E9A152AD114D5EF2CB866EEE831B8EEA07A7BB5A8D7D61A2BAAEB7FD5F70921FF497D00504B0304140006080800CC70623BEDD1DC58FD000000A00100003B0000006662782F41393633353835312D344632462D344230382D423046372D3739314545314133324237412F7265736F75726365732F
310
636F72652E786D6C8D504B6E833010BD0A9A6D65B00922041947112427E8052C33A156828DFCA97AFC9A40A576D7CDCCE87D344F8F9FBFE667F689CE6B6B3A6039850C8DB2A336530731DC4903D95970676DF82583CCC8193B5861107C72362E3BA4AC096842428D1D7107A5F7182053CF7474E0D507CE32973124857FE48B
310
540F3961CEF244279DE03EB81420DB9EAC1384436FA353E879B1B182C7A8C75DA3C7F453DF353A1075D537A7BA6464B8F535A99AE14A9A2BBD90E350DD183B5CFABE3AF262350B1EF4FC9351399401471025A527C218A1E53BAB5A5AB765F5469B96525EACF23FA6B88CFF34456DC2A1DCE36E360F82A5202F42F062ED2BAD
310
579969AFDD8A6F504B010214000A0000080000CC70623B3DEE336E79000000790000001B00000000000000000000000000000000006175746F6465736B2D64657369676E2D7061636B6167652E786D6C504B01021400140006080800CC70623BD486FD9CA0000000F40000001300000000000000000000000000B20000005B
310
436F6E74656E745F54797065735D2E786D6C504B01021400140006080800CC70623B853B8169EB0000007C010000080000000000000000000000000083010000636F72652E786D6C504B01021400140006080800CC70623B55019EA25F0000007C000000070000000000000000000000000094020000636E782E786D6C504B
310
01021400140006080800CC70623BDBABAAF470010000D40300000C00000000000000000000000000180300006662782F636F72652E786D6C504B01021400140006080800CC70623B9C113CC27E0000009D0000000B00000000000000000000000000B20400006662782F636E782E786D6C504B01021400140006080800CC70
310
623B7DF2F77C2A010000120200003100000000000000000000000000590500006662782F41393633353835312D344632462D344230382D423046372D3739314545314133324237412F636F72652E786D6C504B01021400140006080800CC70623BAD7543B64E010000330300003000000000000000000000000000D2060000
310
6662782F41393633353835312D344632462D344230382D423046372D3739314545314133324237412F636E782E786D6C504B01021400140006080800CC70623BE75B7789680500003C10000034000000000000000000000000006E0800006662782F41393633353835312D344632462D344230382D423046372D3739314545
310
314133324237412F6F626A656374732E786D6C504B01021400140006080000CC70623B0000000000000000000000003500000000000000000000000000280E00006662782F41393633353835312D344632462D344230382D423046372D3739314545314133324237412F76657274696365732E62696E504B01021400140006
310
080800CC70623BF270F133060000000400000036000000000000000000000000007B0E00006662782F41393633353835312D344632462D344230382D423046372D3739314545314133324237412F747269616E676C65732E62696E504B01021400140006080000CC70623B0000000000000000000000003700000000000000
310
000000000000D50E00006662782F41393633353835312D344632462D344230382D423046372D3739314545314133324237412F617474726962757465732E62696E504B01021400140006080800CC70623B08DA0BD1900000004101000036000000000000000000000000002A0F00006662782F41393633353835312D344632
310
462D344230382D423046372D3739314545314133324237412F6469726563746F72792E786D6C504B01021400140006080800CC70623BEDD1DC58FD000000A00100003B000000000000000000000000000E1000006662782F41393633353835312D344632462D344230382D423046372D3739314545314133324237412F7265
310
736F75726365732F636F72652E786D6C504B0506000000000E000E0080040000641100000000
  0
XRECORD
  5
1F8
102
{ACAD_REACTORS
330
1F7
102
}
330
1F7
100
AcDbXrecord
280
     1
 70
     1
 90
429727718
  1
30362254-06B7-45E0-A893-8CFA70E3D6BC
310
504B03040A0000080000CC70623B3DEE336E79000000790000001B0000006175746F6465736B2D64657369676E2D7061636B6167652E786D6C3C3F786D6C2076657273696F6E3D22312E302220656E636F64696E673D227574662D3822203F3E3C666F726D6174733E3C666F726D61743E687474703A2F2F736368656D612E
310
6175746F6465736B2E636F6D2F64657369676E2D7061636B6167652F323030393C2F666F726D61743E3C2F666F726D6174733E504B0304140006080800CC70623BD486FD9CA0000000F4000000130000005B436F6E74656E745F54797065735D2E786D6C7D8EC10E82300C865F65E91D8A1E8C310C0EEA1BF002731658846E
310
D98AC1B77784ABF1D8FE5FBFBF75BBCE937A534CCEB38643598122B6FEE978D0B0485F9C41B54DDD7D022595594E1A469170414C76A4D9A4D207E29CF43ECE46F218070CC6BECC4078ACAA135ACF422C856C0E68EA1BF5669944DDD7BCDE7B1F8E415D77AECB980613C2E4AC91FC167A2B244592486606FC29C8FD7F045B9A
310
EF7053A7E60B504B0304140006080800CC70623B1EC5D7A3EB0000007C01000008000000636F72652E786D6C8D90416EC3201045AF82665B6103C6756C6122AB4D4ED00B204C5C94182C03558F5F9C3852BBEB6A467FFE9B197D71FC9E6FE8CBACC17AD7032D0820E3B41FAD9B7A48F1820F808E52ACDEC75F36404ECDA687
310
4D0629A6D5A76597B477D1B89855E747B38B2A041301E95B6E7A08FAD3CCAA50296647B8168BD2573599823EBB0CA76447F43862C7BCCF5EAC59410E4DDD9C7973C2755553CCCFA4C603E3040F1565ED3B1FDE4E432BCA0D9622DAF9795FAF464533826484B498524CD807E51D79ED187F21878E10516EF63F505AC67F42C9
310
BA58B1FDDD071640D2FCC87D2045B96591CB3DA85CB7DCE40F504B0304140006080800CC70623B55019EA25F0000007C00000007000000636E782E786D6C4DCB3B0E80201045D1AD90E915ED2CF8AC45050C11660C8261F98AB1B07AC9C97D42D718D865D3E909258CFD00CCE24AC6E326A164D74DC0B4128928FF32603847
310
2BA13128B1252AC747C6BAB984FC68F0B87FE8960A5C09FE86CFB69FBA01504B0304140006080800CC70623B8C9102E971010000D40300000C0000006662782F636F72652E786D6CC5535B6E833010BC8AE5DF0A6C08340F1947A84D4ED00B38C6A128602363A31CBFCB234A53A551FA553EC09AD9F5CE8C31DB9E9B1AF5CA
310
7695D1198E428A91D2D214952E33ECDD315861B4E5CC1AE3BE9561A445A3323CC098B3D21ADFCE9034DA29ED00D5A6503328BA4E398C640D8B0C77F253352214DE4145770A5B214FA2546114020D759C75CE8200340D19DE981F0F6746269C33EFAB6266AB02A655C74A59CCF365BADC27CB5D902ED22848F6340DF238A141
310
BE88E2F57B92BFEDF23523433367AE6A2EEAA455C2A902F398D2751045018D3FA264435F3771F242571B4A1919CA6F9A7C5B3CD9E42BED16F12C776AEB308F40C848FC700B1139D4891EF410CEC810227CC6846F8386402064270EF5C5C709A05E49676C024C61FC95EA45ED154CA5211D1FF4FB8291A913A68E9B83EBBB33
310
E2A7673CDE118E5AE8124C0807CB8377834E366998436B950D7A7746DAD846D4CFD978E0F04FD455FC5D49D2D4C6FE9722321F10997F0F32DC47FE05504B0304140006080800CC70623BFFEA85907E0000009D0000000B0000006662782F636E782E786D6C4DCCD10A83201886E15B91FFDC95D95A811AB6F23E625948A6C3
310
E9D8E5AF46073BFAE0E1E365ED67B3E8ADC3CB78C7815C7240DA3DFC64DCC221C519D7805AC182F7F1EF06C88D9BE6703008B6049F9E274D7A1E938DBB5AE3D6131B2589BA0D3D965551E0B2EA732C9B9A624AAEB41E3A557677029960D9AFB4EF11165F504B0304140006080800CC70623B4FEEA4082C0100001202000031
310
0000006662782F39464131463745442D413632322D343644302D413938332D3331353338454246344243312F636F72652E786D6C8D515B6EC32010BC0AE2AB55850DD871ED0813254D72825EC00192A2C460F1A872FC42ED48ED5F7E00CDCECCCEB26C731F6FE05B39AFADE921293004CA082BB5B9F43086336A21D870E6AC
310
0D7F68109861543DCC30E4ECE26C9C164858139409093556AA051CBC570102714B8F1E7AF1A5C6A11862480C7F2DA6415C878B2A4891CA89C7990F2E050073937C42DE1DB7E4F87ED8A36D4329AA9B3D46DBAEAD504556557BD81DEBDD0761E52CE42C462D17B996298E3E6BE59E35C962CE821E1FF18553435012728A7187
310
0841987E927A8D9B35ADDF70BBC6989599FE4F1427F9A4286A132ABAC49D651EF234CD5CE04CDA78BA3DC2A8FB645D00B9DF8B57E215725C60BCA2A463E54C4CE327C7A65E1C7DB02E7DEFCBF594B864C5CA6CDBD49C957943E9FA5D5FBAF336F90F504B0304140006080800CC70623BAD7543B64E01000033030000300000
310
006662782F39464131463745442D413632322D343644302D413938332D3331353338454246344243312F636E782E786D6CD593CD6EC32010845F0571AD6CE3D48AD20813A9873E410FBD12D82434182C7EAAE6EDBB2424CD25871E7B41D6EC30B3FA84F9E67BB2E40B4234DE8DB46F1925E094D7C6ED479AD3AE5951B2113C
310
789FEE6C943839C1488B4C05DF079FE72A69D8C96C13AAD6B8631503449F83828872B949AC57D26200B826A308D316B4064D6E46FCDA41C05550DC9E483A00797BFD207EFB092A45DE9514C1BBD22178396BD39D891265658C238DEA00936C654E5E433CB65A26D9F6EDB5EBC14EBF49A45CB856E66048291F6939A9A81BB5
310
C8917738143CA680F4AA299D66A042CEB3354A2684DC9D8D178FE0D9B8B41CAAD720F880EE7EF93C0C18769E099ECC04D5A102C8049A8A05632F4DDF376CF1DE0F6BB65C2F8627B65A33C6BB62177CEBBDAD973006829F89F22E814B54F4BC2BE347F8AA8F681390B50FA73F804400B5F542E796F19FF974E7F78DB802FE05
310
E207504B0304140006080800CC70623B16AB87BA640500003C100000340000006662782F39464131463745442D413632322D343644302D413938332D3331353338454246344243312F6F626A656374732E786D6CAD575B6FA33818FD2B887DE6924B3BED8A326A92B68A663B534DD4D13E548A0C38942D60649B369D5FBFC7
310
600890A493BDE42160637FD7F31D7FF63E6FB3D478A55C242CBF3247B66B1A340F5994E4F19559CA8D75611A9F7D8F33263BCB4C232719BD32D5B4E97B316765A1A722BA21652A07B3B7B33F0D11D29C9A46981221AE4C113ED38CD8A4942CA2E2C58E882476BCD9DA23BB5ED8171B73523C0F841684D35CC252CCE79062D4
310
468DFA43D7747CCF51DF7D4FFDEB5593E3AB9CCA9FBEFE241792E4E19EB28198C968BAB8199F5D5A67D3E9C49A9E8F47D6EC76B6B0469F26EEFC7C3EBFBCBEB98462213924694B38DD98FE1D62C393D073EA4FADC5DAF04326852CCF6958F90F0F2B9BB5C48816348F90C7840A68EB78EDF68723159BCEE7891A6B95DDE9D3
310
BCEAEEE8086A6C6F9E5D4B59F0175C10A7A0820BAA5055C7473B5AE3CFDD452D602CD5DF12616444529E90D448938013FE6EFA58AA96F85E4F8C42275708571E98FE6827AF6B2B4AE3D7D83D64E5A64C53054DD3AF90BD06FEA9149565C94FCA0F6B834DC85599E4F2423B24DF0B6AFA979E534DFA9E7A4CC6FA631D486393
310
921829879BF5D781A373557BCB85E97FB90DB62B558F8795179C15944B051F40AB495CF35451D26A4727654E6D8033BD98EF82F21D91FF8AF2DD9982BCF1643BDD4EB516C9492E368C67C88DED563FC36D5EACF66DFF057C3658BDBFA69DF9578B3DA735B64F18C7F20770A9D45CFCF7FCF563D6456A277DBEF78A02637CA2
310
43B90A490AEAB94F72244481D24819A6C0E59B606BFA4B3025981DBB48EAB701D97BF19C577CC77F2D1B6C55A9EF3C732474C0B727303F625995056C3B02963D9EAC146BE78EC5FCEC7FA999EBC5EACBAAE41B12D27B4D2C0BBA49F244E2ECDC81B76B502F113D8F5EE8FB1BE3111CDD4FC2AA9B844CAB1288B68AB90A7CDC
310
1C166AB0D3DC5310625FCC14E779BFD0709F8890A629C9292B1B2DED31A4B0DA928CEE135085754027E3018A397D4D5427D15BD1330B677DC8934285AC3DF45A9EB68FF8F2B8FC0A509AFEECFD0FF2DE25CC6047F7214B195F07EFEB9A094D800F7BFAE8FED187B78EA8A3A400F115961BCAD1215E47C966530AF0EE8128FE
310
58CEBB996A8964FFA529A046635D9353B0336A8F700DDF46271A024E70B0B37C9DE01847591E54DED53D54202AB947E4076556AC49C6CA5C9E1226B7F1A7B1BE15DEED62C41B91E1B3E9AFAAA735036547343A925075041DF0A9979E893B391F8FCFA6967B3EFB644DCF6E5CEBFAE272625DCC6FAF3FB93793C5F90CE1EF57
310
407342756B10D1C489E8953CD1617E5CEECAD6F4EF8914CE5D5D504E5C3F1F9736DA62CFC11E00BCDDB8CC8A9466349744C1F75EBDA4DF09BA8A9E8C7A7E9991989E20E5DBDD6A6003664ED8F7A04A8DBE0DF6EAD9B9AA858342E47399053949D2C146EDB85DE4B176BB0965FBAC19BD19AA918E27FA50C1D22402E144464C
310
59462568E704B6E71915404CB72B8FF4EDE184DDAF753F284990D2C6926782963815403548A70C657FDEF80D2D9CEAA2AE4C1C76F60BFE74219A06527D6582DF6412526107381E55E353090704D085B52408D0933C4ED159D79BDA71BB4BC506F4831350EB6F979CD22D69BF7AC49B91A2C0A9DDA3D5CA36AD20FC478E37E6
310
1844E2352865EBCB6EA275A652E3836BE04EFB400BF1A2556F515F1FBB35B2AB35BD889C744FFA1004B5544B121E57F70215746DD2F5E2C1412B602CBF19455AC6C8E5E9922C4E01E65215385004546899059180EAFCF7A707CE7017CD8CDB0410789AB32C63B91E5CEBBBACB17AC6CD347A022D5075FD106377347AAABA7E
310
7D11590744509B44E205134DC1290F06580320F78E537D3D73540E06CB970B431F185308AD40BBD794D6D77003C5A36E8EAA54BA64597CD8F83BD552A080A365F7FF06504B0304140006080000CC70623B000000000000000000000000350000006662782F39464131463745442D413632322D343644302D413938332D3331
310
353338454246344243312F76657274696365732E62696E504B0304140006080800CC70623BF270F1330600000004000000360000006662782F39464131463745442D413632322D343644302D413938332D3331353338454246344243312F747269616E676C65732E62696E636660600000504B0304140006080000CC70623B
310
000000000000000000000000370000006662782F39464131463745442D413632322D343644302D413938332D3331353338454246344243312F617474726962757465732E62696E504B0304140006080800CC70623B08DA0BD19000000041010000360000006662782F39464131463745442D413632322D343644302D413938
310
332D3331353338454246344243312F6469726563746F72792E786D6C858F410AC3201045AF22B36F53E9A60B35CBEEBAE80D244E44489C6234F4F835464A48035D0DF398FF9F8AF63D0E6CC63039F212F8F9020C7D47C6792B21C5FE7403D62A1188E2E60C98D7234A5830286103A55745067B9D86B8A3CF9C7F90C11DE607
310
FB144396D7B6A82D282E9A152AD114D5EF2CB866EEE831B8EEA07A7BB5A8D7D61A2BAAEB7FD5F70921FF497D00504B0304140006080800CC70623B0D6EF93BFE000000A00100003B0000006662782F39464131463745442D413632322D343644302D413938332D3331353338454246344243312F7265736F75726365732F63
310
6F72652E786D6C8D50596E833010BD0A9ADFCA60B334011947A8694ED00B586642AC041B79A97AFC9A40A5F6AF3F33A3B7689E1E3F7DCD8FEC139DD7D6F4C0720A191A65476DA61E62B892236427C19DB5E1970C322367EC618541F0C9D9B8EC90B226A009093576C41D94DE63804C3DD2D18357379C652E63480A7FCF17A9
310
EE72C29CE5894E3AC17D702940B63D59270887DE46A7D0F36263058F518FBB468FE9A7BE6A7420864373B8D4873369AA8691FA421B3294352543C5CAF65C0F6FEF43CB8BD52C78D0F34F46E550061C419494B6843142CB0F5677F4B52BEB177AEC28E5C52AFF638ACBF84F53D42654E51E77B379102C05791282176B5F693D
310
CB4C7BED567C03504B010214000A0000080000CC70623B3DEE336E79000000790000001B00000000000000000000000000000000006175746F6465736B2D64657369676E2D7061636B6167652E786D6C504B01021400140006080800CC70623BD486FD9CA0000000F40000001300000000000000000000000000B20000005B
310
436F6E74656E745F54797065735D2E786D6C504B01021400140006080800CC70623B1EC5D7A3EB0000007C010000080000000000000000000000000083010000636F72652E786D6C504B01021400140006080800CC70623B55019EA25F0000007C000000070000000000000000000000000094020000636E782E786D6C504B
310
01021400140006080800CC70623B8C9102E971010000D40300000C00000000000000000000000000180300006662782F636F72652E786D6C504B01021400140006080800CC70623BFFEA85907E0000009D0000000B00000000000000000000000000B30400006662782F636E782E786D6C504B01021400140006080800CC70
310
623B4FEEA4082C0100001202000031000000000000000000000000005A0500006662782F39464131463745442D413632322D343644302D413938332D3331353338454246344243312F636F72652E786D6C504B01021400140006080800CC70623BAD7543B64E010000330300003000000000000000000000000000D5060000
310
6662782F39464131463745442D413632322D343644302D413938332D3331353338454246344243312F636E782E786D6C504B01021400140006080800CC70623B16AB87BA640500003C1000003400000000000000000000000000710800006662782F39464131463745442D413632322D343644302D413938332D3331353338
310
454246344243312F6F626A656374732E786D6C504B01021400140006080000CC70623B0000000000000000000000003500000000000000000000000000270E00006662782F39464131463745442D413632322D343644302D413938332D3331353338454246344243312F76657274696365732E62696E504B01021400140006
310
080800CC70623BF270F133060000000400000036000000000000000000000000007A0E00006662782F39464131463745442D413632322D343644302D413938332D3331353338454246344243312F747269616E676C65732E62696E504B01021400140006080000CC70623B0000000000000000000000003700000000000000
310
000000000000D40E00006662782F39464131463745442D413632322D343644302D413938332D3331353338454246344243312F617474726962757465732E62696E504B01021400140006080800CC70623B08DA0BD190000000410100003600000000000000000000000000290F00006662782F39464131463745442D413632
310
322D343644302D413938332D3331353338454246344243312F6469726563746F72792E786D6C504B01021400140006080800CC70623B0D6EF93BFE000000A00100003B000000000000000000000000000D1000006662782F39464131463745442D413632322D343644302D413938332D3331353338454246344243312F7265
310
736F75726365732F636F72652E786D6C504B0506000000000E000E0080040000641100000000
  0
XRECORD
  5
175
102
{ACAD_REACTORS
330
173
102
}
330
173
100
AcDbXrecord
280
     1
270
     1
271
     1
  0
XRECORD
  5
174
102
{ACAD_REACTORS
330
173
102
}
330
173
100
AcDbXrecord
280
     1
270
     1
271
     1
  0
XRECORD
  5
1FB
102
{ACAD_REACTORS
330
173
102
}
330
173
100
AcDbXrecord
280
     1
 70
     0
 90
1673772943
  1
ECE7A1D2-D628-4531-984C-D00F80459256
310
504B03040A0000080000CC70623B3DEE336E79000000790000001B0000006175746F6465736B2D64657369676E2D7061636B6167652E786D6C3C3F786D6C2076657273696F6E3D22312E302220656E636F64696E673D227574662D3822203F3E3C666F726D6174733E3C666F726D61743E687474703A2F2F736368656D612E
310
6175746F6465736B2E636F6D2F64657369676E2D7061636B6167652F323030393C2F666F726D61743E3C2F666F726D6174733E504B0304140006080800CC70623BD486FD9CA0000000F4000000130000005B436F6E74656E745F54797065735D2E786D6C7D8EC10E82300C865F65E91D8A1E8C310C0EEA1BF002731658846E
310
D98AC1B77784ABF1D8FE5FBFBF75BBCE937A534CCEB38643598122B6FEE978D0B0485F9C41B54DDD7D022595594E1A469170414C76A4D9A4D207E29CF43ECE46F218070CC6BECC4078ACAA135ACF422C856C0E68EA1BF5669944DDD7BCDE7B1F8E415D77AECB980613C2E4AC91FC167A2B244592486606FC29C8FD7F045B9A
310
EF7053A7E60B504B0304140006080800CC70623BD9DDAED0EC0000007C01000008000000636F72652E786D6C8D90416EC3201045AF82665B61836D9CD8C2444DD39CA01740405C94182C03558F5F9C3852BBEB6A467FFE9B197D7EF89E6EE8CB2CC17A37002D0820E394D7D68D03A478C17B4007C117EFE32F1B20272733C0
310
2A83E0E3E2D3BC49CABB685CCCAAF3DA6CA20CC14440EA969B0182FA34932C648AD911AEC52CD5558EA6A0CF2EC329598D1E47ACCEFBECC59A050463A7EA5833865FEBDD0E37353BE3EE8DBDE3F6786A48D375FBF6CC78B9C282473B3DEFABC5C86834888A900E538A49F5419B9EB47DD5BC907D4F082F57FB1F28CDFA9F50
310
B22ED6D5F6EE030B20687EE43E10BC5CB3C8E51E54AE6B6EE207504B0304140006080800CC70623B55019EA25F0000007C00000007000000636E782E786D6C4DCB3B0E80201045D1AD90E915ED2CF8AC45050C11660C8261F98AB1B07AC9C97D42D718D865D3E909258CFD00CCE24AC6E326A164D74DC0B4128928FF326038
310
472BA13128B1252AC747C6BAB984FC68F0B87FE8960A5C09FE86CFB69FBA01504B0304140006080800CC70623BA24EB22D72010000D40300000C0000006662782F636F72652E786D6CC5535B6E833010BC8AE5DF0A6C5E49888CA3A6694ED00B38E05014B091B1518EDFE511A5A9D228FD2A1F60CDEC7A67C6986DCE4D8D7A
310
69BA4AAB0C073EC548AA5C17952A33ECECD15B61B4E1CC686DBF9561A44423333CC098B3D268D7CE50AE9595CA02AA74216750749DB418E5352C32DCE59FB211BE70162ABA93DF8AFC244AE9073ED050C759670D0840D390E18DF9F1706664C23973AE2A66B62A605A75ACA4C13C4976E1364A12EF355A2EBD384AF65EFA96
310
BC7B8BED2EA6719AAE16FB8491A199335B351775B991C2CA02F390D2D40B028F861F41BCA68B7518BFD0D59A524686F29B26D7164F36B94AD9289CE54E6D1DE6010819891F6E21228B3AD1831EC219194284CF98F06DD01008846CC5A1BEF83801D4CBDC6A1303536877A57A513B0953A94FC707FDBE6064EA84A9E3E6E0FA
310
EE8CF0E9198F7784A316AA0413C2C2F2E0ECA0934D1AE6D05A69BCDE9E91D2A611F573361E38FC1375157F5752AE6B6DFE4B11990F88CCBF0719EE23FF02504B0304140006080800CC70623B408A7D3B7C0000009D0000000B0000006662782F636E782E786D6C4DCCD10A83201886E15B91FFDC552A92A0064DBC8F581632
310
D3703A76F9ABD1C18E3E78F878E5F0D9027ABBFCF2292AE86E2D20171F69F6715550CB827B40839639A5F2770314A7CD293819B45C73AAFB45B35BA61ACAA1C1C7E7855C58C15BC331339661262CC762340413D68D77DA5B42298546CBE6573AF60CEB2F504B0304140006080800CC70623B449FB9BD290100001202000031
310
0000006662782F36394639363044362D344446342D343946362D394244322D3234314243333846323333332F636F72652E786D6C8D515B6EC32010BC0AE22B55850D98B871848994463E412FE002495162B07854397EA176A4F62F3F2C9A9D991D587EB84F37F0AD7D30CEF6905418026DA553C65E7A98E219ED203808EE9D
310
8B7F6810D871D23D2C3014FCE25D9A57483A1BB58D19B54EE9151C43D0110279CB971E06F9A5A7B11A53CC8C70ADE6515EC78BAE4895DB992778883E0700CB907242D17643D7E2538BD869608875438BBAE38922CAC8F1BDD90DB4691A5E2F42C153326A951B95E398B3D1FE599322163C9AE9115F7A3D46ADA0A018778810
310
84E907617BDCEE297BC5BB3DC6BC2EF47FA234AB2745C9D8D8D035EE220B50105E2F0DC1954B9FB747187D9F9D8FA0CCDB042D5FA0C015C65B42DF78BD10F3F3B363CB56C7109DCFDFBBB97E662ED92EB62D13BC2E1BCAE5777DB9966D8A1F504B0304140006080800CC70623BAD7543B64E01000033030000300000006662
310
782F36394639363044362D344446342D343946362D394244322D3234314243333846323333332F636E782E786D6CD593CD6EC32010845F0571AD6CE3D48AD20813A9873E410FBD12D82434182C7EAAE6EDBB2424CD25871E7B41D6EC30B3FA84F9E67BB2E40B4234DE8DB46F1925E094D7C6ED479AD3AE5951B2113C789FEE
310
6C943839C1488B4C05DF079FE72A69D8C96C13AAD6B8631503449F83828872B949AC57D26200B826A308D316B4064D6E46FCDA41C05550DC9E483A00797BFD207EFB092A45DE9514C1BBD22178396BD39D891265658C238DEA00936C654E5E433CB65A26D9F6EDB5EBC14EBF49A45CB856E66048291F6939A9A81BB5C89177
310
38143CA680F4AA299D66A042CEB3354A2684DC9D8D178FE0D9B8B41CAAD720F880EE7EF93C0C18769E099ECC04D5A102C8049A8A05632F4DDF376CF1DE0F6BB65C2F8627B65A33C6BB62177CEBBDAD973006829F89F22E814B54F4BC2BE347F8AA8F681390B50FA73F804400B5F542E796F19FF974E7F78DB802FE05E20750
310
4B0304140006080800CC70623B8D05915C650500003B100000340000006662782F36394639363044362D344446342D343946362D394244322D3234314243333846323333332F6F626A656374732E786D6CAD575B6FA33814FE2B887D06429276DA1565D4266D158D3A339A6846FB502932E050B66023DB74D2FDF5FB190C01
310
9276B2973C046C8ECFF53B17071F77456EBD502133CEAE6CDF9DD81665314F32965ED995DA3A17B6F5310C04E7AA47665B8C14F4CAD6DB7618A48257A5D94AE89654B91AEDDEDDFC61C998326A5B714EA4BCB265FC440BE2924AF184CA6737218AB8E976E7FA6E4338649B0A523E8D98964450A6A029F619B8588D52FE7039
310
B1BD30F0F4F730D0FF866AF6369557DB33949F31A9088B0F848DD8CCFCF9F2767A76E99CCDE733677E3EF59D9BBB9BA5E37F984D16E78BC5E5F5ED25044B25C0C96822E8D60EEFE11B91C581D77CEA34368A1F5329E68CD1B8B61F16D63A1B8E092D294B10C78C4A48EB593D192E7DED9BDEE7995E1B91FDEDD3ACEA9FE831
310
6A756F9F7D4D79F4274C90A7A04248AA51D5F8C718DAE06FB2F75AC4796EBE65D22A88A22223B995679120E2D50E41AA49C260C046A35368846B0BECD0DFF3EBEB8AD4F835768F69B9ADF25C43D30E6B646F807FAA64AD59F61715C7A54127C4AACA98BA3006A9D792DAE165E0D59B61A01FB3A9F9D838D2DAE62445C86166
310
F37564E842E7DE6A69879FEEA2DD5AE7E371E1A5E025154AC307D06A03D73EB5978C58FFA4C8E9033066E0F3BD53BEC1F39F91BE7B55103791EDE6BBB991A2046172CB4581D8B893FA674DDA17A77B3B7C413D1B511FD2743BFF8A38F03A658705E3ADF8015C3A3417FF3D7E439FF591DA0B5F18BC20C1B8981957AE6392A3
310
F43C640C01D1A0B4728E2DD4F26DB4B3C3152A252A3B4E913CEC1C72F012782FF88EFF8637AA552DBEF76408E8A8DE9E50F9E1CB3A2DA0DB1B6039A893B56063DC5B3E3FFB5F72E67AB9FEB4AEC496C4F4C1149625DD662C53E89D7BF0F6151A046260D1337DFDC94502430F83B0EE07A130A224BCAD7DAE1D9FB6CD422FF6
310
920702629C4BB9AE79C12F243C6432A6794E18E5552BA56B431AAB5D91317302B2B071E86C3A42B1A02F999E24061403B5D0EB639195DA655DD3EBEAB4FB862DDF579F014AD0E73C22F99E28DA57FB98E75C6CA2D74D53086D600F4786E0FE3144B771A8A7B900F03594DB8A633CBC49B2EDB69228BB479CF863B5E807AAAB
310
23872F6DFEB4129B949CA33823F58830E86D65621E10047D9DB34D862E8EAC3C2ABC2F7B2C40D67CDFE01F5545B92105AF983AC54D93D69E56FB8E797F88913F898A9FEC705D3F9D1B54EC8426FB500D40A03BD0119B06E1B95DDC7EB8F6975367793EBD70E66733DFB9BC982F9CE564727731999F5D4ECFCE3B8D6A4DC2A0
310
6D50FD148437D110834A64C6CDDF57FBACB5C307A2A477DFE4939736CFEF2B175371E0E10CF0DD1D5C15654E0BCA14D1E87DD02FF93782A162C0A3D95F1524A52770F972BF1EE9809D13CE7DD599467F8ECE9ADD85CE85A34CD45355448C64F9E8A031DC2D596ACC6E5DD93D9B82DE2EF5CAF81363A8E47996A0DE24564A79
310
4115AACE09C55E14540231FDA13C319787134EBF34E3A022514E5B4D9E0826E25C02D5805B15ABE1BEF51B26383D445DD9E875EE33FE4C22DA16427D65A3BCA92CA6D28DD01DF5DC53330704308475351050232CCD31583787BA75774AFB06E5070DD0C8EF484E19968C5D83BA5B90B244D31E54D55A372320FE4786B7EA58
310
44E135AA5467CB7EA333A61683CC6A8C3257034C10CF46F40EF9F5BE59BE5BD30C3C72D235E95D10345C1D45445A5F0BB47E46A5EBE5570F9380B5FA629579952296A773720405982B9DE04011506178964401AA8BDF1FBF0A8EAB6861DD6580C0E38217056766716DAEB2D6FA0917D3E4116581EADB879C4E7CFFB11EFACD
310
3D641311495D92C8676CB409A72D18610D803CE8A626049E8EC1887CB5B44CC39883690DDA8399B4B9855B481E7D71D4A9D22F96E5BB73BF5793020C02137BF837504B0304140006080000CC70623B000000000000000000000000350000006662782F36394639363044362D344446342D343946362D394244322D32343142
310
43333846323333332F76657274696365732E62696E504B0304140006080800CC70623BF270F1330600000004000000360000006662782F36394639363044362D344446342D343946362D394244322D3234314243333846323333332F747269616E676C65732E62696E636660600000504B0304140006080000CC70623B0000
310
00000000000000000000370000006662782F36394639363044362D344446342D343946362D394244322D3234314243333846323333332F617474726962757465732E62696E504B0304140006080800CC70623B08DA0BD19000000041010000360000006662782F36394639363044362D344446342D343946362D394244322D
310
3234314243333846323333332F6469726563746F72792E786D6C858F410AC3201045AF22B36F53E9A60B35CBEEBAE80D244E44489C6234F4F835464A48035D0DF398FF9F8AF63D0E6CC63039F212F8F9020C7D47C6792B21C5FE7403D62A1188E2E60C98D7234A5830286103A55745067B9D86B8A3CF9C7F90C11DE607FB14
310
4396D7B6A82D282E9A152AD114D5EF2CB866EEE831B8EEA07A7BB5A8D7D61A2BAAEB7FD5F70921FF497D00504B0304140006080800CC70623BCA768048FE000000A00100003B0000006662782F36394639363044362D344446342D343946362D394244322D3234314243333846323333332F7265736F75726365732F636F72
310
652E786D6C8D50596E833010BD0A9ADFCA60D600328E9AA639412F609909B1126CE4A5EAF16B0295DABFFECC8CDEA2797AECF8353F924FB44E193D409E5248504B332A3D0D10FC95B4901C39B3C6F85F3248B49871801506CE266BC2B243D2688FDA47549B11775038871E12F988C7004EDE7016A9083E2ADC3D5D84BC8B09
310
D33C8D74D471E6BC8D0192EDC93A815B742658898E651BCB59086ADC356A8C3FD555A1055ED7E7E254D615792D0F075295F585746FF53B694EE78A565DD736979A65AB9933AFE69F8CD2A2F038022F28ED489E135A7CE4554F9BBEA85E68DB53CAB255FEC71496F19FA6A0B42F8B3DEE6673C0F318E4497096AD7DC5F52C33
310
EEB55BFE0D504B010214000A0000080000CC70623B3DEE336E79000000790000001B00000000000000000000000000000000006175746F6465736B2D64657369676E2D7061636B6167652E786D6C504B01021400140006080800CC70623BD486FD9CA0000000F40000001300000000000000000000000000B20000005B436F
310
6E74656E745F54797065735D2E786D6C504B01021400140006080800CC70623BD9DDAED0EC0000007C010000080000000000000000000000000083010000636F72652E786D6C504B01021400140006080800CC70623B55019EA25F0000007C000000070000000000000000000000000095020000636E782E786D6C504B0102
310
1400140006080800CC70623BA24EB22D72010000D40300000C00000000000000000000000000190300006662782F636F72652E786D6C504B01021400140006080800CC70623B408A7D3B7C0000009D0000000B00000000000000000000000000B50400006662782F636E782E786D6C504B01021400140006080800CC70623B
310
449FB9BD290100001202000031000000000000000000000000005A0500006662782F36394639363044362D344446342D343946362D394244322D3234314243333846323333332F636F72652E786D6C504B01021400140006080800CC70623BAD7543B64E010000330300003000000000000000000000000000D20600006662
310
782F36394639363044362D344446342D343946362D394244322D3234314243333846323333332F636E782E786D6C504B01021400140006080800CC70623B8D05915C650500003B10000034000000000000000000000000006E0800006662782F36394639363044362D344446342D343946362D394244322D32343142433338
310
46323333332F6F626A656374732E786D6C504B01021400140006080000CC70623B0000000000000000000000003500000000000000000000000000250E00006662782F36394639363044362D344446342D343946362D394244322D3234314243333846323333332F76657274696365732E62696E504B010214001400060808
310
00CC70623BF270F13306000000040000003600000000000000000000000000780E00006662782F36394639363044362D344446342D343946362D394244322D3234314243333846323333332F747269616E676C65732E62696E504B01021400140006080000CC70623B00000000000000000000000037000000000000000000
310
00000000D20E00006662782F36394639363044362D344446342D343946362D394244322D3234314243333846323333332F617474726962757465732E62696E504B01021400140006080800CC70623B08DA0BD190000000410100003600000000000000000000000000270F00006662782F36394639363044362D344446342D
310
343946362D394244322D3234314243333846323333332F6469726563746F72792E786D6C504B01021400140006080800CC70623BCA768048FE000000A00100003B000000000000000000000000000B1000006662782F36394639363044362D344446342D343946362D394244322D3234314243333846323333332F7265736F
310
75726365732F636F72652E786D6C504B0506000000000E000E0080040000621100000000
  0
XRECORD
  5
176
102
{ACAD_REACTORS
330
173
102
}
330
173
100
AcDbXrecord
280
     1
270
     1
271
     1
  0
XRECORD
  5
177
102
{ACAD_REACTORS
330
173
102
}
330
173
100
AcDbXrecord
280
     1
270
     1
271
     1
  0
CELLSTYLEMAP
  5
1EAB
102
{ACAD_REACTORS
330
162
102
}
330
162
100
AcDbCellStyleMap
 90
        3
300
CELLSTYLE
  1
TABLEFORMAT_BEGIN
 90
        5
170
     1
 91
        0
 92
    32768
 62
   257
 93
        1
300
CONTENTFORMAT
  1
CONTENTFORMAT_BEGIN
 90
        0
 91
        0
 92
      512
 93
        0
300

 40
0.0
140
1.0
 94
        5
 62
     0
340
11
144
6.0
309
CONTENTFORMAT_END
171
     1
301
MARGIN
  1
CELLMARGIN_BEGIN
 40
1.5
 40
1.5
 40
1.5
 40
1.5
 40
0.18
 40
0.18
309
CELLMARGIN_END
 94
        6
 95
        1
302
GRIDFORMAT
  1
GRIDFORMAT_BEGIN
 90
        0
 91
        1
 62
     0
 92
       -2
340
14
 93
        0
 40
1.125
309
GRIDFORMAT_END
 95
        2
302
GRIDFORMAT
  1
GRIDFORMAT_BEGIN
 90
        0
 91
        1
 62
     0
 92
       -2
340
14
 93
        0
 40
1.125
309
GRIDFORMAT_END
 95
        4
302
GRIDFORMAT
  1
GRIDFORMAT_BEGIN
 90
        0
 91
        1
 62
     0
 92
       -2
340
14
 93
        0
 40
1.125
309
GRIDFORMAT_END
 95
        8
302
GRIDFORMAT
  1
GRIDFORMAT_BEGIN
 90
        0
 91
        1
 62
     0
 92
       -2
340
14
 93
        0
 40
1.125
309
GRIDFORMAT_END
 95
       16
302
GRIDFORMAT
  1
GRIDFORMAT_BEGIN
 90
        0
 91
        1
 62
     0
 92
       -2
340
14
 93
        0
 40
1.125
309
GRIDFORMAT_END
 95
       32
302
GRIDFORMAT
  1
GRIDFORMAT_BEGIN
 90
        0
 91
        1
 62
     0
 92
       -2
340
14
 93
        0
 40
1.125
309
GRIDFORMAT_END
309
TABLEFORMAT_END
  1
CELLSTYLE_BEGIN
 90
        1
 91
        1
300
_TITLE
309
CELLSTYLE_END
300
CELLSTYLE
  1
TABLEFORMAT_BEGIN
 90
        5
170
     1
 91
        0
 92
        0
 62
   257
 93
        1
300
CONTENTFORMAT
  1
CONTENTFORMAT_BEGIN
 90
        0
 91
        0
 92
      512
 93
        0
300

 40
0.0
140
1.0
 94
        5
 62
     0
340
11
144
4.5
309
CONTENTFORMAT_END
171
     1
301
MARGIN
  1
CELLMARGIN_BEGIN
 40
1.5
 40
1.5
 40
1.5
 40
1.5
 40
0.18
 40
0.18
309
CELLMARGIN_END
 94
        6
 95
        1
302
GRIDFORMAT
  1
GRIDFORMAT_BEGIN
 90
        0
 91
        1
 62
     0
 92
       -2
340
14
 93
        0
 40
1.125
309
GRIDFORMAT_END
 95
        2
302
GRIDFORMAT
  1
GRIDFORMAT_BEGIN
 90
        0
 91
        1
 62
     0
 92
       -2
340
14
 93
        0
 40
1.125
309
GRIDFORMAT_END
 95
        4
302
GRIDFORMAT
  1
GRIDFORMAT_BEGIN
 90
        0
 91
        1
 62
     0
 92
       -2
340
14
 93
        0
 40
1.125
309
GRIDFORMAT_END
 95
        8
302
GRIDFORMAT
  1
GRIDFORMAT_BEGIN
 90
        0
 91
        1
 62
     0
 92
       -2
340
14
 93
        0
 40
1.125
309
GRIDFORMAT_END
 95
       16
302
GRIDFORMAT
  1
GRIDFORMAT_BEGIN
 90
        0
 91
        1
 62
     0
 92
       -2
340
14
 93
        0
 40
1.125
309
GRIDFORMAT_END
 95
       32
302
GRIDFORMAT
  1
GRIDFORMAT_BEGIN
 90
        0
 91
        1
 62
     0
 92
       -2
340
14
 93
        0
 40
1.125
309
GRIDFORMAT_END
309
TABLEFORMAT_END
  1
CELLSTYLE_BEGIN
 90
        2
 91
        1
300
_HEADER
309
CELLSTYLE_END
300
CELLSTYLE
  1
TABLEFORMAT_BEGIN
 90
        5
170
     1
 91
        0
 92
        0
 62
   257
 93
        1
300
CONTENTFORMAT
  1
CONTENTFORMAT_BEGIN
 90
        0
 91
        0
 92
      512
 93
        0
300

 40
0.0
140
1.0
 94
        2
 62
     0
340
11
144
4.5
309
CONTENTFORMAT_END
171
     1
301
MARGIN
  1
CELLMARGIN_BEGIN
 40
1.5
 40
1.5
 40
1.5
 40
1.5
 40
0.18
 40
0.18
309
CELLMARGIN_END
 94
        6
 95
        1
302
GRIDFORMAT
  1
GRIDFORMAT_BEGIN
 90
        0
 91
        1
 62
     0
 92
       -2
340
14
 93
        0
 40
1.125
309
GRIDFORMAT_END
 95
        2
302
GRIDFORMAT
  1
GRIDFORMAT_BEGIN
 90
        0
 91
        1
 62
     0
 92
       -2
340
14
 93
        0
 40
1.125
309
GRIDFORMAT_END
 95
        4
302
GRIDFORMAT
  1
GRIDFORMAT_BEGIN
 90
        0
 91
        1
 62
     0
 92
       -2
340
14
 93
        0
 40
1.125
309
GRIDFORMAT_END
 95
        8
302
GRIDFORMAT
  1
GRIDFORMAT_BEGIN
 90
        0
 91
        1
 62
     0
 92
       -2
340
14
 93
        0
 40
1.125
309
GRIDFORMAT_END
 95
       16
302
GRIDFORMAT
  1
GRIDFORMAT_BEGIN
 90
        0
 91
        1
 62
     0
 92
       -2
340
14
 93
        0
 40
1.125
309
GRIDFORMAT_END
 95
       32
302
GRIDFORMAT
  1
GRIDFORMAT_BEGIN
 90
        0
 91
        1
 62
     0
 92
       -2
340
14
 93
        0
 40
1.125
309
GRIDFORMAT_END
309
TABLEFORMAT_END
  1
CELLSTYLE_BEGIN
 90
        3
 91
        2
300
_DATA
309
CELLSTYLE_END
  0
ENDSEC
  0
SECTION
  2
ACDSDATA
 70
     2
 71
     8
  0
ACDSSCHEMA
 90
        0
  1
AcDb_Thumbnail_Schema
  2
AcDbDs::ID
280
    10
 91
        8
  2
Thumbnail_Data
280
    15
 91
        0
101
ACDSRECORD
 95
        0
 90
        1
  2
AcDbDs::TreatedAsObjectData
280
     1
291
     1
101
ACDSRECORD
 95
        0
 90
        2
  2
AcDbDs::Legacy
280
     1
291
     1
101
ACDSRECORD
  1
AcDbDs::ID
 90
        3
  2
AcDs:Indexable
280
     1
291
     1
101
ACDSRECORD
  1
AcDbDs::ID
 90
        4
  2
AcDbDs::HandleAttribute
280
     7
282
     1
  0
ACDSSCHEMA
 90
        1
  1
AcDbDs::TreatedAsObjectDataSchema
  2
AcDbDs::TreatedAsObjectData
280
     1
 91
        0
  0
ACDSSCHEMA
 90
        2
  1
AcDbDs::LegacySchema
  2
AcDbDs::Legacy
280
     1
 91
        0
  0
ACDSSCHEMA
 90
        3
  1
AcDbDs::IndexedPropertySchema
  2
AcDs:Indexable
280
     1
 91
        0
  0
ACDSSCHEMA
 90
        4
  1
AcDbDs::HandleAttributeSchema
  2
AcDbDs::HandleAttribute
280
     7
 91
        1
284
     1
  0
ACDSRECORD
 90
        0
  2
AcDbDs::ID
280
    10
320
22
  2
Thumbnail_Data
280
    15
 94
     1477
310
89504E470D0A1A0A0000000D4948445200000100000000700803000000C6F95E2100000300504C5445545454FFFFFF5454540000000000000000000000000000000000000000000000000000330000660000990000CC0000FF0033000033330033660033990033CC0033FF0066000066330066660066990066CC0066FF0099
310
000099330099660099990099CC0099FF00CC0000CC3300CC6600CC9900CCCC00CCFF00FF0000FF3300FF6600FF9900FFCC00FFFF3300003300333300663300993300CC3300FF3333003333333333663333993333CC3333FF3366003366333366663366993366CC3366FF3399003399333399663399993399CC3399FF33CC00
310
33CC3333CC6633CC9933CCCC33CCFF33FF0033FF3333FF6633FF9933FFCC33FFFF6600006600336600666600996600CC6600FF6633006633336633666633996633CC6633FF6666006666336666666666996666CC6666FF6699006699336699666699996699CC6699FF66CC0066CC3366CC6666CC9966CCCC66CCFF66FF0066
310
FF3366FF6666FF9966FFCC66FFFF9900009900339900669900999900CC9900FF9933009933339933669933999933CC9933FF9966009966339966669966999966CC9966FF9999009999339999669999999999CC9999FF99CC0099CC3399CC6699CC9999CCCC99CCFF99FF0099FF3399FF6699FF9999FFCC99FFFFCC0000CC00
310
33CC0066CC0099CC00CCCC00FFCC3300CC3333CC3366CC3399CC33CCCC33FFCC6600CC6633CC6666CC6699CC66CCCC66FFCC9900CC9933CC9966CC9999CC99CCCC99FFCCCC00CCCC33CCCC66CCCC99CCCCCCCCCCFFCCFF00CCFF33CCFF66CCFF99CCFFCCCCFFFFFF0000FF0033FF0066FF0099FF00CCFF00FFFF3300FF3333
310
FF3366FF3399FF33CCFF33FFFF6600FF6633FF6666FF6699FF66CCFF66FFFF9900FF9933FF9966FF9999FF99CCFF99FFFFCC00FFCC33FFCC66FFCC99FFCCCCFFCCFFFFFF00FFFF33FFFF66FFFF99FFFFCCFFFFFF0000000D0D0D1A1A1A2828283535354343435050505D5D5D6B6B6B787878868686939393A1A1A1AEAEAEBB
310
BBBBC9C9C9D6D6D6E4E4E4F1F1F1FFFFFF0000000000000000000000000000000000000000000000000000000000008ED6AB7E0000012C4944415478DAEDDB4192C2300C0551DDFF5AFF4CDA539613A00AB3A7E87E9B99ADB0254B4E5225499224499224499224499224E947A43F05143F2BDA73F83963849F730E2C9CF0B1
310
9B7FE186DFFB000835FE55FA88E1BF0A5C1AB8FBDF961CBAFA35A7FBD43EDCF267B73C9433FE5CF58B7AE84DC673CFFC67F8E0968F3CF44DE90F38FCABF683079E6AF2C01374ED2FF0B4BF1B3F6EED9F4937D4C66F7AFD70777F26F7B1973D61DF75ED93AFC9AB1F873E74F8DE7860C347CFBCF0677CB5C207277FD1EFFBD0
310
C99FFB19A7233FB6EF25373EF4CE073DF584FD7A4BA6F363D73EF8EE4787DFEC77DB1A7CDB7B257FA39FF4ADA907BBFCF00BBF76E66FFACC8F7EC7877CE177E70022D3BF7CB70359FEFB43ADFDE7F9FFB509C8FC01FC0130ED0EF5FB454992244992F41F1EE7D6CD2871FEDEC00000000049454E44AE4260826F7664E65B6F
310
D609DF2079A88E3958A8D7436BFDDEE65B2FC33DE61D4E865F79CCE16F371F8B5D4DE6AB3107E1C46710BC58139F25F50DBD1E2EFC51B9638F045C894F44EE201E7308DDFD38E3A3257829F47A3272B752E273EAF5304EB809F77AD6C62F31E670A579F4791F0805AF8CF7933DD399A73E26B9DB2D29772BAADD03F529F67A
310
CE190053DE47D5BECA397FAE00E23AA85CAF87CFFB3DF9541FB8A8FFE071040511B257D9AC2D1EC4D47FC3945D68BCF55C139275FA42C6DFF77BD57A3D536C6483EF71E8D95CE9EB633FDEC8DD5272FF1BC54F0B3F75D19F2D76B91E6C0A1E006FB3ABAC3F6AFC84554F3AF2933DD8143E80D777AE665750E828EA33C2B7F7
310
DE380047519FAE052866FDAC9DDE1B2CE0BAD023AFFF207701E1925F33EF9BA84F19BC415BF02AC9C30ABE32FE92BB0B7EE12FF895F8D5AA25B67E006105DC4F218171210000000049454E44AE426082
  0
ENDSEC
  0
EOF
